{"type": "FeatureCollection", "features": [{"type": "Feature", "geometry": {"type": "Polygon", "coordinates": [[[105.826607, 21.037284], [105.827461, 21.03968], [105.82863, 21.039578], [105.830578, 21.041503], [105.831875, 21.041866], [105.835044, 21.041894], [105.835119, 21.042687], [105.836083, 21.042687], [105.835957, 21.043078], [105.8366, 21.044326], [105.83681, 21.046858], [105.837788, 21.047207], [105.839082, 21.049642], [105.840144, 21.050628], [105.843827, 21.046732], [105.84697, 21.044216], [105.850367, 21.040889], [105.846932, 21.039801], [105.845633, 21.039972], [105.845317, 21.039246], [105.844658, 21.039346], [105.844121, 21.035034], [105.844933, 21.034861], [105.844766, 21.034073], [105.843709, 21.034239], [105.84263, 21.029076], [105.841553, 21.028247], [105.841558, 21.028831], [105.829061, 21.032427], [105.826979, 21.032108], [105.827185, 21.034747], [105.827939, 21.03469], [105.828376, 21.03705], [105.826607, 21.037284]]]}, "properties": {"ma_xa": "00004", "phuong_moi": "Phường Ba Đình", "dien_tich_km2": 2.97, "so_tin_trong": 43, "ty_le_dong_thuan": 0.674}}, {"type": "Feature", "geometry": {"type": "Polygon", "coordinates": [[[105.805235, 21.047753], [105.808462, 21.047291], [105.810886, 21.046195], [105.813505, 21.043775], [105.815149, 21.042712], [105.82173, 21.041808], [105.827461, 21.03968], [105.826595, 21.037305], [105.828376, 21.03705], [105.827939, 21.03469], [105.827185, 21.034747], [105.826979, 21.032108], [105.817267, 21.030623], [105.81323, 21.031341], [105.814031, 21.033893], [105.810304, 21.03481], [105.808745, 21.035548], [105.80831, 21.036256], [105.806268, 21.036937], [105.806451, 21.038863], [105.806178, 21.040076], [105.806643, 21.04015], [105.806137, 21.041982], [105.805914, 21.045538], [105.805235, 21.047753]]]}, "properties": {"ma_xa": "00008", "phuong_moi": "Phường Ngọc Hà", "dien_tich_km2": 2.68, "so_tin_trong": 109, "ty_le_dong_thuan": 0.661}}, {"type": "Feature", "geometry": {"type": "Polygon", "coordinates": [[[105.808745, 21.035548], [105.814031, 21.033893], [105.81323, 21.031341], [105.815897, 21.030678], [105.818513, 21.030792], [105.828856, 21.032459], [105.830007, 21.032162], [105.829732, 21.031379], [105.825153, 21.028042], [105.819907, 21.02356], [105.814926, 21.016598], [105.808232, 21.019859], [105.811252, 21.025045], [105.809303, 21.027432], [105.804779, 21.028799], [105.80138, 21.030334], [105.803593, 21.032869], [105.806268, 21.036937], [105.80831, 21.036256], [105.808745, 21.035548]]]}, "properties": {"ma_xa": "00025", "phuong_moi": "Phường Giảng Võ", "dien_tich_km2": 2.6, "so_tin_trong": 79, "ty_le_dong_thuan": 0.962}}, {"type": "Feature", "geometry": {"type": "Polygon", "coordinates": [[[105.860129, 21.025056], [105.857059, 21.024378], [105.843238, 21.028412], [105.842494, 21.02922], [105.843709, 21.034239], [105.844766, 21.034073], [105.844933, 21.034861], [105.844121, 21.035034], [105.844658, 21.039346], [105.845317, 21.039246], [105.845633, 21.039972], [105.846932, 21.039801], [105.850367, 21.040889], [105.854357, 21.035859], [105.858392, 21.027757], [105.860129, 21.025056]]]}, "properties": {"ma_xa": "00070", "phuong_moi": "Phường Hoàn Kiếm", "dien_tich_km2": 1.91, "so_tin_trong": 101, "ty_le_dong_thuan": 0.327}}, {"type": "Feature", "geometry": {"type": "Polygon", "coordinates": [[[105.856977, 21.0244], [105.860129, 21.025056], [105.861567, 21.021293], [105.862046, 21.018575], [105.860907, 21.018445], [105.858755, 21.019067], [105.855022, 21.018396], [105.854096, 21.017931], [105.844346, 21.019748], [105.841439, 21.02065], [105.841553, 21.028247], [105.84263, 21.029076], [105.843304, 21.028371], [105.844323, 21.028036], [105.856977, 21.0244]]]}, "properties": {"ma_xa": "00082", "phuong_moi": "Phường Cửa Nam", "dien_tich_km2": 1.68, "so_tin_trong": 19, "ty_le_dong_thuan": 1.0}}, {"type": "Feature", "geometry": {"type": "Polygon", "coordinates": [[[105.820877, 21.093222], [105.817808, 21.086555], [105.811394, 21.076168], [105.809027, 21.070445], [105.798369, 21.074468], [105.798833, 21.075591], [105.79438, 21.077306], [105.793859, 21.076216], [105.788994, 21.078103], [105.787896, 21.079122], [105.788394, 21.080486], [105.788364, 21.082019], [105.785861, 21.089817], [105.786404, 21.097728], [105.79355, 21.097426], [105.803967, 21.095589], [105.816545, 21.094666], [105.820877, 21.093222]]]}, "properties": {"ma_xa": "00091", "phuong_moi": "Phường Phú Thượng", "dien_tich_km2": 7.21, "so_tin_trong": 113, "ty_le_dong_thuan": 0.929}}, {"type": "Feature", "geometry": {"type": "Polygon", "coordinates": [[[105.878062, 21.006284], [105.874229, 21.002414], [105.87298, 21.002771], [105.870727, 21.003837], [105.864781, 21.01004], [105.863298, 21.013368], [105.861614, 21.021129], [105.860496, 21.024314], [105.858392, 21.027757], [105.854233, 21.036049], [105.850367, 21.040889], [105.84697, 21.044216], [105.843827, 21.046732], [105.838118, 21.052727], [105.834963, 21.058249], [105.832661, 21.061153], [105.831595, 21.064071], [105.830458, 21.064693], [105.829136, 21.064886], [105.826371, 21.068287], [105.82598, 21.071929], [105.825497, 21.073054], [105.820593, 21.077456], [105.817422, 21.082312], [105.816613, 21.084566], [105.820877, 21.093222], [105.8248, 21.092025], [105.827019, 21.091014], [105.832736, 21.087036], [105.835217, 21.085805], [105.840993, 21.08116], [105.84226, 21.078282], [105.852775, 21.06659], [105.854326, 21.063619], [105.855115, 21.06277], [105.857881, 21.056985], [105.860998, 21.05268], [105.862395, 21.049074], [105.86243, 21.039604], [105.866262, 21.026343], [105.86652, 21.024148], [105.867768, 21.020028], [105.87039, 21.013804], [105.872334, 21.010577], [105.874632, 21.008278], [105.878062, 21.006284]]]}, "properties": {"ma_xa": "00097", "phuong_moi": "Phường Hồng Hà", "dien_tich_km2": 15.09, "so_tin_trong": 54, "ty_le_dong_thuan": 1.0}}, {"type": "Feature", "geometry": {"type": "Polygon", "coordinates": [[[105.83931, 21.049958], [105.837788, 21.047207], [105.83681, 21.046858], [105.8366, 21.044326], [105.835957, 21.043078], [105.836083, 21.042687], [105.835119, 21.042687], [105.835044, 21.041894], [105.830727, 21.041587], [105.8284, 21.039538], [105.82173, 21.041808], [105.815149, 21.042712], [105.813505, 21.043775], [105.810886, 21.046195], [105.808462, 21.047291], [105.805235, 21.047753], [105.80444, 21.051354], [105.804546, 21.062405], [105.808999, 21.070387], [105.811394, 21.076168], [105.816613, 21.084566], [105.817422, 21.082312], [105.820593, 21.077456], [105.825668, 21.072781], [105.826436, 21.068187], [105.829136, 21.064886], [105.830458, 21.064693], [105.831595, 21.064071], [105.832661, 21.061153], [105.834963, 21.058249], [105.837869, 21.053067], [105.840144, 21.050628], [105.83931, 21.049958]]]}, "properties": {"ma_xa": "00103", "phuong_moi": "Phường Tây Hồ", "dien_tich_km2": 10.72, "so_tin_trong": 230, "ty_le_dong_thuan": 0.765}}, {"type": "Feature", "geometry": {"type": "Polygon", "coordinates": [[[105.890555, 21.052064], [105.881322, 21.032982], [105.879754, 21.031208], [105.869, 21.021973], [105.867461, 21.021044], [105.86652, 21.024148], [105.866262, 21.026343], [105.86243, 21.039604], [105.862395, 21.049074], [105.860998, 21.05268], [105.857881, 21.056985], [105.855115, 21.06277], [105.854326, 21.063619], [105.852775, 21.06659], [105.84226, 21.078282], [105.840993, 21.08116], [105.842628, 21.081031], [105.845722, 21.079989], [105.856404, 21.072052], [105.860526, 21.068549], [105.864264, 21.06662], [105.866295, 21.06645], [105.868975, 21.067024], [105.872112, 21.068148], [105.878063, 21.071236], [105.880524, 21.067428], [105.88334, 21.059616], [105.884461, 21.058275], [105.888586, 21.054656], [105.890555, 21.052064]]]}, "properties": {"ma_xa": "00118", "phuong_moi": "Phường Bồ Đề", "dien_tich_km2": 12.94, "so_tin_trong": 261, "ty_le_dong_thuan": 0.862}}, {"type": "Feature", "geometry": {"type": "Polygon", "coordinates": [[[105.902725, 21.078603], [105.917874, 21.076098], [105.920782, 21.074758], [105.923283, 21.07315], [105.924349, 21.072228], [105.927754, 21.067718], [105.931397, 21.060544], [105.932284, 21.058172], [105.923161, 21.053012], [105.921598, 21.055295], [105.920213, 21.055328], [105.919383, 21.055846], [105.918749, 21.056829], [105.918571, 21.058012], [105.917785, 21.057824], [105.900853, 21.049369], [105.894653, 21.045757], [105.891896, 21.050187], [105.888586, 21.054656], [105.884461, 21.058275], [105.88334, 21.059616], [105.880524, 21.067428], [105.878063, 21.071236], [105.88548, 21.076285], [105.891624, 21.078733], [105.895374, 21.079589], [105.897717, 21.07979], [105.902725, 21.078603]]]}, "properties": {"ma_xa": "00127", "phuong_moi": "Phường Việt Hưng", "dien_tich_km2": 12.91, "so_tin_trong": 189, "ty_le_dong_thuan": 0.979}}, {"type": "Feature", "geometry": {"type": "Polygon", "coordinates": [[[105.932284, 21.058172], [105.935685, 21.046633], [105.938725, 21.041001], [105.933023, 21.033], [105.929119, 21.024735], [105.921937, 21.027695], [105.913305, 21.030266], [105.899515, 21.037041], [105.898598, 21.038116], [105.896979, 21.042102], [105.894653, 21.045757], [105.900853, 21.049369], [105.918151, 21.057941], [105.918571, 21.058012], [105.918749, 21.056829], [105.919383, 21.055846], [105.920213, 21.055328], [105.921598, 21.055295], [105.923161, 21.053012], [105.932284, 21.058172]]]}, "properties": {"ma_xa": "00136", "phuong_moi": "Phường Phúc Lợi", "dien_tich_km2": 10.41, "so_tin_trong": 118, "ty_le_dong_thuan": 1.0}}, {"type": "Feature", "geometry": {"type": "Polygon", "coordinates": [[[105.890555, 21.052064], [105.896979, 21.042102], [105.898598, 21.038116], [105.899515, 21.037041], [105.913305, 21.030266], [105.921937, 21.027695], [105.929119, 21.024736], [105.927204, 21.021649], [105.920997, 21.016398], [105.915452, 21.009077], [105.901842, 20.99374], [105.897996, 20.996641], [105.892287, 20.999711], [105.882955, 21.003684], [105.874632, 21.008278], [105.872334, 21.010577], [105.871426, 21.01195], [105.87039, 21.013804], [105.867461, 21.021044], [105.869, 21.021973], [105.879754, 21.031208], [105.881322, 21.032982], [105.890555, 21.052064]]]}, "properties": {"ma_xa": "00145", "phuong_moi": "Phường Long Biên", "dien_tich_km2": 19.04, "so_tin_trong": 201, "ty_le_dong_thuan": 0.94}}, {"type": "Feature", "geometry": {"type": "Polygon", "coordinates": [[[105.789942, 21.056597], [105.790113, 21.051896], [105.80443, 21.051816], [105.804685, 21.049603], [105.805988, 21.045048], [105.806137, 21.041982], [105.806643, 21.04015], [105.806178, 21.040076], [105.806358, 21.037479], [105.806099, 21.036541], [105.803593, 21.032869], [105.801292, 21.03027], [105.797379, 21.03385], [105.797783, 21.036509], [105.797686, 21.03903], [105.796117, 21.038809], [105.795716, 21.039198], [105.794721, 21.039202], [105.794755, 21.037663], [105.794253, 21.037455], [105.7905, 21.040245], [105.790476, 21.041635], [105.780959, 21.041853], [105.781852, 21.053661], [105.782362, 21.056245], [105.784401, 21.056604], [105.786023, 21.056326], [105.788298, 21.056752], [105.789942, 21.056597]]]}, "properties": {"ma_xa": "00160", "phuong_moi": "Phường Nghĩa Đô", "dien_tich_km2": 4.34, "so_tin_trong": 239, "ty_le_dong_thuan": 0.937}}, {"type": "Feature", "geometry": {"type": "Polygon", "coordinates": [[[105.780959, 21.041853], [105.790476, 21.041635], [105.7905, 21.040245], [105.794253, 21.037455], [105.794755, 21.037663], [105.794721, 21.039202], [105.795716, 21.039198], [105.796117, 21.038809], [105.797686, 21.03903], [105.797783, 21.036509], [105.797379, 21.03385], [105.801292, 21.03027], [105.7983, 21.026789], [105.797652, 21.025038], [105.79402, 21.026166], [105.782199, 21.017657], [105.779444, 21.021296], [105.778652, 21.024081], [105.780593, 21.036603], [105.780959, 21.041853]]]}, "properties": {"ma_xa": "00166", "phuong_moi": "Phường Cầu Giấy", "dien_tich_km2": 3.74, "so_tin_trong": 305, "ty_le_dong_thuan": 0.882}}, {"type": "Feature", "geometry": {"type": "Polygon", "coordinates": [[[105.809332, 21.008636], [105.800296, 21.002232], [105.797652, 21.005483], [105.794093, 21.002969], [105.782199, 21.017657], [105.79402, 21.026166], [105.797652, 21.025038], [105.797804, 21.024057], [105.800215, 21.021874], [105.804157, 21.015734], [105.807811, 21.012539], [105.810785, 21.01055], [105.809332, 21.008636]]]}, "properties": {"ma_xa": "00175", "phuong_moi": "Phường Yên Hòa", "dien_tich_km2": 4.1, "so_tin_trong": 245, "ty_le_dong_thuan": 0.918}}, {"type": "Feature", "geometry": {"type": "Polygon", "coordinates": [[[105.836038, 21.030422], [105.834206, 21.027768], [105.829761, 21.018248], [105.825668, 21.020827], [105.823482, 21.01665], [105.821189, 21.016326], [105.818893, 21.013935], [105.814991, 21.016691], [105.819907, 21.02356], [105.825153, 21.028042], [105.829732, 21.031379], [105.830007, 21.032162], [105.836038, 21.030422]]]}, "properties": {"ma_xa": "00190", "phuong_moi": "Phường Ô Chợ Dừa", "dien_tich_km2": 1.83, "so_tin_trong": 163, "ty_le_dong_thuan": 0.693}}, {"type": "Feature", "geometry": {"type": "Polygon", "coordinates": [[[105.80138, 21.030334], [105.804779, 21.028799], [105.809023, 21.02762], [105.811252, 21.025045], [105.808232, 21.019859], [105.814926, 21.016598], [105.810785, 21.01055], [105.807811, 21.012539], [105.804157, 21.015734], [105.800215, 21.021874], [105.797804, 21.024057], [105.797659, 21.025103], [105.7983, 21.026789], [105.80138, 21.030334]]]}, "properties": {"ma_xa": "00199", "phuong_moi": "Phường Láng", "dien_tich_km2": 1.88, "so_tin_trong": 98, "ty_le_dong_thuan": 0.786}}, {"type": "Feature", "geometry": {"type": "Polygon", "coordinates": [[[105.841558, 21.028831], [105.841381, 21.007713], [105.840277, 21.007994], [105.838807, 21.008998], [105.832753, 21.015695], [105.829761, 21.018248], [105.834206, 21.027768], [105.836038, 21.030422], [105.841558, 21.028831]]]}, "properties": {"ma_xa": "00226", "phuong_moi": "Phường Văn Miếu - Quốc Tử Giám", "dien_tich_km2": 1.92, "so_tin_trong": 137, "ty_le_dong_thuan": 1.0}}, {"type": "Feature", "geometry": {"type": "Polygon", "coordinates": [[[105.820207, 21.003116], [105.822175, 21.004816], [105.825076, 21.01056], [105.826911, 21.013473], [105.831046, 21.011315], [105.834137, 21.014245], [105.838807, 21.008998], [105.84004, 21.008103], [105.841381, 21.007713], [105.841259, 20.997767], [105.833611, 20.999412], [105.820207, 21.003116]]]}, "properties": {"ma_xa": "00229", "phuong_moi": "Phường Kim Liên", "dien_tich_km2": 2.46, "so_tin_trong": 88, "ty_le_dong_thuan": 0.898}}, {"type": "Feature", "geometry": {"type": "Polygon", "coordinates": [[[105.810785, 21.01055], [105.814991, 21.016691], [105.818893, 21.013935], [105.821189, 21.016326], [105.823482, 21.01665], [105.825668, 21.020827], [105.829251, 21.018744], [105.834137, 21.014245], [105.831046, 21.011315], [105.826911, 21.013473], [105.821924, 21.004451], [105.818108, 21.001589], [105.816479, 21.005447], [105.815101, 21.007472], [105.810785, 21.01055]]]}, "properties": {"ma_xa": "00235", "phuong_moi": "Phường Đống Đa", "dien_tich_km2": 2.07, "so_tin_trong": 138, "ty_le_dong_thuan": 0.667}}, {"type": "Feature", "geometry": {"type": "Polygon", "coordinates": [[[105.865858, 21.008795], [105.862625, 21.008719], [105.85605, 21.00918], [105.841381, 21.007713], [105.841439, 21.02065], [105.844346, 21.019748], [105.854096, 21.017931], [105.855022, 21.018396], [105.858755, 21.019067], [105.860907, 21.018445], [105.862046, 21.018575], [105.863846, 21.011737], [105.865858, 21.008795]]]}, "properties": {"ma_xa": "00256", "phuong_moi": "Phường Hai Bà Trưng", "dien_tich_km2": 2.65, "so_tin_trong": 70, "ty_le_dong_thuan": 0.886}}, {"type": "Feature", "geometry": {"type": "Polygon", "coordinates": [[[105.874229, 21.002414], [105.871956, 21.000264], [105.872567, 20.999826], [105.873699, 20.997652], [105.874061, 20.995301], [105.873726, 20.992777], [105.872251, 20.98968], [105.870156, 20.987397], [105.868914, 20.986643], [105.86691, 20.987915], [105.862713, 20.992128], [105.860736, 21.008925], [105.865858, 21.008795], [105.870727, 21.003837], [105.871839, 21.003169], [105.874229, 21.002414]]]}, "properties": {"ma_xa": "00283", "phuong_moi": "Phường Vĩnh Tuy", "dien_tich_km2": 2.33, "so_tin_trong": 172, "ty_le_dong_thuan": 0.977}}, {"type": "Feature", "geometry": {"type": "Polygon", "coordinates": [[[105.862231, 20.996301], [105.85892, 20.995295], [105.857024, 20.99519], [105.847215, 20.99632], [105.841259, 20.997767], [105.841381, 21.007713], [105.855956, 21.009174], [105.860803, 21.009028], [105.862231, 20.996301]]]}, "properties": {"ma_xa": "00292", "phuong_moi": "Phường Bạch Mai", "dien_tich_km2": 2.95, "so_tin_trong": 351, "ty_le_dong_thuan": 0.991}}, {"type": "Feature", "geometry": {"type": "Polygon", "coordinates": [[[105.883512, 20.980407], [105.870788, 20.985436], [105.868914, 20.986643], [105.870156, 20.987397], [105.872251, 20.98968], [105.873726, 20.992777], [105.874061, 20.995301], [105.873699, 20.997652], [105.872567, 20.999826], [105.871956, 21.000264], [105.874229, 21.002414], [105.876826, 21.00202], [105.87943, 21.000644], [105.881905, 21.001251], [105.883613, 21.000983], [105.88523, 21.000364], [105.887272, 20.998756], [105.892131, 20.996481], [105.892449, 20.995855], [105.892451, 20.993384], [105.892026, 20.992466], [105.893603, 20.989975], [105.894934, 20.986897], [105.894999, 20.986061], [105.889215, 20.979572], [105.883512, 20.980407]]]}, "properties": {"ma_xa": "00301", "phuong_moi": "Phường Vĩnh Hưng", "dien_tich_km2": 4.47, "so_tin_trong": 135, "ty_le_dong_thuan": 0.778}}, {"type": "Feature", "geometry": {"type": "Polygon", "coordinates": [[[105.831514, 20.983688], [105.84103, 20.983691], [105.840879, 20.972344], [105.841355, 20.970245], [105.84004, 20.970188], [105.838652, 20.971028], [105.8349, 20.970821], [105.82944, 20.969332], [105.826511, 20.967295], [105.824058, 20.968549], [105.824952, 20.970731], [105.821616, 20.971751], [105.821223, 20.970514], [105.820326, 20.969347], [105.818834, 20.967599], [105.817829, 20.966972], [105.806958, 20.973224], [105.808642, 20.9769], [105.806436, 20.979776], [105.806522, 20.980038], [105.810003, 20.982335], [105.812467, 20.978993], [105.81423, 20.98195], [105.815685, 20.983218], [105.818343, 20.980736], [105.818858, 20.981859], [105.819289, 20.984568], [105.823038, 20.986925], [105.824868, 20.988714], [105.828566, 20.984892], [105.830357, 20.983935], [105.831514, 20.983688]]]}, "properties": {"ma_xa": "00316", "phuong_moi": "Phường Định Công", "dien_tich_km2": 5.34, "so_tin_trong": 391, "ty_le_dong_thuan": 0.89}}, {"type": "Feature", "geometry": {"type": "Polygon", "coordinates": [[[105.845749, 20.996619], [105.857024, 20.99519], [105.85892, 20.995295], [105.862231, 20.996301], [105.862713, 20.992128], [105.866845, 20.987975], [105.870788, 20.985436], [105.875477, 20.983596], [105.84103, 20.983691], [105.841259, 20.997767], [105.845749, 20.996619]]]}, "properties": {"ma_xa": "00322", "phuong_moi": "Phường Tương Mai", "dien_tich_km2": 3.56, "so_tin_trong": 248, "ty_le_dong_thuan": 0.77}}, {"type": "Feature", "geometry": {"type": "Polygon", "coordinates": [[[105.897996, 20.996641], [105.904625, 20.991285], [105.906787, 20.987735], [105.907764, 20.985221], [105.907937, 20.982352], [105.906643, 20.976516], [105.902926, 20.967763], [105.897404, 20.960175], [105.892455, 20.954602], [105.886167, 20.945519], [105.879186, 20.95126], [105.871081, 20.956624], [105.872509, 20.958446], [105.87324, 20.960004], [105.874574, 20.961173], [105.87531, 20.964403], [105.876782, 20.964937], [105.876343, 20.966442], [105.878009, 20.968161], [105.881554, 20.972895], [105.886827, 20.976896], [105.894999, 20.986061], [105.894992, 20.986729], [105.893603, 20.989975], [105.892026, 20.992466], [105.892451, 20.993384], [105.892449, 20.995855], [105.891972, 20.996644], [105.887272, 20.998756], [105.88523, 21.000364], [105.883613, 21.000983], [105.881905, 21.001251], [105.87943, 21.000644], [105.876826, 21.00202], [105.874229, 21.002414], [105.878062, 21.006284], [105.882955, 21.003684], [105.892287, 20.999711], [105.897996, 20.996641]]]}, "properties": {"ma_xa": "00328", "phuong_moi": "Phường Lĩnh Nam", "dien_tich_km2": 10.86, "so_tin_trong": 37, "ty_le_dong_thuan": 0.973}}, {"type": "Feature", "geometry": {"type": "Polygon", "coordinates": [[[105.876343, 20.966442], [105.874426, 20.965224], [105.871956, 20.964416], [105.862599, 20.963936], [105.850924, 20.965708], [105.841979, 20.965732], [105.841895, 20.968073], [105.840886, 20.972154], [105.84103, 20.983691], [105.875477, 20.983596], [105.883512, 20.980407], [105.889215, 20.979572], [105.885972, 20.976061], [105.881554, 20.972895], [105.878009, 20.968161], [105.876343, 20.966442]]]}, "properties": {"ma_xa": "00331", "phuong_moi": "Phường Hoàng Mai", "dien_tich_km2": 9.04, "so_tin_trong": 202, "ty_le_dong_thuan": 0.52}}, {"type": "Feature", "geometry": {"type": "Polygon", "coordinates": [[[105.824058, 20.968549], [105.826511, 20.967295], [105.82944, 20.969332], [105.8349, 20.970821], [105.838652, 20.971028], [105.84004, 20.970188], [105.841355, 20.970245], [105.84194, 20.967647], [105.842066, 20.961257], [105.84415, 20.951194], [105.842867, 20.951114], [105.842319, 20.953294], [105.84158, 20.953961], [105.840607, 20.95426], [105.839429, 20.954036], [105.835944, 20.952372], [105.83247, 20.952269], [105.829483, 20.953729], [105.825526, 20.956503], [105.820174, 20.95745], [105.817575, 20.959654], [105.815719, 20.959887], [105.813936, 20.959465], [105.813197, 20.959841], [105.81339, 20.960601], [105.817447, 20.962769], [105.82171, 20.965884], [105.82363, 20.967698], [105.824058, 20.968549]]]}, "properties": {"ma_xa": "00337", "phuong_moi": "Phường Hoàng Liệt", "dien_tich_km2": 4.04, "so_tin_trong": 157, "ty_le_dong_thuan": 0.987}}, {"type": "Feature", "geometry": {"type": "Polygon", "coordinates": [[[105.872509, 20.958446], [105.869619, 20.954554], [105.867705, 20.953671], [105.86648, 20.951484], [105.866267, 20.950095], [105.86476, 20.94911], [105.863948, 20.945841], [105.864007, 20.943261], [105.859269, 20.944882], [105.85422, 20.94719], [105.852366, 20.946977], [105.849277, 20.947712], [105.848884, 20.947972], [105.84805, 20.949847], [105.847541, 20.952123], [105.84415, 20.951194], [105.842066, 20.961257], [105.841979, 20.965732], [105.850924, 20.965708], [105.862599, 20.963936], [105.871956, 20.964416], [105.874426, 20.965224], [105.876343, 20.966442], [105.876782, 20.964937], [105.87531, 20.964403], [105.874574, 20.961173], [105.87324, 20.960004], [105.872509, 20.958446]]]}, "properties": {"ma_xa": "00340", "phuong_moi": "Phường Yên Sở", "dien_tich_km2": 5.62, "so_tin_trong": 25, "ty_le_dong_thuan": 0.68}}, {"type": "Feature", "geometry": {"type": "Polygon", "coordinates": [[[105.84103, 20.983691], [105.830766, 20.983811], [105.828566, 20.984892], [105.825668, 20.987733], [105.821475, 20.992743], [105.822272, 20.994476], [105.821801, 20.996798], [105.821817, 20.999325], [105.822811, 21.002433], [105.833611, 20.999412], [105.841259, 20.997767], [105.84103, 20.983691]]]}, "properties": {"ma_xa": "00352", "phuong_moi": "Phường Phương Liệt", "dien_tich_km2": 3.2, "so_tin_trong": 95, "ty_le_dong_thuan": 0.947}}, {"type": "Feature", "geometry": {"type": "Polygon", "coordinates": [[[105.822811, 21.002433], [105.821817, 20.999325], [105.821801, 20.996798], [105.822272, 20.994476], [105.821462, 20.992798], [105.824868, 20.988714], [105.823038, 20.986925], [105.819289, 20.984568], [105.818858, 20.981859], [105.818343, 20.980736], [105.815685, 20.983218], [105.81423, 20.98195], [105.812467, 20.978993], [105.803225, 20.991481], [105.820207, 21.003116], [105.822811, 21.002433]]]}, "properties": {"ma_xa": "00364", "phuong_moi": "Phường Khương Đình", "dien_tich_km2": 3.1, "so_tin_trong": 298, "ty_le_dong_thuan": 0.93}}, {"type": "Feature", "geometry": {"type": "Polygon", "coordinates": [[[105.816479, 21.005447], [105.818108, 21.001589], [105.798736, 20.988306], [105.795363, 20.991799], [105.79021, 20.994787], [105.796929, 20.999448], [105.794093, 21.002969], [105.797652, 21.005483], [105.800296, 21.002232], [105.808881, 21.008276], [105.810785, 21.01055], [105.814951, 21.007642], [105.816479, 21.005447]]]}, "properties": {"ma_xa": "00367", "phuong_moi": "Phường Thanh Xuân", "dien_tich_km2": 3.24, "so_tin_trong": 354, "ty_le_dong_thuan": 0.816}}, {"type": "Feature", "geometry": {"type": "Polygon", "coordinates": [[[105.834797, 21.300678], [105.83729, 21.299576], [105.837914, 21.298878], [105.839033, 21.298923], [105.83961, 21.298619], [105.840218, 21.296416], [105.841552, 21.294987], [105.842872, 21.295827], [105.843982, 21.295546], [105.845541, 21.296573], [105.845735, 21.295998], [105.84688, 21.29626], [105.847023, 21.29581], [105.851563, 21.297495], [105.851837, 21.296666], [105.853022, 21.296722], [105.853348, 21.296123], [105.853925, 21.296381], [105.855064, 21.295991], [105.855759, 21.295078], [105.856764, 21.294558], [105.856995, 21.294713], [105.857436, 21.294002], [105.856813, 21.293231], [105.856131, 21.2931], [105.855863, 21.292485], [105.856638, 21.291385], [105.856084, 21.289561], [105.857047, 21.289481], [105.857131, 21.289115], [105.85869, 21.288169], [105.859348, 21.288272], [105.85977, 21.287458], [105.86009, 21.287477], [105.86038, 21.288094], [105.862698, 21.287216], [105.86512, 21.287183], [105.866343, 21.292476], [105.867002, 21.292392], [105.867446, 21.29294], [105.867764, 21.292676], [105.868203, 21.293216], [105.87108, 21.294612], [105.871283, 21.293948], [105.872041, 21.294084], [105.871869, 21.294345], [105.872684, 21.295193], [105.873116, 21.29509], [105.872741, 21.294217], [105.873186, 21.293372], [105.873782, 21.293638], [105.874387, 21.293215], [105.875831, 21.293388], [105.876288, 21.292815], [105.876699, 21.293046], [105.877374, 21.292885], [105.878008, 21.293646], [105.879712, 21.294583], [105.88034, 21.293794], [105.882291, 21.293838], [105.883224, 21.293542], [105.883819, 21.292732], [105.884867, 21.292442], [105.885319, 21.290776], [105.886175, 21.290088], [105.886804, 21.288784], [105.886462, 21.28693], [105.886746, 21.28661], [105.886369, 21.285515], [105.886044, 21.285462], [105.88731, 21.280623], [105.886094, 21.281114], [105.885553, 21.280841], [105.884831, 21.27815], [105.884837, 21.276198], [105.88244, 21.276563], [105.881693, 21.27792], [105.881046, 21.278377], [105.88012, 21.278249], [105.879829, 21.277441], [105.880162, 21.27568], [105.881848, 21.27532], [105.880922, 21.271813], [105.882264, 21.270523], [105.882511, 21.269502], [105.8821, 21.269189], [105.88318, 21.268369], [105.883373, 21.267361], [105.883658, 21.267605], [105.883987, 21.267399], [105.883396, 21.266821], [105.883735, 21.265767], [105.883552, 21.265613], [105.884544, 21.263966], [105.884566, 21.26314], [105.88397, 21.262544], [105.8846, 21.261697], [105.884244, 21.260508], [105.884688, 21.259167], [105.883941, 21.257964], [105.885037, 21.256727], [105.885656, 21.254728], [105.884889, 21.253655], [105.885228, 21.252209], [105.88659, 21.248595], [105.887424, 21.248429], [105.887256, 21.246949], [105.887512, 21.246909], [105.885593, 21.245267], [105.884203, 21.245692], [105.883407, 21.244471], [105.882469, 21.244983], [105.881128, 21.244031], [105.880452, 21.241336], [105.874747, 21.242237], [105.87419, 21.242929], [105.873558, 21.243091], [105.872802, 21.239056], [105.871762, 21.239068], [105.87178, 21.238749], [105.871391, 21.238706], [105.8709, 21.239294], [105.87006, 21.238829], [105.870207, 21.238607], [105.86956, 21.23762], [105.869533, 21.236365], [105.866313, 21.23537], [105.866807, 21.234444], [105.863735, 21.233117], [105.86255, 21.23424], [105.862024, 21.234151], [105.862003, 21.233767], [105.861826, 21.228333], [105.86614, 21.225876], [105.866071, 21.225676], [105.871551, 21.224548], [105.871513, 21.222909], [105.878959, 21.219193], [105.883047, 21.21816], [105.883577, 21.219784], [105.88597, 21.218801], [105.885881, 21.217104], [105.884368, 21.214857], [105.88485, 21.213413], [105.883671, 21.212787], [105.883296, 21.213018], [105.882605, 21.212389], [105.882289, 21.211937], [105.882716, 21.211863], [105.882425, 21.211193], [105.88279, 21.210873], [105.881764, 21.211171], [105.880411, 21.210129], [105.880412, 21.209633], [105.880882, 21.209422], [105.880847, 21.207944], [105.882961, 21.207371], [105.882946, 21.20713], [105.881055, 21.207643], [105.880694, 21.204692], [105.879886, 21.204584], [105.879835, 21.203258], [105.877741, 21.202892], [105.875508, 21.201914], [105.874589, 21.20238], [105.872483, 21.206155], [105.871801, 21.206408], [105.871433, 21.20444], [105.871546, 21.202919], [105.872547, 21.201441], [105.872736, 21.200589], [105.872262, 21.198909], [105.871344, 21.198101], [105.868967, 21.197991], [105.86791, 21.198247], [105.867289, 21.198765], [105.867369, 21.200085], [105.867086, 21.200665], [105.866468, 21.200888], [105.865096, 21.200623], [105.862611, 21.199479], [105.860292, 21.196061], [105.858324, 21.194574], [105.85324, 21.192275], [105.851058, 21.190744], [105.847269, 21.189217], [105.845576, 21.188865], [105.844269, 21.189008], [105.840977, 21.190457], [105.839693, 21.190298], [105.838347, 21.189352], [105.837986, 21.189581], [105.836783, 21.191406], [105.835544, 21.191593], [105.835448, 21.192689], [105.834756, 21.192865], [105.833973, 21.198133], [105.824901, 21.198289], [105.82498, 21.201355], [105.822181, 21.201616], [105.822282, 21.203129], [105.821951, 21.203121], [105.822247, 21.205613], [105.822094, 21.207591], [105.816553, 21.209136], [105.818794, 21.213209], [105.824856, 21.211703], [105.826947, 21.213761], [105.827718, 21.215783], [105.822924, 21.219617], [105.819227, 21.221175], [105.811691, 21.223358], [105.812986, 21.227575], [105.807995, 21.229096], [105.807065, 21.231509], [105.805479, 21.234133], [105.814298, 21.238101], [105.814093, 21.238811], [105.81555, 21.239474], [105.814802, 21.240921], [105.8161, 21.241466], [105.815568, 21.245739], [105.81599, 21.245959], [105.816842, 21.247707], [105.818275, 21.2483], [105.819517, 21.248158], [105.819675, 21.248544], [105.819316, 21.248752], [105.819609, 21.249073], [105.819228, 21.249421], [105.820576, 21.249323], [105.820833, 21.249748], [105.822122, 21.248798], [105.82595, 21.251509], [105.826022, 21.252499], [105.825476, 21.25386], [105.82503, 21.254182], [105.825423, 21.255531], [105.825036, 21.255866], [105.825152, 21.256425], [105.823469, 21.257622], [105.822844, 21.259723], [105.822816, 21.261497], [105.819861, 21.264291], [105.819623, 21.265419], [105.819778, 21.267752], [105.821076, 21.270078], [105.821936, 21.270591], [105.824573, 21.271166], [105.822889, 21.272264], [105.822503, 21.272878], [105.822365, 21.276508], [105.821698, 21.277503], [105.822183, 21.278692], [105.822022, 21.280997], [105.823225, 21.28396], [105.822812, 21.286336], [105.822213, 21.286851], [105.821941, 21.287804], [105.824011, 21.289634], [105.824093, 21.292573], [105.824568, 21.29395], [105.824292, 21.298682], [105.830259, 21.300492], [105.83317, 21.301962], [105.834111, 21.301736], [105.834797, 21.300678]]]}, "properties": {"ma_xa": "00376", "phuong_moi": "Xã Sóc Sơn", "dien_tich_km2": 68.24, "so_tin_trong": 4, "ty_le_dong_thuan": 1.0}}, {"type": "Feature", "geometry": {"type": "Polygon", "coordinates": [[[105.787099, 21.352713], [105.788522, 21.35217], [105.788811, 21.351668], [105.788637, 21.350942], [105.789507, 21.350691], [105.78943, 21.350107], [105.789947, 21.348834], [105.792843, 21.34674], [105.793149, 21.346078], [105.796716, 21.344952], [105.797754, 21.343923], [105.797749, 21.341576], [105.797146, 21.337761], [105.79722, 21.336766], [105.797733, 21.335901], [105.797042, 21.334982], [105.797938, 21.333237], [105.796945, 21.332565], [105.796719, 21.331993], [105.797874, 21.331349], [105.797897, 21.330904], [105.799564, 21.328695], [105.798633, 21.328235], [105.798367, 21.327603], [105.797489, 21.327072], [105.797888, 21.326307], [105.79692, 21.324168], [105.797763, 21.323497], [105.795754, 21.323185], [105.794298, 21.322216], [105.793946, 21.317931], [105.788669, 21.314022], [105.788979, 21.312916], [105.788707, 21.310723], [105.78896, 21.310384], [105.788408, 21.309772], [105.788792, 21.303315], [105.791861, 21.301979], [105.793097, 21.30064], [105.793768, 21.299107], [105.793828, 21.297624], [105.79419, 21.297234], [105.793899, 21.296637], [105.794061, 21.295138], [105.794541, 21.293991], [105.795358, 21.293127], [105.795306, 21.292578], [105.79639, 21.292043], [105.797361, 21.289572], [105.797873, 21.28919], [105.797972, 21.288308], [105.79976, 21.286396], [105.801187, 21.285382], [105.80319, 21.285751], [105.802897, 21.280705], [105.803346, 21.279632], [105.801796, 21.278889], [105.800991, 21.277185], [105.799863, 21.276741], [105.799138, 21.275366], [105.79938, 21.274373], [105.797325, 21.27353], [105.798174, 21.272193], [105.796026, 21.269417], [105.796875, 21.269042], [105.795698, 21.265621], [105.79361, 21.266355], [105.789083, 21.260575], [105.785337, 21.262255], [105.78377, 21.26061], [105.782274, 21.262007], [105.781643, 21.26167], [105.780323, 21.262156], [105.780023, 21.260865], [105.781, 21.2598], [105.777673, 21.259063], [105.777691, 21.256853], [105.777359, 21.25706], [105.773913, 21.253957], [105.774332, 21.253142], [105.771836, 21.25118], [105.770933, 21.249767], [105.772387, 21.248964], [105.771143, 21.247717], [105.770009, 21.248033], [105.769574, 21.247338], [105.770042, 21.246451], [105.769263, 21.245589], [105.769758, 21.244997], [105.770061, 21.242484], [105.769784, 21.242466], [105.769837, 21.241551], [105.765703, 21.240631], [105.764738, 21.237988], [105.764347, 21.238132], [105.764411, 21.238369], [105.763812, 21.238259], [105.763883, 21.238537], [105.763559, 21.238632], [105.763025, 21.238283], [105.762121, 21.239589], [105.762261, 21.239981], [105.761704, 21.239718], [105.761206, 21.240144], [105.758833, 21.239689], [105.759388, 21.238795], [105.756443, 21.238087], [105.755679, 21.237479], [105.75493, 21.238548], [105.753347, 21.23733], [105.753098, 21.236657], [105.750457, 21.237426], [105.749188, 21.23871], [105.747985, 21.239215], [105.746367, 21.237292], [105.746026, 21.23765], [105.745629, 21.237324], [105.744733, 21.23835], [105.744335, 21.239499], [105.742829, 21.239994], [105.742177, 21.239429], [105.742733, 21.238984], [105.742233, 21.238432], [105.740677, 21.239592], [105.740065, 21.239005], [105.740472, 21.238763], [105.738701, 21.23674], [105.738408, 21.236914], [105.737556, 21.236592], [105.736031, 21.240315], [105.734261, 21.241812], [105.732282, 21.241955], [105.728773, 21.240721], [105.726105, 21.241537], [105.725212, 21.242141], [105.724986, 21.242687], [105.726635, 21.243225], [105.728525, 21.246147], [105.729197, 21.248762], [105.728811, 21.249396], [105.726372, 21.25], [105.726431, 21.250487], [105.726006, 21.250507], [105.725882, 21.250906], [105.723505, 21.251772], [105.724175, 21.252932], [105.724784, 21.25728], [105.723786, 21.262822], [105.724522, 21.266084], [105.725567, 21.266565], [105.727483, 21.268294], [105.728658, 21.268312], [105.729314, 21.269403], [105.727335, 21.270949], [105.72573, 21.271197], [105.725187, 21.272254], [105.725474, 21.273118], [105.726452, 21.27355], [105.72735, 21.272958], [105.727953, 21.273041], [105.728987, 21.274288], [105.728771, 21.275601], [105.728984, 21.275933], [105.732202, 21.274966], [105.732696, 21.275181], [105.732687, 21.276317], [105.73342, 21.277757], [105.733411, 21.279455], [105.733905, 21.279635], [105.73569, 21.279334], [105.735957, 21.279545], [105.735987, 21.28077], [105.735098, 21.284331], [105.736874, 21.28574], [105.736226, 21.286735], [105.738158, 21.288125], [105.739143, 21.287846], [105.738632, 21.287147], [105.739409, 21.286666], [105.739883, 21.286962], [105.739635, 21.287867], [105.741957, 21.287329], [105.742564, 21.288252], [105.742545, 21.289079], [105.740879, 21.28986], [105.740801, 21.290472], [105.741652, 21.290955], [105.742811, 21.290348], [105.74299, 21.290894], [105.742539, 21.291817], [105.74306, 21.292891], [105.743684, 21.292792], [105.744938, 21.291907], [105.74568, 21.294028], [105.746309, 21.294449], [105.74762, 21.294337], [105.749489, 21.29603], [105.752117, 21.295087], [105.752923, 21.295072], [105.753404, 21.295456], [105.752818, 21.297346], [105.754213, 21.297953], [105.755412, 21.299973], [105.756307, 21.299943], [105.757037, 21.30059], [105.756464, 21.301647], [105.759344, 21.303292], [105.758438, 21.304195], [105.760776, 21.306674], [105.760233, 21.308351], [105.762643, 21.31399], [105.765871, 21.317386], [105.767794, 21.3183], [105.770475, 21.323943], [105.77196, 21.32546], [105.772597, 21.329512], [105.773513, 21.331614], [105.776243, 21.335761], [105.776148, 21.337053], [105.777826, 21.338284], [105.780171, 21.339364], [105.783101, 21.342895], [105.785317, 21.34289], [105.78525, 21.348066], [105.783017, 21.353867], [105.785928, 21.354734], [105.786338, 21.353733], [105.787074, 21.353198], [105.787099, 21.352713]]]}, "properties": {"ma_xa": "00382", "phuong_moi": "Xã Kim Anh", "dien_tich_km2": 52.8, "so_tin_trong": 3, "ty_le_dong_thuan": 1.0}}, {"type": "Feature", "geometry": {"type": "Polygon", "coordinates": [[[105.801576, 21.384744], [105.803108, 21.384751], [105.80399, 21.384442], [105.80364, 21.383941], [105.804863, 21.382373], [105.805641, 21.382882], [105.806539, 21.382712], [105.807485, 21.382968], [105.810302, 21.381837], [105.811556, 21.381887], [105.812751, 21.380603], [105.8134, 21.380991], [105.813305, 21.382212], [105.813663, 21.382854], [105.8148, 21.383151], [105.816117, 21.382764], [105.81648, 21.383049], [105.816638, 21.381941], [105.818318, 21.381131], [105.818413, 21.380643], [105.819107, 21.380046], [105.821064, 21.379409], [105.821382, 21.377943], [105.823464, 21.378239], [105.825326, 21.376782], [105.828948, 21.376085], [105.829791, 21.375211], [105.83033, 21.375704], [105.830736, 21.375197], [105.830398, 21.374628], [105.830966, 21.374589], [105.831273, 21.37415], [105.831769, 21.37426], [105.831527, 21.373785], [105.831765, 21.373353], [105.833089, 21.373488], [105.833733, 21.372969], [105.833955, 21.372956], [105.833998, 21.373719], [105.835084, 21.3734], [105.836027, 21.374268], [105.836205, 21.375347], [105.837106, 21.376091], [105.837262, 21.376609], [105.838554, 21.376484], [105.839571, 21.37743], [105.8405, 21.377171], [105.841685, 21.377571], [105.843078, 21.377447], [105.844614, 21.376979], [105.844878, 21.377258], [105.846887, 21.37742], [105.848647, 21.374775], [105.849276, 21.374344], [105.855685, 21.376038], [105.85645, 21.376005], [105.858258, 21.374827], [105.85849, 21.374019], [105.857894, 21.371539], [105.858129, 21.368627], [105.857178, 21.367686], [105.856197, 21.36786], [105.855613, 21.367629], [105.854944, 21.366586], [105.85469, 21.364621], [105.853443, 21.362509], [105.853696, 21.359419], [105.852221, 21.358355], [105.851763, 21.357639], [105.851676, 21.35677], [105.852023, 21.355276], [105.854122, 21.353729], [105.854655, 21.352452], [105.852628, 21.350876], [105.852263, 21.349941], [105.852455, 21.348987], [105.853432, 21.348163], [105.857033, 21.346979], [105.858776, 21.345647], [105.858713, 21.345332], [105.858124, 21.345247], [105.856522, 21.345964], [105.855643, 21.34402], [105.855789, 21.342648], [105.856786, 21.341674], [105.858032, 21.33873], [105.859588, 21.337938], [105.861574, 21.338299], [105.862948, 21.337804], [105.863206, 21.336402], [105.865708, 21.333557], [105.865934, 21.330723], [105.866622, 21.32846], [105.868363, 21.32699], [105.869533, 21.327683], [105.870571, 21.329464], [105.871394, 21.329661], [105.875565, 21.327885], [105.883898, 21.327473], [105.885993, 21.326597], [105.889325, 21.325767], [105.891284, 21.325738], [105.895702, 21.327355], [105.896934, 21.327505], [105.897813, 21.327022], [105.899419, 21.324177], [105.899455, 21.322594], [105.898644, 21.320146], [105.898718, 21.317691], [105.896015, 21.317574], [105.896054, 21.316889], [105.894347, 21.316403], [105.891208, 21.315529], [105.885481, 21.314599], [105.882435, 21.312713], [105.881681, 21.313188], [105.881377, 21.31218], [105.881494, 21.311171], [105.880695, 21.309865], [105.880719, 21.308588], [105.88019, 21.307881], [105.88056, 21.306455], [105.87938, 21.304894], [105.880606, 21.30436], [105.880394, 21.303773], [105.879438, 21.303006], [105.881533, 21.300533], [105.882072, 21.300679], [105.88252, 21.298961], [105.88226, 21.297257], [105.882948, 21.296002], [105.882505, 21.295055], [105.881019, 21.293793], [105.88034, 21.293794], [105.879712, 21.294583], [105.878008, 21.293646], [105.877374, 21.292885], [105.876699, 21.293046], [105.876288, 21.292815], [105.875831, 21.293388], [105.874387, 21.293215], [105.873782, 21.293638], [105.873186, 21.293372], [105.872741, 21.294217], [105.873116, 21.29509], [105.872684, 21.295193], [105.871869, 21.294345], [105.872041, 21.294084], [105.871283, 21.293948], [105.87108, 21.294612], [105.868203, 21.293216], [105.867764, 21.292676], [105.867446, 21.29294], [105.867002, 21.292392], [105.866343, 21.292476], [105.86512, 21.287183], [105.862698, 21.287216], [105.86038, 21.288094], [105.86009, 21.287477], [105.85977, 21.287458], [105.859348, 21.288272], [105.85869, 21.288169], [105.857131, 21.289115], [105.857047, 21.289481], [105.856084, 21.289561], [105.856638, 21.291385], [105.855863, 21.292485], [105.856131, 21.2931], [105.856813, 21.293231], [105.857436, 21.294002], [105.856995, 21.294713], [105.856764, 21.294558], [105.855759, 21.295078], [105.855064, 21.295991], [105.853925, 21.296381], [105.853348, 21.296123], [105.853022, 21.296722], [105.851837, 21.296666], [105.851563, 21.297495], [105.847023, 21.29581], [105.84688, 21.29626], [105.845735, 21.295998], [105.845541, 21.296573], [105.843982, 21.295546], [105.842872, 21.295827], [105.842073, 21.295156], [105.841338, 21.295041], [105.840218, 21.296416], [105.83961, 21.298619], [105.839033, 21.298923], [105.837914, 21.298878], [105.83725, 21.299597], [105.836201, 21.299736], [105.834797, 21.300678], [105.834111, 21.301736], [105.83317, 21.301962], [105.830259, 21.300492], [105.824292, 21.298682], [105.824568, 21.29395], [105.824093, 21.292573], [105.824011, 21.289634], [105.821941, 21.287804], [105.819331, 21.287783], [105.818793, 21.28724], [105.818318, 21.284766], [105.816371, 21.284072], [105.816213, 21.282885], [105.814487, 21.282013], [105.81099, 21.279266], [105.810914, 21.278818], [105.80979, 21.277616], [105.808148, 21.282999], [105.807542, 21.283889], [105.807483, 21.284761], [105.80319, 21.285751], [105.800996, 21.285434], [105.797972, 21.288308], [105.797873, 21.28919], [105.797361, 21.289572], [105.79639, 21.292043], [105.795331, 21.29254], [105.795358, 21.293127], [105.794541, 21.293991], [105.794061, 21.295138], [105.793899, 21.296637], [105.79419, 21.297234], [105.793828, 21.297624], [105.793768, 21.299107], [105.793097, 21.30064], [105.791861, 21.301979], [105.788792, 21.303315], [105.788701, 21.307209], [105.78835, 21.308324], [105.788588, 21.30885], [105.788451, 21.310043], [105.78896, 21.310384], [105.788707, 21.310723], [105.788979, 21.312916], [105.788669, 21.314022], [105.793946, 21.317931], [105.794298, 21.322216], [105.795754, 21.323185], [105.797763, 21.323497], [105.79692, 21.324168], [105.797888, 21.326307], [105.797489, 21.327072], [105.798367, 21.327603], [105.798633, 21.328235], [105.799559, 21.328637], [105.799333, 21.329315], [105.797897, 21.330904], [105.797874, 21.331349], [105.796719, 21.331993], [105.796945, 21.332565], [105.797938, 21.333237], [105.797042, 21.334982], [105.797733, 21.335901], [105.79722, 21.336766], [105.797146, 21.337761], [105.797749, 21.341576], [105.797754, 21.343923], [105.796716, 21.344952], [105.793149, 21.346078], [105.792843, 21.34674], [105.789947, 21.348834], [105.78943, 21.350107], [105.789507, 21.350691], [105.788593, 21.350997], [105.78887, 21.351492], [105.788522, 21.35217], [105.78716, 21.352642], [105.787054, 21.353232], [105.786338, 21.353733], [105.785928, 21.354734], [105.785235, 21.354428], [105.786128, 21.35515], [105.786404, 21.35679], [105.786224, 21.357603], [105.784674, 21.35964], [105.78578, 21.361099], [105.785844, 21.362455], [105.786527, 21.364447], [105.786458, 21.365804], [105.786872, 21.366739], [105.785821, 21.370454], [105.786079, 21.371002], [105.786896, 21.370775], [105.787182, 21.372013], [105.787763, 21.371869], [105.789673, 21.373301], [105.788001, 21.375849], [105.789326, 21.375994], [105.790182, 21.377917], [105.791079, 21.378107], [105.79124, 21.378561], [105.79179, 21.378521], [105.792357, 21.378993], [105.792302, 21.379513], [105.793491, 21.379394], [105.794371, 21.37985], [105.794806, 21.379678], [105.795331, 21.380704], [105.795254, 21.381236], [105.796772, 21.381089], [105.796616, 21.381821], [105.797078, 21.381936], [105.796575, 21.382275], [105.796665, 21.382535], [105.79779, 21.38237], [105.798972, 21.381504], [105.799643, 21.383567], [105.800871, 21.38539], [105.801496, 21.385333], [105.801576, 21.384744]]]}, "properties": {"ma_xa": "00385", "phuong_moi": NaN, "dien_tich_km2": 77.52, "so_tin_trong": 0, "ty_le_dong_thuan": null}}, {"type": "Feature", "geometry": {"type": "Polygon", "coordinates": [[[105.898725, 21.317691], [105.897911, 21.312537], [105.896988, 21.309796], [105.897069, 21.308333], [105.898423, 21.306282], [105.901739, 21.303544], [105.903975, 21.30229], [105.905524, 21.301807], [105.90923, 21.301601], [105.911193, 21.302116], [105.915023, 21.305268], [105.916031, 21.305555], [105.917089, 21.305441], [105.917652, 21.305061], [105.917669, 21.303838], [105.915779, 21.296657], [105.916141, 21.295513], [105.916956, 21.29474], [105.919137, 21.294059], [105.923693, 21.293917], [105.925564, 21.294238], [105.928227, 21.295207], [105.929675, 21.295311], [105.930589, 21.295014], [105.931555, 21.293979], [105.931382, 21.292403], [105.930754, 21.291588], [105.926394, 21.29012], [105.924297, 21.288823], [105.923201, 21.287535], [105.922563, 21.284433], [105.922321, 21.280955], [105.922444, 21.272418], [105.923229, 21.269405], [105.923841, 21.268226], [105.929834, 21.260592], [105.934677, 21.251977], [105.936308, 21.249868], [105.937523, 21.249018], [105.938947, 21.246779], [105.939059, 21.246072], [105.938773, 21.244709], [105.93778, 21.24349], [105.936705, 21.244818], [105.935823, 21.245343], [105.933513, 21.245442], [105.933815, 21.242807], [105.933175, 21.24236], [105.932919, 21.241702], [105.932089, 21.241511], [105.931745, 21.241979], [105.930571, 21.242016], [105.930172, 21.241449], [105.929575, 21.241423], [105.929107, 21.240074], [105.928097, 21.240154], [105.927876, 21.239272], [105.926939, 21.238297], [105.921734, 21.235004], [105.920715, 21.234955], [105.920785, 21.232377], [105.91955, 21.23098], [105.918037, 21.231208], [105.91722, 21.230896], [105.915142, 21.232099], [105.913631, 21.232077], [105.912837, 21.230962], [105.9115, 21.231839], [105.909348, 21.232054], [105.909192, 21.231478], [105.907935, 21.231654], [105.906735, 21.232289], [105.905894, 21.231634], [105.906199, 21.231292], [105.905637, 21.230817], [105.905819, 21.230539], [105.905595, 21.230374], [105.906665, 21.229098], [105.905325, 21.227892], [105.905419, 21.227284], [105.904448, 21.227345], [105.90381, 21.22536], [105.90394, 21.223363], [105.904389, 21.222708], [105.905455, 21.222413], [105.906708, 21.222935], [105.90928, 21.224945], [105.909984, 21.22488], [105.910651, 21.22437], [105.911905, 21.221001], [105.913956, 21.219144], [105.915052, 21.217407], [105.915463, 21.214864], [105.915727, 21.208857], [105.91527, 21.208205], [105.912161, 21.208115], [105.910374, 21.207636], [105.909912, 21.207144], [105.909893, 21.206582], [105.910562, 21.20556], [105.91204, 21.20433], [105.913494, 21.203645], [105.913759, 21.203098], [105.91197, 21.201843], [105.912298, 21.201372], [105.909221, 21.199945], [105.907085, 21.196673], [105.906787, 21.194965], [105.906521, 21.194914], [105.907039, 21.192926], [105.906934, 21.189395], [105.905513, 21.183012], [105.904789, 21.182759], [105.902426, 21.182845], [105.900324, 21.181997], [105.900273, 21.180848], [105.901604, 21.178732], [105.901514, 21.178208], [105.896275, 21.177018], [105.895958, 21.177388], [105.896311, 21.178385], [105.897858, 21.180181], [105.898529, 21.18179], [105.898239, 21.183199], [105.896699, 21.184495], [105.892414, 21.18417], [105.891131, 21.184905], [105.890242, 21.18472], [105.889257, 21.185295], [105.88833, 21.186514], [105.888201, 21.187781], [105.887195, 21.190111], [105.885136, 21.189579], [105.882192, 21.187819], [105.880341, 21.187175], [105.877176, 21.186684], [105.876439, 21.187148], [105.876131, 21.187905], [105.876295, 21.188687], [105.876884, 21.189065], [105.87967, 21.188541], [105.882001, 21.189457], [105.883211, 21.191009], [105.884188, 21.19455], [105.885958, 21.198624], [105.887031, 21.199494], [105.890178, 21.200667], [105.891979, 21.202622], [105.891955, 21.203058], [105.891269, 21.203814], [105.886986, 21.205792], [105.885791, 21.205418], [105.884134, 21.203999], [105.883065, 21.203505], [105.879835, 21.203258], [105.879886, 21.204584], [105.880694, 21.204692], [105.881055, 21.207643], [105.882946, 21.20713], [105.882961, 21.207371], [105.880847, 21.207944], [105.880882, 21.209422], [105.880412, 21.209633], [105.880411, 21.210129], [105.881764, 21.211171], [105.88279, 21.210873], [105.882425, 21.211193], [105.882716, 21.211863], [105.882289, 21.211937], [105.882605, 21.212389], [105.883296, 21.213018], [105.883671, 21.212787], [105.88485, 21.213413], [105.884368, 21.214857], [105.885881, 21.217104], [105.88597, 21.218801], [105.883577, 21.219784], [105.883047, 21.21816], [105.878582, 21.219325], [105.871513, 21.222909], [105.871551, 21.224548], [105.866071, 21.225676], [105.86614, 21.225876], [105.861825, 21.228339], [105.862024, 21.234151], [105.86255, 21.23424], [105.863735, 21.233117], [105.866807, 21.234444], [105.866313, 21.23537], [105.869533, 21.236365], [105.86956, 21.23762], [105.870207, 21.238607], [105.87006, 21.238829], [105.8709, 21.239294], [105.871391, 21.238706], [105.87178, 21.238749], [105.871762, 21.239068], [105.872802, 21.239056], [105.873558, 21.243091], [105.87419, 21.242929], [105.874747, 21.242237], [105.880452, 21.241336], [105.881128, 21.244031], [105.882469, 21.244983], [105.883407, 21.244471], [105.884203, 21.245692], [105.885593, 21.245267], [105.887512, 21.246909], [105.887256, 21.246949], [105.887424, 21.248429], [105.88659, 21.248595], [105.885228, 21.252209], [105.884889, 21.253655], [105.885656, 21.254728], [105.885037, 21.256727], [105.883941, 21.257964], [105.884688, 21.259167], [105.884244, 21.260508], [105.8846, 21.261697], [105.88397, 21.262544], [105.884566, 21.26314], [105.884544, 21.263966], [105.883552, 21.265613], [105.883735, 21.265767], [105.883396, 21.266821], [105.883987, 21.267399], [105.883658, 21.267605], [105.883373, 21.267361], [105.88318, 21.268369], [105.8821, 21.269189], [105.882511, 21.269502], [105.882264, 21.270523], [105.880922, 21.271813], [105.881848, 21.27532], [105.880162, 21.27568], [105.879829, 21.277441], [105.88012, 21.278249], [105.881046, 21.278377], [105.881693, 21.27792], [105.88244, 21.276563], [105.884837, 21.276198], [105.884831, 21.27815], [105.885553, 21.280841], [105.886094, 21.281114], [105.88731, 21.280623], [105.886044, 21.285462], [105.886369, 21.285515], [105.886746, 21.28661], [105.886462, 21.28693], [105.886804, 21.288784], [105.886175, 21.290088], [105.885319, 21.290776], [105.884867, 21.292442], [105.883819, 21.292732], [105.883224, 21.293542], [105.881019, 21.293793], [105.882505, 21.295055], [105.882948, 21.296002], [105.88226, 21.297257], [105.88252, 21.298961], [105.882072, 21.300679], [105.881533, 21.300533], [105.879438, 21.303006], [105.880394, 21.303773], [105.880606, 21.30436], [105.87938, 21.304894], [105.88056, 21.306455], [105.88019, 21.307881], [105.880719, 21.308588], [105.880695, 21.309865], [105.881494, 21.311171], [105.881377, 21.31218], [105.881681, 21.313188], [105.882435, 21.312713], [105.885481, 21.314599], [105.891208, 21.315529], [105.894347, 21.316403], [105.896054, 21.316889], [105.896015, 21.317574], [105.898725, 21.317691]]]}, "properties": {"ma_xa": "00430", "phuong_moi": NaN, "dien_tich_km2": 55.32, "so_tin_trong": 0, "ty_le_dong_thuan": null}}, {"type": "Feature", "geometry": {"type": "Polygon", "coordinates": [[[105.819331, 21.287783], [105.821941, 21.287804], [105.823175, 21.28511], [105.823129, 21.283273], [105.822022, 21.280997], [105.822183, 21.278692], [105.821698, 21.277503], [105.822365, 21.276508], [105.822503, 21.272878], [105.822889, 21.272264], [105.824573, 21.271166], [105.821936, 21.270591], [105.821076, 21.270078], [105.819778, 21.267752], [105.819623, 21.265419], [105.819861, 21.264291], [105.822816, 21.261497], [105.822844, 21.259723], [105.823469, 21.257622], [105.825152, 21.256425], [105.825036, 21.255866], [105.825423, 21.255531], [105.82503, 21.254182], [105.825476, 21.25386], [105.826022, 21.252499], [105.82595, 21.251509], [105.822122, 21.248798], [105.820833, 21.249748], [105.820576, 21.249323], [105.819228, 21.249421], [105.819609, 21.249073], [105.819316, 21.248752], [105.819675, 21.248544], [105.819517, 21.248158], [105.818275, 21.2483], [105.816842, 21.247707], [105.81599, 21.245959], [105.815568, 21.245739], [105.8161, 21.241466], [105.814802, 21.240921], [105.81555, 21.239474], [105.814093, 21.238811], [105.814298, 21.238101], [105.805479, 21.234133], [105.807065, 21.231509], [105.807995, 21.229096], [105.812986, 21.227575], [105.811691, 21.223358], [105.819227, 21.221175], [105.822924, 21.219617], [105.827687, 21.215835], [105.826982, 21.213811], [105.825784, 21.212339], [105.824856, 21.211703], [105.818794, 21.213209], [105.816553, 21.209136], [105.822094, 21.207591], [105.822247, 21.205613], [105.821951, 21.203121], [105.822282, 21.203129], [105.822181, 21.201616], [105.82498, 21.201355], [105.824901, 21.198289], [105.833973, 21.198133], [105.834756, 21.192865], [105.835448, 21.192689], [105.835544, 21.191593], [105.836783, 21.191406], [105.837394, 21.190122], [105.838347, 21.189352], [105.836406, 21.187128], [105.834936, 21.18623], [105.831052, 21.188227], [105.82869, 21.188483], [105.823232, 21.187123], [105.82133, 21.18629], [105.818618, 21.184536], [105.816335, 21.184182], [105.813702, 21.184391], [105.812886, 21.18488], [105.81299, 21.185854], [105.815036, 21.18647], [105.815392, 21.187526], [105.814385, 21.189301], [105.812884, 21.190605], [105.811871, 21.191054], [105.809991, 21.191184], [105.808107, 21.190827], [105.805343, 21.18949], [105.803194, 21.187923], [105.801043, 21.187406], [105.799724, 21.187751], [105.797821, 21.1909], [105.795367, 21.192517], [105.793436, 21.19243], [105.790859, 21.190746], [105.79002, 21.190677], [105.788945, 21.195447], [105.787594, 21.197073], [105.784763, 21.198476], [105.778258, 21.199987], [105.771216, 21.205398], [105.769838, 21.208502], [105.769664, 21.211482], [105.76996, 21.212449], [105.76925, 21.213957], [105.768589, 21.214248], [105.76492, 21.213096], [105.763261, 21.213076], [105.762047, 21.213443], [105.760746, 21.214539], [105.759165, 21.217175], [105.759023, 21.221146], [105.758221, 21.22288], [105.757058, 21.222909], [105.755423, 21.221801], [105.753952, 21.221933], [105.753092, 21.223132], [105.752127, 21.226262], [105.750402, 21.227816], [105.745496, 21.229752], [105.742528, 21.231449], [105.737763, 21.231584], [105.733667, 21.233326], [105.73265, 21.234184], [105.732233, 21.234974], [105.732439, 21.23544], [105.733237, 21.235855], [105.73504, 21.235194], [105.736948, 21.235441], [105.737514, 21.235923], [105.737556, 21.236592], [105.738408, 21.236914], [105.738701, 21.23674], [105.740472, 21.238763], [105.740065, 21.239005], [105.740677, 21.239592], [105.742233, 21.238432], [105.742733, 21.238984], [105.742177, 21.239429], [105.742829, 21.239994], [105.744335, 21.239499], [105.744733, 21.23835], [105.745629, 21.237324], [105.746026, 21.23765], [105.746367, 21.237292], [105.747985, 21.239215], [105.749188, 21.23871], [105.750457, 21.237426], [105.753098, 21.236657], [105.753347, 21.23733], [105.75493, 21.238548], [105.755679, 21.237479], [105.756443, 21.238087], [105.759388, 21.238795], [105.758833, 21.239689], [105.761206, 21.240144], [105.761704, 21.239718], [105.762261, 21.239981], [105.762121, 21.239589], [105.763025, 21.238283], [105.763559, 21.238632], [105.763883, 21.238537], [105.763812, 21.238259], [105.764411, 21.238369], [105.764347, 21.238132], [105.764738, 21.237988], [105.765703, 21.240631], [105.769837, 21.241551], [105.769784, 21.242466], [105.770061, 21.242484], [105.769758, 21.244997], [105.769263, 21.245589], [105.770042, 21.246451], [105.769574, 21.247338], [105.770009, 21.248033], [105.771143, 21.247717], [105.772387, 21.248964], [105.770933, 21.249767], [105.771836, 21.25118], [105.774332, 21.253142], [105.773913, 21.253957], [105.777359, 21.25706], [105.777691, 21.256853], [105.777673, 21.259063], [105.781, 21.2598], [105.780023, 21.260865], [105.780323, 21.262156], [105.781643, 21.26167], [105.782274, 21.262007], [105.78377, 21.26061], [105.785337, 21.262255], [105.789083, 21.260575], [105.79361, 21.266355], [105.795698, 21.265621], [105.796875, 21.269042], [105.796026, 21.269417], [105.798174, 21.272193], [105.797325, 21.27353], [105.79938, 21.274373], [105.799138, 21.275366], [105.799863, 21.276741], [105.800991, 21.277185], [105.801796, 21.278889], [105.803346, 21.279632], [105.802897, 21.280705], [105.80319, 21.285751], [105.807483, 21.284761], [105.807542, 21.283889], [105.808148, 21.282999], [105.80979, 21.277616], [105.810914, 21.278818], [105.81099, 21.279266], [105.814487, 21.282013], [105.816213, 21.282885], [105.816371, 21.284072], [105.818318, 21.284766], [105.818793, 21.28724], [105.819331, 21.287783]]]}, "properties": {"ma_xa": "00433", "phuong_moi": NaN, "dien_tich_km2": 51.64, "so_tin_trong": 2, "ty_le_dong_thuan": 1.0}}, {"type": "Feature", "geometry": {"type": "Polygon", "coordinates": [[[105.840993, 21.08116], [105.846013, 21.086321], [105.846008, 21.086757], [105.847125, 21.087423], [105.847815, 21.089051], [105.848851, 21.092513], [105.848651, 21.095619], [105.848058, 21.097674], [105.846822, 21.100018], [105.84757, 21.100218], [105.846364, 21.102325], [105.845897, 21.104489], [105.850134, 21.107327], [105.839094, 21.120724], [105.837184, 21.122624], [105.834975, 21.123868], [105.83309, 21.124415], [105.827091, 21.124624], [105.827114, 21.130754], [105.831991, 21.130856], [105.839384, 21.132209], [105.84165, 21.132142], [105.843646, 21.133339], [105.846038, 21.148979], [105.846377, 21.153571], [105.854805, 21.150658], [105.862758, 21.148975], [105.895519, 21.135926], [105.8979, 21.134599], [105.901227, 21.131802], [105.915112, 21.118897], [105.910038, 21.117443], [105.907262, 21.115643], [105.905552, 21.114129], [105.905583, 21.11253], [105.903659, 21.110082], [105.901421, 21.105386], [105.9003, 21.106481], [105.899239, 21.100936], [105.897813, 21.101162], [105.896453, 21.098316], [105.89842, 21.096875], [105.901344, 21.093242], [105.901943, 21.09183], [105.904307, 21.089261], [105.904889, 21.089867], [105.905734, 21.089755], [105.90488, 21.088075], [105.905048, 21.085902], [105.904671, 21.082132], [105.903505, 21.079596], [105.902725, 21.078603], [105.897717, 21.07979], [105.894606, 21.07945], [105.890735, 21.078455], [105.88548, 21.076285], [105.876883, 21.070404], [105.872112, 21.068148], [105.868975, 21.067024], [105.865266, 21.066446], [105.863167, 21.067047], [105.860526, 21.068549], [105.856404, 21.072052], [105.845722, 21.079989], [105.842628, 21.081031], [105.840993, 21.08116]]]}, "properties": {"ma_xa": "00454", "phuong_moi": "Xã Đông Anh", "dien_tich_km2": 48.68, "so_tin_trong": 34, "ty_le_dong_thuan": 0.882}}, {"type": "Feature", "geometry": {"type": "Polygon", "coordinates": [[[105.855549, 21.189166], [105.853178, 21.18071], [105.856307, 21.179114], [105.856294, 21.177847], [105.852343, 21.177987], [105.847926, 21.163119], [105.846542, 21.163409], [105.84624, 21.160425], [105.846337, 21.151253], [105.843646, 21.133339], [105.84165, 21.132142], [105.839384, 21.132209], [105.831991, 21.130856], [105.827114, 21.130754], [105.827091, 21.124624], [105.807493, 21.124612], [105.807693, 21.127196], [105.808935, 21.128796], [105.808584, 21.129656], [105.808899, 21.130623], [105.807419, 21.13209], [105.806639, 21.133648], [105.804512, 21.134667], [105.804007, 21.135351], [105.804163, 21.137204], [105.80514, 21.139803], [105.806515, 21.141387], [105.806025, 21.145813], [105.804282, 21.149107], [105.803282, 21.149499], [105.802769, 21.152667], [105.800885, 21.153463], [105.799776, 21.154548], [105.798915, 21.154463], [105.797709, 21.153802], [105.795333, 21.151857], [105.793551, 21.14943], [105.792556, 21.149377], [105.786726, 21.151491], [105.783123, 21.152176], [105.778344, 21.150244], [105.775525, 21.148569], [105.773577, 21.147284], [105.772581, 21.145852], [105.771921, 21.147158], [105.770716, 21.14796], [105.771607, 21.149137], [105.772057, 21.149057], [105.770568, 21.164575], [105.770466, 21.166527], [105.770715, 21.166649], [105.770173, 21.169305], [105.771422, 21.169355], [105.770779, 21.172955], [105.771057, 21.175453], [105.771903, 21.17822], [105.773883, 21.177867], [105.774073, 21.178503], [105.775229, 21.178223], [105.775457, 21.179012], [105.780705, 21.177321], [105.78101, 21.178334], [105.783702, 21.177415], [105.783719, 21.178074], [105.784615, 21.177981], [105.784984, 21.179522], [105.787939, 21.178946], [105.788092, 21.180175], [105.790463, 21.180071], [105.790896, 21.181767], [105.789754, 21.182069], [105.790411, 21.184113], [105.78843, 21.185151], [105.788162, 21.185402], [105.788271, 21.186179], [105.787907, 21.186347], [105.789419, 21.188029], [105.79033, 21.190621], [105.792856, 21.192197], [105.79506, 21.192557], [105.796859, 21.191723], [105.798212, 21.190436], [105.799349, 21.188096], [105.800783, 21.187422], [105.803194, 21.187923], [105.805343, 21.18949], [105.808521, 21.190959], [105.810541, 21.19121], [105.812148, 21.190968], [105.814515, 21.189166], [105.815392, 21.187526], [105.815036, 21.18647], [105.81299, 21.185854], [105.812886, 21.18488], [105.813702, 21.184391], [105.816335, 21.184182], [105.818618, 21.184536], [105.82133, 21.18629], [105.823232, 21.187123], [105.82869, 21.188483], [105.831052, 21.188227], [105.834936, 21.18623], [105.836406, 21.187128], [105.838186, 21.189199], [105.839693, 21.190298], [105.841327, 21.190397], [105.844269, 21.189008], [105.84602, 21.188939], [105.851058, 21.190744], [105.85324, 21.192275], [105.85497, 21.192936], [105.855549, 21.189166]]]}, "properties": {"ma_xa": "00466", "phuong_moi": "Xã Phúc Thịnh", "dien_tich_km2": 42.63, "so_tin_trong": 24, "ty_le_dong_thuan": 1.0}}, {"type": "Feature", "geometry": {"type": "Polygon", "coordinates": [[[105.875354, 21.201917], [105.878644, 21.203131], [105.883065, 21.203505], [105.886718, 21.205785], [105.888367, 21.205346], [105.891759, 21.203366], [105.891914, 21.202427], [105.890721, 21.201057], [105.887031, 21.199494], [105.885958, 21.198624], [105.884188, 21.19455], [105.883211, 21.191009], [105.882001, 21.189457], [105.87967, 21.188541], [105.876884, 21.189065], [105.876295, 21.188687], [105.876131, 21.187905], [105.876439, 21.187148], [105.877176, 21.186684], [105.880341, 21.187175], [105.882192, 21.187819], [105.885136, 21.189579], [105.887195, 21.190111], [105.888201, 21.187781], [105.88833, 21.186514], [105.889257, 21.185295], [105.890242, 21.18472], [105.891131, 21.184905], [105.892414, 21.18417], [105.896699, 21.184495], [105.898239, 21.183199], [105.898529, 21.18179], [105.897858, 21.180181], [105.896311, 21.178385], [105.89597, 21.177526], [105.896162, 21.17704], [105.901514, 21.178208], [105.901604, 21.178732], [105.900273, 21.180848], [105.900324, 21.181997], [105.902426, 21.182845], [105.904789, 21.182759], [105.905513, 21.183012], [105.906725, 21.18794], [105.907059, 21.192472], [105.912334, 21.192356], [105.912264, 21.190256], [105.913876, 21.190142], [105.916113, 21.188835], [105.915338, 21.187276], [105.91788, 21.185517], [105.923594, 21.18276], [105.920215, 21.178337], [105.921652, 21.177024], [105.920825, 21.176068], [105.921137, 21.173766], [105.918092, 21.173567], [105.918132, 21.171592], [105.916866, 21.171585], [105.917011, 21.169693], [105.917864, 21.169117], [105.917299, 21.168778], [105.917218, 21.167724], [105.919227, 21.163284], [105.922188, 21.163519], [105.922532, 21.16318], [105.922267, 21.162226], [105.922882, 21.161648], [105.921053, 21.159642], [105.920325, 21.156558], [105.919536, 21.155431], [105.922077, 21.151855], [105.923376, 21.147284], [105.925587, 21.146996], [105.925172, 21.1451], [105.926707, 21.144519], [105.926212, 21.143525], [105.926597, 21.143495], [105.926609, 21.143087], [105.927294, 21.142464], [105.92522, 21.141591], [105.926299, 21.14051], [105.923833, 21.138185], [105.925376, 21.136316], [105.92516, 21.134517], [105.924547, 21.134146], [105.924585, 21.133326], [105.923582, 21.133123], [105.921909, 21.135297], [105.917868, 21.132049], [105.919266, 21.12992], [105.915568, 21.127089], [105.915086, 21.126382], [105.914272, 21.127205], [105.912984, 21.126213], [105.91477, 21.122876], [105.914922, 21.121955], [105.915502, 21.122061], [105.915608, 21.118954], [105.915112, 21.118897], [105.899104, 21.133636], [105.895519, 21.135926], [105.862758, 21.148975], [105.854805, 21.150658], [105.846377, 21.153571], [105.84624, 21.160425], [105.846542, 21.163409], [105.847926, 21.163119], [105.852343, 21.177987], [105.856294, 21.177847], [105.856307, 21.179114], [105.853178, 21.18071], [105.855466, 21.188591], [105.855514, 21.190687], [105.85497, 21.192936], [105.85981, 21.195596], [105.861581, 21.197696], [105.862222, 21.199127], [105.865096, 21.200623], [105.866468, 21.200888], [105.867086, 21.200665], [105.867369, 21.200085], [105.867289, 21.198765], [105.86791, 21.198247], [105.868967, 21.197991], [105.871344, 21.198101], [105.872262, 21.198909], [105.872736, 21.200589], [105.872547, 21.201441], [105.871546, 21.202919], [105.871433, 21.20444], [105.871801, 21.206408], [105.872483, 21.206155], [105.874185, 21.202914], [105.875354, 21.201917]]]}, "properties": {"ma_xa": "00475", "phuong_moi": "Xã Đông Anh", "dien_tich_km2": 43.84, "so_tin_trong": 14, "ty_le_dong_thuan": 0.857}}, {"type": "Feature", "geometry": {"type": "Polygon", "coordinates": [[[105.807493, 21.124612], [105.794657, 21.124652], [105.789873, 21.125631], [105.784428, 21.126062], [105.781271, 21.125453], [105.787086, 21.10801], [105.786404, 21.097728], [105.7623, 21.09902], [105.751124, 21.098691], [105.748866, 21.099474], [105.741432, 21.108044], [105.735437, 21.113339], [105.736079, 21.113752], [105.731857, 21.122104], [105.733924, 21.121705], [105.73596, 21.121921], [105.736104, 21.122578], [105.735333, 21.122945], [105.735466, 21.123986], [105.736298, 21.124515], [105.736486, 21.125362], [105.736924, 21.125194], [105.737227, 21.125741], [105.738647, 21.125187], [105.739133, 21.127137], [105.738866, 21.127837], [105.739051, 21.128181], [105.738733, 21.128484], [105.740083, 21.128895], [105.741066, 21.128824], [105.742042, 21.132882], [105.743178, 21.132615], [105.743675, 21.134722], [105.750106, 21.134239], [105.751753, 21.133764], [105.75317, 21.133968], [105.75971, 21.133762], [105.75956, 21.134782], [105.760049, 21.134894], [105.760472, 21.135795], [105.762046, 21.135905], [105.763693, 21.135471], [105.765333, 21.135859], [105.766672, 21.136688], [105.768271, 21.138389], [105.769225, 21.140141], [105.770968, 21.142324], [105.771159, 21.144153], [105.773577, 21.147284], [105.778344, 21.150244], [105.779212, 21.150405], [105.782203, 21.151969], [105.784086, 21.152172], [105.789656, 21.150592], [105.792556, 21.149377], [105.793551, 21.14943], [105.795333, 21.151857], [105.797709, 21.153802], [105.799479, 21.154575], [105.800072, 21.154382], [105.800885, 21.153463], [105.802769, 21.152667], [105.803282, 21.149499], [105.804282, 21.149107], [105.806025, 21.145813], [105.806515, 21.141387], [105.80514, 21.139803], [105.804163, 21.137204], [105.804007, 21.135351], [105.804512, 21.134667], [105.806639, 21.133648], [105.807419, 21.13209], [105.808899, 21.130623], [105.808584, 21.129656], [105.808935, 21.128796], [105.807693, 21.127196], [105.807493, 21.124612]]]}, "properties": {"ma_xa": "00493", "phuong_moi": "Xã Thiên Lộc", "dien_tich_km2": 27.96, "so_tin_trong": 13, "ty_le_dong_thuan": 1.0}}, {"type": "Feature", "geometry": {"type": "Polygon", "coordinates": [[[105.794657, 21.124652], [105.830806, 21.124599], [105.83309, 21.124415], [105.834975, 21.123868], [105.837184, 21.122624], [105.838517, 21.121391], [105.84949, 21.108191], [105.850134, 21.107327], [105.845897, 21.104489], [105.846364, 21.102325], [105.84757, 21.100218], [105.846822, 21.100018], [105.848058, 21.097674], [105.848651, 21.095619], [105.848851, 21.092513], [105.847815, 21.089051], [105.847125, 21.087423], [105.846008, 21.086757], [105.846013, 21.086321], [105.840993, 21.08116], [105.835217, 21.085805], [105.832736, 21.087036], [105.82666, 21.091227], [105.816545, 21.094666], [105.803967, 21.095589], [105.79355, 21.097426], [105.786404, 21.097728], [105.787086, 21.10801], [105.781271, 21.125453], [105.784428, 21.126062], [105.789873, 21.125631], [105.794657, 21.124652]]]}, "properties": {"ma_xa": "00508", "phuong_moi": NaN, "dien_tich_km2": 22.52, "so_tin_trong": 2, "ty_le_dong_thuan": 1.0}}, {"type": "Feature", "geometry": {"type": "Polygon", "coordinates": [[[105.923823, 21.120406], [105.923509, 21.120001], [105.92325, 21.120098], [105.921017, 21.11636], [105.923207, 21.115879], [105.925728, 21.114838], [105.924804, 21.113249], [105.927338, 21.111722], [105.927582, 21.112566], [105.92877, 21.112065], [105.930195, 21.111943], [105.931083, 21.110977], [105.931438, 21.110076], [105.931385, 21.109241], [105.930938, 21.108797], [105.933904, 21.106657], [105.934977, 21.104934], [105.934047, 21.104069], [105.934732, 21.103483], [105.934258, 21.103005], [105.935223, 21.101893], [105.936418, 21.101664], [105.935304, 21.098697], [105.934798, 21.098361], [105.934952, 21.097964], [105.934546, 21.096609], [105.935877, 21.095212], [105.936598, 21.093147], [105.9382, 21.093799], [105.940373, 21.089917], [105.939723, 21.089511], [105.940156, 21.088937], [105.939638, 21.088585], [105.940056, 21.088239], [105.939674, 21.087878], [105.940526, 21.086815], [105.939874, 21.085291], [105.940291, 21.083337], [105.944723, 21.08533], [105.945654, 21.08502], [105.947243, 21.085726], [105.954272, 21.089625], [105.958025, 21.091273], [105.959959, 21.088415], [105.962073, 21.0779], [105.963633, 21.077569], [105.966209, 21.075771], [105.96736, 21.074533], [105.968863, 21.073699], [105.968263, 21.072122], [105.977095, 21.070244], [105.986924, 21.069922], [105.993703, 21.068929], [105.999637, 21.074557], [105.999426, 21.073764], [106.000319, 21.072237], [106.001408, 21.068874], [106.002271, 21.069242], [106.002586, 21.068713], [105.999434, 21.067156], [105.998201, 21.066133], [105.995877, 21.063292], [105.994856, 21.060068], [105.994505, 21.052262], [105.994692, 21.051096], [105.993666, 21.044786], [105.992379, 21.041546], [105.990876, 21.040022], [105.98974, 21.03938], [105.989077, 21.039392], [105.985016, 21.040519], [105.975333, 21.04674], [105.97321, 21.047806], [105.970633, 21.048584], [105.965749, 21.046986], [105.961295, 21.04447], [105.956327, 21.04068], [105.949848, 21.037384], [105.948539, 21.037486], [105.939091, 21.040552], [105.937514, 21.042919], [105.935685, 21.046633], [105.933582, 21.054228], [105.931397, 21.060544], [105.927754, 21.067718], [105.924279, 21.072308], [105.920878, 21.074704], [105.917874, 21.076098], [105.902725, 21.078603], [105.903505, 21.079596], [105.904671, 21.082132], [105.905048, 21.085902], [105.90488, 21.088075], [105.905734, 21.089755], [105.904889, 21.089867], [105.904307, 21.089261], [105.901943, 21.09183], [105.901344, 21.093242], [105.89842, 21.096875], [105.896453, 21.098316], [105.897813, 21.101162], [105.899239, 21.100936], [105.9003, 21.106481], [105.901421, 21.105386], [105.903659, 21.110082], [105.905583, 21.11253], [105.905497, 21.11406], [105.909611, 21.117218], [105.913667, 21.118579], [105.916724, 21.119099], [105.919268, 21.119041], [105.92147, 21.118562], [105.922529, 21.121137], [105.923823, 21.120406]]]}, "properties": {"ma_xa": "00541", "phuong_moi": NaN, "dien_tich_km2": 41.62, "so_tin_trong": 1, "ty_le_dong_thuan": 1.0}}, {"type": "Feature", "geometry": {"type": "Polygon", "coordinates": [[[106.002586, 21.068713], [106.006756, 21.06287], [106.008689, 21.064216], [106.009039, 21.062772], [106.009567, 21.062316], [106.00861, 21.060689], [106.00897, 21.060372], [106.008613, 21.059296], [106.007892, 21.058555], [106.008212, 21.058255], [106.008226, 21.055534], [106.009863, 21.056008], [106.010144, 21.057718], [106.011343, 21.058197], [106.011048, 21.056972], [106.014319, 21.055957], [106.013673, 21.053783], [106.015246, 21.052837], [106.013901, 21.050956], [106.020027, 21.047622], [106.019789, 21.045129], [106.020128, 21.041475], [106.019318, 21.039603], [106.018268, 21.039966], [106.017618, 21.038382], [106.01806, 21.038231], [106.018733, 21.039147], [106.018953, 21.039067], [106.017684, 21.036675], [106.016485, 21.034568], [106.012851, 21.030264], [106.009264, 21.0295], [106.009361, 21.029036], [106.006622, 21.028627], [106.009415, 21.024371], [106.006967, 21.024255], [106.004654, 21.022088], [106.003719, 21.018855], [106.003938, 21.018777], [106.003205, 21.017523], [106.00617, 21.015094], [106.004882, 21.013817], [106.005432, 21.013441], [106.00447, 21.011681], [106.006397, 21.011548], [106.009599, 21.012388], [106.010163, 21.01079], [106.008902, 21.010511], [106.008467, 21.008274], [106.004864, 21.008495], [106.004822, 21.007969], [106.001316, 21.00748], [106.001043, 21.006975], [106.00119, 21.005671], [105.999534, 21.005468], [106.00085, 21.001188], [106.000151, 21.000995], [105.999967, 20.999993], [105.99941, 20.999827], [105.994179, 21.000669], [105.994025, 21.000177], [105.991359, 21.001026], [105.989374, 20.999016], [105.98918, 20.998473], [105.987297, 20.99722], [105.985021, 20.996517], [105.984408, 20.996858], [105.983982, 20.996558], [105.982357, 20.996836], [105.978935, 20.998286], [105.977968, 20.999018], [105.976583, 21.000885], [105.973672, 21.008865], [105.970143, 21.01581], [105.967193, 21.01869], [105.96632, 21.020184], [105.965534, 21.019671], [105.965117, 21.020673], [105.964835, 21.020485], [105.963951, 21.021684], [105.957652, 21.01949], [105.956556, 21.017932], [105.956757, 21.01781], [105.951958, 21.012048], [105.946904, 21.01562], [105.948102, 21.016934], [105.947476, 21.017407], [105.950207, 21.020659], [105.950675, 21.020811], [105.951141, 21.020555], [105.95159, 21.021105], [105.950457, 21.021826], [105.952318, 21.027028], [105.949017, 21.031338], [105.949885, 21.031968], [105.949415, 21.032849], [105.949734, 21.032955], [105.949258, 21.034471], [105.948759, 21.034424], [105.948539, 21.037486], [105.949975, 21.037424], [105.956327, 21.04068], [105.961295, 21.04447], [105.965749, 21.046986], [105.970633, 21.048584], [105.97321, 21.047806], [105.975333, 21.04674], [105.985016, 21.040519], [105.988486, 21.039457], [105.98974, 21.03938], [105.990445, 21.039706], [105.992379, 21.041546], [105.993666, 21.044786], [105.994692, 21.051096], [105.994505, 21.052262], [105.994856, 21.060068], [105.995947, 21.06346], [105.999434, 21.067156], [106.002586, 21.068713]]]}, "properties": {"ma_xa": "00562", "phuong_moi": "Xã Thuận An", "dien_tich_km2": 29.67, "so_tin_trong": 29, "ty_le_dong_thuan": 1.0}}, {"type": "Feature", "geometry": {"type": "Polygon", "coordinates": [[[105.948539, 21.037486], [105.948759, 21.034424], [105.949258, 21.034471], [105.949734, 21.032955], [105.949415, 21.032849], [105.949885, 21.031968], [105.949017, 21.031338], [105.952318, 21.027028], [105.950457, 21.021826], [105.95159, 21.021105], [105.951141, 21.020555], [105.950675, 21.020811], [105.950207, 21.020659], [105.947476, 21.017407], [105.948102, 21.016934], [105.946904, 21.01562], [105.951958, 21.012048], [105.956757, 21.01781], [105.956556, 21.017932], [105.957652, 21.01949], [105.963951, 21.021684], [105.964835, 21.020485], [105.965117, 21.020673], [105.965534, 21.019671], [105.96632, 21.020184], [105.967193, 21.01869], [105.970143, 21.01581], [105.973672, 21.008865], [105.976115, 21.00182], [105.977968, 20.999018], [105.977157, 20.998906], [105.97626, 20.997843], [105.975779, 20.998128], [105.973566, 20.996307], [105.971736, 20.997012], [105.971485, 20.994484], [105.972267, 20.99355], [105.972479, 20.992007], [105.972183, 20.989739], [105.968806, 20.988665], [105.966642, 20.991022], [105.965636, 20.99041], [105.96507, 20.991023], [105.961605, 20.989162], [105.961348, 20.988354], [105.963494, 20.986027], [105.963351, 20.985478], [105.963992, 20.98453], [105.965138, 20.985046], [105.965096, 20.984164], [105.963421, 20.983084], [105.96274, 20.982285], [105.962335, 20.982342], [105.961863, 20.981398], [105.962333, 20.981215], [105.962981, 20.980219], [105.961329, 20.975893], [105.963044, 20.974842], [105.962451, 20.973519], [105.964716, 20.972463], [105.965201, 20.967934], [105.96443, 20.967956], [105.964477, 20.965884], [105.964717, 20.965884], [105.964023, 20.963409], [105.961637, 20.963924], [105.961106, 20.963198], [105.959175, 20.96416], [105.959335, 20.964649], [105.958714, 20.964838], [105.958575, 20.966051], [105.95679, 20.966138], [105.956788, 20.967938], [105.956141, 20.968185], [105.955727, 20.967174], [105.955371, 20.967258], [105.955434, 20.9677], [105.954835, 20.967603], [105.953855, 20.968027], [105.953516, 20.967683], [105.95235, 20.967825], [105.951852, 20.966595], [105.950426, 20.966711], [105.950422, 20.966985], [105.949605, 20.966651], [105.949584, 20.967017], [105.948433, 20.967085], [105.948899, 20.967461], [105.948375, 20.967756], [105.948464, 20.968389], [105.947778, 20.96824], [105.947655, 20.969281], [105.939783, 20.96795], [105.939603, 20.969074], [105.93895, 20.969215], [105.938505, 20.970211], [105.936264, 20.969831], [105.939763, 20.974061], [105.941799, 20.975872], [105.944077, 20.977162], [105.943848, 20.977684], [105.944097, 20.977804], [105.943321, 20.978749], [105.9432, 20.979364], [105.943801, 20.980852], [105.944468, 20.980847], [105.944879, 20.982001], [105.939408, 20.988944], [105.917909, 21.012319], [105.921318, 21.016746], [105.926533, 21.020981], [105.927821, 21.022404], [105.933023, 21.033], [105.938725, 21.041001], [105.939091, 21.040552], [105.948539, 21.037486]]]}, "properties": {"ma_xa": "00565", "phuong_moi": "Xã Gia Lâm", "dien_tich_km2": 25.72, "so_tin_trong": 191, "ty_le_dong_thuan": 0.995}}, {"type": "Feature", "geometry": {"type": "Polygon", "coordinates": [[[105.944879, 20.982001], [105.944468, 20.980847], [105.943801, 20.980852], [105.9432, 20.979364], [105.943321, 20.978749], [105.944097, 20.977804], [105.943848, 20.977684], [105.944077, 20.977162], [105.941799, 20.975872], [105.939763, 20.974061], [105.936264, 20.969831], [105.932359, 20.973604], [105.930003, 20.97262], [105.924398, 20.974579], [105.924274, 20.975745], [105.922508, 20.975708], [105.922372, 20.974673], [105.920305, 20.974654], [105.919855, 20.974721], [105.919826, 20.975698], [105.918494, 20.975754], [105.918361, 20.975082], [105.914809, 20.974835], [105.91417, 20.973708], [105.913021, 20.973694], [105.913373, 20.972965], [105.913197, 20.970799], [105.912333, 20.970888], [105.912045, 20.96902], [105.908028, 20.961531], [105.907276, 20.958133], [105.90649, 20.958003], [105.906149, 20.955373], [105.905448, 20.953658], [105.905702, 20.953578], [105.905146, 20.950789], [105.903098, 20.947208], [105.909995, 20.942163], [105.911703, 20.938758], [105.911935, 20.938915], [105.912146, 20.938398], [105.914776, 20.937332], [105.910211, 20.929533], [105.908206, 20.927075], [105.90282, 20.928741], [105.900016, 20.929155], [105.892039, 20.92908], [105.886826, 20.928514], [105.884203, 20.928815], [105.882132, 20.929732], [105.88128, 20.932826], [105.881691, 20.939033], [105.882109, 20.940342], [105.887208, 20.946793], [105.892455, 20.954602], [105.897404, 20.960175], [105.902926, 20.967763], [105.906643, 20.976516], [105.907937, 20.982352], [105.907764, 20.985221], [105.906787, 20.987735], [105.904625, 20.991285], [105.901842, 20.99374], [105.914969, 21.008512], [105.917909, 21.012319], [105.940176, 20.988068], [105.944879, 20.982001]]]}, "properties": {"ma_xa": "00577", "phuong_moi": "Xã Bát Tràng", "dien_tich_km2": 20.67, "so_tin_trong": 37, "ty_le_dong_thuan": 0.486}}, {"type": "Feature", "geometry": {"type": "Polygon", "coordinates": [[[105.77867, 21.036619], [105.780593, 21.036603], [105.778677, 21.025187], [105.778697, 21.023621], [105.779258, 21.02167], [105.780494, 21.019757], [105.792314, 21.005164], [105.789735, 21.003371], [105.787087, 21.002301], [105.784794, 21.002017], [105.782947, 21.002176], [105.762703, 21.006432], [105.763278, 21.00819], [105.762563, 21.009801], [105.758328, 21.013182], [105.754101, 21.01766], [105.753741, 21.018496], [105.755245, 21.022429], [105.754218, 21.024621], [105.754181, 21.025364], [105.754939, 21.026596], [105.758322, 21.030126], [105.758832, 21.034153], [105.758412, 21.038012], [105.758852, 21.038709], [105.760617, 21.040002], [105.761424, 21.041666], [105.77201, 21.038301], [105.77867, 21.036619]]]}, "properties": {"ma_xa": "00592", "phuong_moi": "Phường Từ Liêm", "dien_tich_km2": 10.18, "so_tin_trong": 399, "ty_le_dong_thuan": 0.897}}, {"type": "Feature", "geometry": {"type": "Polygon", "coordinates": [[[105.741467, 21.108003], [105.748866, 21.099474], [105.751124, 21.098691], [105.7623, 21.09902], [105.772514, 21.098494], [105.771359, 21.092167], [105.770535, 21.090097], [105.771736, 21.071537], [105.762734, 21.071639], [105.762764, 21.071206], [105.761206, 21.071389], [105.76129, 21.069914], [105.760957, 21.069904], [105.760871, 21.069212], [105.761134, 21.067663], [105.760359, 21.067498], [105.760554, 21.066575], [105.759451, 21.0661], [105.759781, 21.06594], [105.759531, 21.065795], [105.740558, 21.072857], [105.728333, 21.082554], [105.727998, 21.083007], [105.727939, 21.084495], [105.726601, 21.085372], [105.727007, 21.088434], [105.725705, 21.088803], [105.725926, 21.093041], [105.726587, 21.092846], [105.726985, 21.093916], [105.72593, 21.095813], [105.724714, 21.096887], [105.725269, 21.096872], [105.726265, 21.099117], [105.727489, 21.098815], [105.728673, 21.099845], [105.729172, 21.099821], [105.729901, 21.100905], [105.730933, 21.100642], [105.73097, 21.10097], [105.731906, 21.1011], [105.731835, 21.101398], [105.733614, 21.102235], [105.741467, 21.108003]]]}, "properties": {"ma_xa": "00598", "phuong_moi": NaN, "dien_tich_km2": 14.77, "so_tin_trong": 0, "ty_le_dong_thuan": null}}, {"type": "Feature", "geometry": {"type": "Polygon", "coordinates": [[[105.786404, 21.097728], [105.785861, 21.089817], [105.788269, 21.082395], [105.78846, 21.080981], [105.788091, 21.079514], [105.785987, 21.07575], [105.785133, 21.067154], [105.782233, 21.055702], [105.772101, 21.05429], [105.772734, 21.056297], [105.772659, 21.057084], [105.770715, 21.056783], [105.768112, 21.05736], [105.761044, 21.060248], [105.755513, 21.065051], [105.75602, 21.066969], [105.759531, 21.065795], [105.759781, 21.06594], [105.759451, 21.0661], [105.760554, 21.066575], [105.760359, 21.067498], [105.761134, 21.067663], [105.760871, 21.069212], [105.760957, 21.069904], [105.76129, 21.069914], [105.761206, 21.071389], [105.762764, 21.071206], [105.762734, 21.071639], [105.771736, 21.071537], [105.770535, 21.090097], [105.771359, 21.092167], [105.772514, 21.098494], [105.786404, 21.097728]]]}, "properties": {"ma_xa": "00602", "phuong_moi": "Phường Đông Ngạc", "dien_tich_km2": 8.85, "so_tin_trong": 99, "ty_le_dong_thuan": 0.869}}, {"type": "Feature", "geometry": {"type": "Polygon", "coordinates": [[[105.788617, 21.078289], [105.793859, 21.076216], [105.79438, 21.077306], [105.798833, 21.075591], [105.798369, 21.074468], [105.809027, 21.070445], [105.804546, 21.062405], [105.80443, 21.051816], [105.790113, 21.051896], [105.789948, 21.056785], [105.786419, 21.056583], [105.786023, 21.056326], [105.784401, 21.056604], [105.782362, 21.056245], [105.785133, 21.067154], [105.785804, 21.07478], [105.786415, 21.076752], [105.787896, 21.079122], [105.788617, 21.078289]]]}, "properties": {"ma_xa": "00611", "phuong_moi": "Phường Xuân Đỉnh", "dien_tich_km2": 5.46, "so_tin_trong": 149, "ty_le_dong_thuan": 0.779}}, {"type": "Feature", "geometry": {"type": "Polygon", "coordinates": [[[105.75602, 21.066969], [105.755513, 21.065051], [105.7581, 21.062983], [105.760814, 21.060258], [105.748542, 21.05551], [105.748813, 21.054806], [105.747815, 21.05444], [105.74872, 21.052228], [105.745469, 21.050127], [105.74625, 21.049308], [105.745825, 21.048972], [105.746135, 21.048647], [105.745357, 21.047784], [105.737682, 21.050912], [105.724674, 21.059793], [105.724833, 21.065425], [105.724135, 21.074415], [105.724595, 21.076937], [105.72587, 21.079284], [105.728333, 21.082554], [105.739788, 21.073287], [105.75602, 21.066969]]]}, "properties": {"ma_xa": "00613", "phuong_moi": "Phường Tây Tựu", "dien_tich_km2": 7.54, "so_tin_trong": 17, "ty_le_dong_thuan": 1.0}}, {"type": "Feature", "geometry": {"type": "Polygon", "coordinates": [[[105.772659, 21.057084], [105.772101, 21.05429], [105.782233, 21.055702], [105.781767, 21.052772], [105.780567, 21.036604], [105.777563, 21.036739], [105.767559, 21.039627], [105.75965, 21.042305], [105.745357, 21.047784], [105.746135, 21.048647], [105.745825, 21.048972], [105.74625, 21.049308], [105.745469, 21.050127], [105.74872, 21.052228], [105.747815, 21.05444], [105.748813, 21.054806], [105.748542, 21.05551], [105.760562, 21.06], [105.760872, 21.060405], [105.768112, 21.05736], [105.770715, 21.056783], [105.772659, 21.057084]]]}, "properties": {"ma_xa": "00619", "phuong_moi": "Phường Phú Diễn", "dien_tich_km2": 6.29, "so_tin_trong": 128, "ty_le_dong_thuan": 0.93}}, {"type": "Feature", "geometry": {"type": "Polygon", "coordinates": [[[105.738063, 21.050695], [105.761424, 21.041666], [105.760617, 21.040002], [105.758852, 21.038709], [105.758412, 21.038012], [105.758832, 21.034153], [105.758322, 21.030126], [105.754939, 21.026596], [105.754181, 21.025364], [105.754218, 21.024621], [105.755245, 21.022429], [105.753741, 21.018496], [105.754101, 21.01766], [105.758328, 21.013182], [105.762563, 21.009801], [105.763278, 21.00819], [105.762703, 21.006432], [105.747749, 21.0094], [105.733009, 21.010398], [105.733032, 21.011409], [105.732353, 21.012074], [105.73397, 21.015465], [105.732572, 21.016804], [105.7314, 21.017007], [105.731305, 21.016491], [105.729977, 21.017934], [105.733517, 21.021354], [105.733908, 21.021434], [105.734456, 21.022589], [105.735095, 21.022353], [105.734939, 21.021822], [105.735596, 21.021735], [105.736031, 21.021909], [105.736078, 21.022639], [105.736508, 21.022442], [105.736746, 21.022831], [105.737073, 21.023486], [105.734668, 21.025039], [105.734846, 21.026313], [105.73854, 21.027788], [105.738034, 21.028949], [105.737629, 21.028861], [105.737319, 21.029211], [105.737583, 21.02988], [105.73729, 21.030037], [105.73713, 21.030958], [105.737382, 21.031481], [105.738733, 21.031807], [105.738421, 21.032655], [105.738936, 21.032749], [105.738057, 21.03647], [105.734737, 21.036813], [105.73481, 21.03725], [105.733635, 21.038384], [105.733908, 21.038862], [105.733711, 21.040279], [105.73398, 21.040862], [105.733485, 21.041523], [105.733559, 21.043406], [105.73233, 21.043827], [105.73206, 21.044656], [105.732646, 21.045287], [105.73131, 21.046684], [105.730975, 21.046385], [105.730215, 21.047031], [105.729325, 21.04713], [105.729517, 21.048056], [105.727967, 21.048405], [105.72866, 21.050539], [105.726562, 21.05271], [105.729586, 21.056473], [105.738063, 21.050695]]]}, "properties": {"ma_xa": "00622", "phuong_moi": "Phường Tây Mỗ", "dien_tich_km2": 10.81, "so_tin_trong": 198, "ty_le_dong_thuan": 0.712}}, {"type": "Feature", "geometry": {"type": "Polygon", "coordinates": [[[105.730485, 21.010558], [105.747749, 21.0094], [105.762089, 21.006559], [105.762219, 21.00499], [105.761409, 21.003212], [105.762143, 21.000742], [105.761465, 20.998635], [105.761899, 20.997221], [105.762648, 20.996619], [105.759854, 20.991972], [105.752982, 20.991683], [105.746332, 20.989572], [105.742507, 20.99308], [105.741682, 20.99489], [105.735785, 20.993331], [105.730485, 21.010558]]]}, "properties": {"ma_xa": "00634", "phuong_moi": "Phường Tây Mỗ", "dien_tich_km2": 5.56, "so_tin_trong": 143, "ty_le_dong_thuan": 0.993}}, {"type": "Feature", "geometry": {"type": "Polygon", "coordinates": [[[105.783985, 21.002057], [105.785741, 21.002063], [105.788135, 21.002611], [105.792314, 21.005164], [105.796929, 20.999448], [105.79021, 20.994787], [105.795363, 20.991799], [105.798736, 20.988307], [105.79238, 20.983764], [105.791062, 20.985273], [105.786885, 20.985527], [105.783546, 20.9867], [105.783834, 20.986909], [105.78183, 20.988056], [105.781057, 20.989082], [105.776094, 20.985649], [105.775225, 20.985948], [105.773374, 20.985041], [105.772807, 20.985792], [105.772097, 20.985259], [105.771574, 20.985927], [105.768504, 20.983855], [105.767361, 20.983424], [105.766938, 20.984747], [105.765934, 20.98456], [105.766113, 20.983038], [105.764662, 20.982859], [105.764145, 20.980082], [105.762924, 20.979787], [105.761267, 20.979863], [105.755089, 20.984291], [105.754143, 20.985505], [105.753425, 20.988111], [105.7554, 20.989504], [105.752835, 20.990796], [105.752665, 20.99162], [105.759854, 20.991972], [105.762648, 20.996619], [105.761899, 20.997221], [105.761465, 20.998635], [105.762143, 21.000742], [105.761409, 21.003212], [105.762219, 21.00499], [105.762089, 21.006559], [105.783985, 21.002057]]]}, "properties": {"ma_xa": "00637", "phuong_moi": "Phường Đại Mỗ", "dien_tich_km2": 8.1, "so_tin_trong": 130, "ty_le_dong_thuan": 0.531}}, {"type": "Feature", "geometry": {"type": "Polygon", "coordinates": [[[105.886167, 20.945519], [105.882109, 20.940342], [105.881691, 20.939033], [105.881463, 20.935726], [105.864047, 20.93386], [105.859117, 20.932379], [105.859888, 20.922179], [105.851405, 20.924501], [105.850473, 20.92451], [105.849026, 20.925143], [105.847762, 20.924739], [105.845366, 20.923321], [105.844178, 20.923372], [105.836407, 20.92782], [105.836034, 20.928351], [105.835846, 20.931592], [105.836475, 20.932858], [105.840265, 20.938398], [105.842022, 20.942658], [105.842456, 20.943217], [105.844166, 20.943007], [105.844455, 20.944761], [105.84415, 20.951194], [105.847541, 20.952123], [105.848003, 20.949969], [105.849171, 20.947761], [105.852366, 20.946977], [105.85422, 20.94719], [105.859269, 20.944882], [105.864007, 20.943261], [105.863948, 20.945841], [105.86476, 20.94911], [105.866267, 20.950095], [105.86648, 20.951484], [105.867705, 20.953671], [105.869619, 20.954554], [105.871081, 20.956624], [105.879186, 20.95126], [105.886167, 20.945519]]]}, "properties": {"ma_xa": "00640", "phuong_moi": "Xã Thanh Trì", "dien_tich_km2": 9.94, "so_tin_trong": 44, "ty_le_dong_thuan": 0.955}}, {"type": "Feature", "geometry": {"type": "Polygon", "coordinates": [[[105.803225, 20.991481], [105.810003, 20.982335], [105.806473, 20.979952], [105.808642, 20.9769], [105.806958, 20.973224], [105.817829, 20.966972], [105.818834, 20.967599], [105.820326, 20.969347], [105.821223, 20.970514], [105.821616, 20.971751], [105.824952, 20.970731], [105.82363, 20.967698], [105.82171, 20.965884], [105.817447, 20.962769], [105.813963, 20.960957], [105.813141, 20.960206], [105.813197, 20.959841], [105.813936, 20.959465], [105.815719, 20.959887], [105.817575, 20.959654], [105.819999, 20.957558], [105.821262, 20.957148], [105.820984, 20.955589], [105.820564, 20.955702], [105.8199, 20.95462], [105.819933, 20.954116], [105.819326, 20.953748], [105.816869, 20.949646], [105.816142, 20.950106], [105.815731, 20.951215], [105.812783, 20.953475], [105.813381, 20.954233], [105.797338, 20.962783], [105.79208, 20.969715], [105.793168, 20.970563], [105.793943, 20.97196], [105.79409, 20.972895], [105.793702, 20.973828], [105.794876, 20.974106], [105.794889, 20.973659], [105.796559, 20.97378], [105.796387, 20.974831], [105.799194, 20.975328], [105.798667, 20.978168], [105.797277, 20.977926], [105.792379, 20.983763], [105.803225, 20.991481]]]}, "properties": {"ma_xa": "00643", "phuong_moi": "Phường Thanh Liệt", "dien_tich_km2": 6.44, "so_tin_trong": 121, "ty_le_dong_thuan": 0.562}}, {"type": "Feature", "geometry": {"type": "Polygon", "coordinates": [[[105.803545, 20.95941], [105.813381, 20.954233], [105.812783, 20.953475], [105.815731, 20.951215], [105.816142, 20.950106], [105.816869, 20.949646], [105.819326, 20.953748], [105.819933, 20.954116], [105.8199, 20.95462], [105.820564, 20.955702], [105.820984, 20.955589], [105.821262, 20.957148], [105.825674, 20.95644], [105.829483, 20.953729], [105.832712, 20.952213], [105.835944, 20.952372], [105.839812, 20.954182], [105.841247, 20.954123], [105.842407, 20.953166], [105.842867, 20.951114], [105.84415, 20.951194], [105.844455, 20.944761], [105.844166, 20.943007], [105.842456, 20.943217], [105.842022, 20.942658], [105.840265, 20.938398], [105.835924, 20.931864], [105.835845, 20.929199], [105.834224, 20.928667], [105.831052, 20.925777], [105.830249, 20.926329], [105.827984, 20.924282], [105.828474, 20.923713], [105.827091, 20.922827], [105.824662, 20.925083], [105.814534, 20.91934], [105.812412, 20.918857], [105.80621, 20.911427], [105.806123, 20.910666], [105.80666, 20.909899], [105.805181, 20.90929], [105.803351, 20.910899], [105.803052, 20.912522], [105.799368, 20.912568], [105.798015, 20.913126], [105.797464, 20.912112], [105.796611, 20.911941], [105.79505, 20.913041], [105.794529, 20.914984], [105.792675, 20.915516], [105.791249, 20.915198], [105.789862, 20.917775], [105.789463, 20.91978], [105.790911, 20.920611], [105.791716, 20.921484], [105.790781, 20.924518], [105.791701, 20.927165], [105.792854, 20.928115], [105.794763, 20.928693], [105.796216, 20.930404], [105.797711, 20.930875], [105.799125, 20.934217], [105.801492, 20.934201], [105.801593, 20.935671], [105.800759, 20.935913], [105.800058, 20.935693], [105.7983, 20.937027], [105.799327, 20.938662], [105.798914, 20.93895], [105.798335, 20.938412], [105.796384, 20.93935], [105.792362, 20.938421], [105.790454, 20.939075], [105.794792, 20.950525], [105.794247, 20.950905], [105.794035, 20.951913], [105.794783, 20.954715], [105.797487, 20.955702], [105.797469, 20.957098], [105.797933, 20.957178], [105.798162, 20.95761], [105.798924, 20.957418], [105.800524, 20.958277], [105.801255, 20.957984], [105.801909, 20.957177], [105.803545, 20.95941]]]}, "properties": {"ma_xa": "00664", "phuong_moi": "Xã Đại Thanh", "dien_tich_km2": 18.92, "so_tin_trong": 132, "ty_le_dong_thuan": 0.735}}, {"type": "Feature", "geometry": {"type": "Polygon", "coordinates": [[[105.83981, 20.925818], [105.844556, 20.923286], [105.845498, 20.923372], [105.847762, 20.924739], [105.849026, 20.925143], [105.850473, 20.92451], [105.851405, 20.924501], [105.859888, 20.922179], [105.859899, 20.915552], [105.860329, 20.911505], [105.861052, 20.908086], [105.862738, 20.903022], [105.859337, 20.89716], [105.858168, 20.896054], [105.857366, 20.895971], [105.856387, 20.895354], [105.85534, 20.895367], [105.854374, 20.896702], [105.85155, 20.898934], [105.841325, 20.902022], [105.83782, 20.903621], [105.834943, 20.904356], [105.833772, 20.904253], [105.833038, 20.903717], [105.832637, 20.902923], [105.832945, 20.901525], [105.831343, 20.901089], [105.830923, 20.900244], [105.830607, 20.900361], [105.828659, 20.896868], [105.82639, 20.898023], [105.827269, 20.8995], [105.826938, 20.900668], [105.825674, 20.900608], [105.82537, 20.901925], [105.825574, 20.902866], [105.825296, 20.90335], [105.824395, 20.903823], [105.815702, 20.90266], [105.806472, 20.910047], [105.806123, 20.910666], [105.806373, 20.911648], [105.812412, 20.918857], [105.814534, 20.91934], [105.824662, 20.925083], [105.827091, 20.922827], [105.828474, 20.923713], [105.827984, 20.924282], [105.830249, 20.926329], [105.831052, 20.925777], [105.834224, 20.928667], [105.835672, 20.929282], [105.836322, 20.927874], [105.838506, 20.926835], [105.83981, 20.925818]]]}, "properties": {"ma_xa": "00679", "phuong_moi": "Xã Ngọc Hồi", "dien_tich_km2": 13.35, "so_tin_trong": 25, "ty_le_dong_thuan": 1.0}}, {"type": "Feature", "geometry": {"type": "Polygon", "coordinates": [[[105.884203, 20.928815], [105.886826, 20.928514], [105.897715, 20.929279], [105.90282, 20.928741], [105.907133, 20.92761], [105.910531, 20.925542], [105.912038, 20.923626], [105.913266, 20.920309], [105.913054, 20.915212], [105.909553, 20.912146], [105.905065, 20.909671], [105.899179, 20.905081], [105.894883, 20.9084], [105.893063, 20.909308], [105.892368, 20.909399], [105.891782, 20.906613], [105.891286, 20.906252], [105.890044, 20.90654], [105.889608, 20.90596], [105.887723, 20.906207], [105.887384, 20.908346], [105.878795, 20.910212], [105.87489, 20.912077], [105.874162, 20.910765], [105.873664, 20.910633], [105.874194, 20.908952], [105.873709, 20.906648], [105.867746, 20.909132], [105.865865, 20.906059], [105.862738, 20.903022], [105.861052, 20.908086], [105.860119, 20.913003], [105.859862, 20.924912], [105.859117, 20.932379], [105.864047, 20.93386], [105.881463, 20.935726], [105.88128, 20.932826], [105.881745, 20.93047], [105.882516, 20.929377], [105.884203, 20.928815]]]}, "properties": {"ma_xa": "00685", "phuong_moi": "Xã Nam Phù", "dien_tich_km2": 13.74, "so_tin_trong": 9, "ty_le_dong_thuan": 0.556}}, {"type": "Feature", "geometry": {"type": "Polygon", "coordinates": [[[105.413129, 21.013926], [105.415674, 21.012511], [105.416953, 21.01136], [105.419604, 21.012891], [105.420873, 21.013029], [105.42204, 21.012749], [105.423069, 21.013456], [105.424856, 21.013999], [105.425757, 21.01379], [105.42744, 21.014206], [105.42777, 21.014619], [105.428918, 21.014561], [105.430454, 21.015028], [105.43113, 21.014712], [105.432422, 21.01614], [105.433241, 21.016393], [105.433557, 21.016992], [105.435176, 21.017116], [105.436724, 21.016087], [105.44062, 21.015926], [105.441084, 21.015691], [105.441616, 21.014743], [105.443249, 21.014069], [105.446025, 21.015154], [105.446763, 21.014752], [105.448384, 21.014966], [105.44944, 21.01418], [105.450729, 21.014474], [105.452709, 21.012352], [105.454554, 21.01172], [105.458974, 21.012996], [105.463349, 21.012867], [105.466341, 21.011803], [105.472937, 21.006607], [105.489607, 20.994454], [105.492783, 20.992639], [105.495979, 20.991282], [105.500536, 20.990062], [105.504829, 20.989541], [105.516958, 20.990282], [105.524875, 20.990395], [105.526992, 20.981306], [105.529517, 20.978162], [105.528965, 20.977462], [105.529053, 20.976566], [105.52711, 20.974393], [105.527183, 20.973568], [105.525964, 20.973542], [105.5255, 20.973218], [105.52729, 20.971268], [105.52708, 20.970957], [105.529171, 20.968817], [105.529453, 20.967912], [105.529105, 20.967825], [105.529008, 20.967416], [105.530248, 20.965382], [105.530132, 20.964725], [105.529211, 20.964276], [105.529141, 20.96333], [105.528308, 20.963011], [105.528341, 20.961432], [105.527735, 20.961386], [105.527989, 20.961208], [105.527907, 20.960692], [105.527508, 20.960521], [105.527133, 20.959714], [105.527599, 20.95888], [105.527186, 20.958581], [105.527231, 20.958243], [105.527789, 20.957834], [105.528848, 20.957789], [105.529294, 20.957082], [105.528115, 20.955521], [105.528195, 20.95472], [105.529061, 20.954155], [105.529368, 20.953509], [105.528818, 20.952701], [105.528761, 20.951874], [105.528046, 20.952007], [105.527751, 20.952455], [105.527135, 20.952386], [105.525576, 20.952969], [105.525038, 20.95253], [105.525075, 20.952072], [105.523961, 20.951492], [105.523652, 20.951952], [105.523432, 20.951784], [105.523106, 20.952532], [105.522787, 20.952524], [105.522234, 20.952071], [105.522384, 20.951128], [105.52159, 20.950281], [105.520567, 20.950105], [105.520264, 20.95093], [105.519867, 20.95101], [105.518474, 20.949652], [105.516273, 20.948633], [105.517036, 20.946435], [105.516614, 20.946182], [105.517356, 20.945469], [105.517991, 20.943519], [105.517464, 20.94301], [105.516577, 20.942985], [105.516018, 20.942113], [105.51571, 20.941167], [105.515975, 20.940571], [105.515731, 20.939298], [105.511742, 20.934791], [105.509548, 20.933995], [105.507626, 20.931835], [105.505913, 20.930901], [105.50491, 20.929935], [105.503639, 20.929553], [105.502997, 20.929984], [105.502365, 20.931028], [105.499966, 20.930732], [105.499005, 20.930301], [105.498288, 20.930806], [105.497862, 20.9316], [105.495652, 20.932335], [105.495252, 20.932945], [105.493804, 20.933602], [105.492611, 20.933501], [105.492286, 20.933998], [105.491802, 20.934101], [105.490709, 20.93356], [105.490233, 20.933752], [105.488516, 20.935569], [105.4889, 20.936485], [105.48808, 20.937782], [105.485726, 20.939391], [105.485476, 20.940077], [105.485761, 20.940736], [105.483943, 20.942767], [105.48383, 20.943288], [105.483258, 20.943436], [105.480843, 20.945926], [105.480654, 20.946999], [105.479343, 20.94776], [105.478312, 20.948896], [105.475195, 20.948474], [105.471234, 20.949023], [105.470136, 20.948296], [105.467779, 20.947543], [105.467393, 20.946999], [105.465608, 20.946214], [105.461399, 20.946566], [105.459591, 20.94741], [105.459064, 20.948006], [105.458985, 20.948939], [105.458018, 20.949397], [105.457598, 20.95025], [105.455423, 20.951071], [105.45517, 20.951884], [105.452824, 20.953392], [105.448898, 20.954733], [105.445757, 20.955146], [105.444327, 20.956234], [105.444427, 20.957391], [105.4438, 20.957975], [105.443714, 20.959693], [105.442739, 20.960836], [105.443008, 20.962437], [105.442208, 20.964308], [105.440656, 20.966364], [105.439957, 20.96664], [105.439375, 20.967852], [105.435836, 20.967793], [105.4317, 20.972507], [105.430215, 20.975098], [105.429066, 20.980394], [105.428146, 20.980883], [105.427776, 20.982231], [105.426829, 20.982523], [105.422114, 20.981913], [105.421525, 20.982459], [105.421738, 20.984796], [105.420961, 20.985526], [105.421335, 20.986554], [105.421311, 20.987628], [105.420303, 20.989106], [105.420019, 20.990474], [105.419576, 20.990678], [105.419167, 20.991692], [105.417937, 20.992584], [105.418344, 20.994236], [105.419088, 20.994365], [105.418114, 20.994893], [105.418301, 20.995189], [105.418049, 20.995438], [105.417341, 20.995509], [105.417248, 20.997612], [105.416949, 20.997645], [105.416468, 20.998546], [105.415121, 20.997331], [105.414457, 20.997434], [105.4141, 20.997888], [105.413621, 20.996993], [105.412606, 20.998425], [105.41188, 20.998834], [105.411462, 20.998209], [105.409233, 20.998004], [105.408181, 20.998027], [105.407645, 20.998421], [105.403366, 20.997944], [105.401826, 20.998244], [105.400812, 20.999902], [105.400067, 20.999724], [105.397605, 21.001069], [105.396794, 21.000985], [105.396409, 21.001705], [105.39374, 21.002948], [105.39323, 21.004408], [105.391874, 21.006077], [105.391667, 21.007085], [105.392533, 21.008589], [105.392649, 21.010082], [105.391941, 21.011267], [105.392147, 21.012228], [105.391702, 21.014881], [105.3932, 21.014065], [105.39606, 21.014367], [105.396834, 21.01493], [105.39835, 21.01521], [105.400231, 21.013995], [105.401567, 21.013777], [105.403744, 21.014612], [105.406783, 21.017066], [105.411114, 21.018227], [105.411355, 21.016557], [105.412919, 21.014774], [105.413129, 21.013926]]]}, "properties": {"ma_xa": "04930", "phuong_moi": NaN, "dien_tich_km2": 78.01, "so_tin_trong": 0, "ty_le_dong_thuan": null}}, {"type": "Feature", "geometry": {"type": "Polygon", "coordinates": [[[105.753952, 21.221933], [105.755872, 21.221946], [105.757232, 21.222971], [105.758243, 21.222857], [105.759023, 21.221146], [105.759251, 21.216916], [105.760403, 21.214934], [105.762083, 21.213423], [105.764574, 21.213044], [105.768589, 21.214248], [105.769274, 21.213937], [105.769966, 21.212384], [105.769664, 21.211482], [105.769709, 21.209123], [105.770839, 21.205901], [105.771746, 21.204855], [105.774806, 21.20285], [105.777338, 21.200505], [105.779513, 21.199525], [105.785123, 21.198353], [105.786833, 21.197581], [105.788178, 21.196541], [105.788957, 21.195414], [105.789812, 21.191052], [105.790355, 21.190471], [105.789419, 21.188029], [105.787907, 21.186347], [105.788271, 21.186179], [105.788162, 21.185402], [105.78843, 21.185151], [105.790411, 21.184113], [105.789754, 21.182069], [105.790896, 21.181767], [105.790463, 21.180071], [105.788092, 21.180175], [105.787939, 21.178946], [105.784984, 21.179522], [105.784615, 21.177981], [105.783719, 21.178074], [105.783702, 21.177415], [105.78101, 21.178334], [105.780705, 21.177321], [105.775457, 21.179012], [105.775229, 21.178223], [105.774073, 21.178503], [105.773883, 21.177867], [105.771903, 21.17822], [105.771057, 21.175453], [105.770779, 21.172955], [105.771422, 21.169355], [105.734039, 21.168111], [105.731816, 21.168537], [105.730594, 21.169302], [105.714918, 21.183747], [105.711774, 21.188034], [105.723892, 21.199856], [105.728978, 21.205309], [105.743082, 21.224203], [105.747323, 21.229123], [105.749881, 21.228111], [105.751578, 21.226892], [105.75247, 21.225566], [105.753419, 21.222474], [105.753952, 21.221933]]]}, "properties": {"ma_xa": "08974", "phuong_moi": "Xã Quang Minh", "dien_tich_km2": 32.17, "so_tin_trong": 12, "ty_le_dong_thuan": 1.0}}, {"type": "Feature", "geometry": {"type": "Polygon", "coordinates": [[[105.638496, 21.207244], [105.638561, 21.205939], [105.641689, 21.206533], [105.645075, 21.205792], [105.645087, 21.205417], [105.652888, 21.20662], [105.653157, 21.205604], [105.653824, 21.204729], [105.656338, 21.20382], [105.657748, 21.202669], [105.658852, 21.202274], [105.658431, 21.201642], [105.659937, 21.201079], [105.659833, 21.200634], [105.661308, 21.19995], [105.661469, 21.200687], [105.664444, 21.199304], [105.666834, 21.201278], [105.677996, 21.191451], [105.6773, 21.189009], [105.68413, 21.182845], [105.685229, 21.183304], [105.690184, 21.186988], [105.702523, 21.175517], [105.701371, 21.168041], [105.701353, 21.164724], [105.697055, 21.166111], [105.698189, 21.164264], [105.697899, 21.163929], [105.698027, 21.163551], [105.699132, 21.162203], [105.69912, 21.161842], [105.69876, 21.157021], [105.696892, 21.145874], [105.695964, 21.14489], [105.695753, 21.144173], [105.695842, 21.14138], [105.69086, 21.141221], [105.68275, 21.139151], [105.678023, 21.136122], [105.674674, 21.13317], [105.671706, 21.131658], [105.667182, 21.131407], [105.665464, 21.131922], [105.661917, 21.134749], [105.651167, 21.146166], [105.644715, 21.155267], [105.63617, 21.16454], [105.631981, 21.167961], [105.626626, 21.170563], [105.626613, 21.177841], [105.62457, 21.179664], [105.624214, 21.18072], [105.62472, 21.181473], [105.625669, 21.181768], [105.628231, 21.180656], [105.628284, 21.181195], [105.628714, 21.181348], [105.628396, 21.181787], [105.627915, 21.181591], [105.627042, 21.182968], [105.629141, 21.184877], [105.624928, 21.187655], [105.62492, 21.191986], [105.624567, 21.193487], [105.623559, 21.194255], [105.621456, 21.194962], [105.621602, 21.195184], [105.622215, 21.194876], [105.62215, 21.195614], [105.621602, 21.1959], [105.621609, 21.197183], [105.622656, 21.200483], [105.620842, 21.201403], [105.620813, 21.200931], [105.6198, 21.2011], [105.61979, 21.20191], [105.616221, 21.202569], [105.616489, 21.205735], [105.616153, 21.20612], [105.615509, 21.20603], [105.615228, 21.207598], [105.616107, 21.208566], [105.616696, 21.208766], [105.61878, 21.20684], [105.619987, 21.206248], [105.62164, 21.206064], [105.622479, 21.206771], [105.62296, 21.207914], [105.624184, 21.208904], [105.627677, 21.210764], [105.628846, 21.210965], [105.631075, 21.208964], [105.638496, 21.207244]]]}, "properties": {"ma_xa": "08980", "phuong_moi": NaN, "dien_tich_km2": 44.81, "so_tin_trong": 0, "ty_le_dong_thuan": null}}, {"type": "Feature", "geometry": {"type": "Polygon", "coordinates": [[[105.66858, 21.236117], [105.668628, 21.233318], [105.670596, 21.232826], [105.671596, 21.233128], [105.672347, 21.233773], [105.673362, 21.236075], [105.673975, 21.236441], [105.674626, 21.23623], [105.675188, 21.235325], [105.675376, 21.234067], [105.673465, 21.232186], [105.671508, 21.230866], [105.671365, 21.230384], [105.67497, 21.22765], [105.676368, 21.226974], [105.677355, 21.2273], [105.678962, 21.228755], [105.680598, 21.233744], [105.681464, 21.234667], [105.683347, 21.235353], [105.684931, 21.235467], [105.688068, 21.234619], [105.688909, 21.233503], [105.688516, 21.232635], [105.686895, 21.231944], [105.68317, 21.231894], [105.682535, 21.231181], [105.682735, 21.230268], [105.683818, 21.229737], [105.685283, 21.230141], [105.685321, 21.229798], [105.685859, 21.229659], [105.685888, 21.226459], [105.687956, 21.222829], [105.688669, 21.222487], [105.68866, 21.221503], [105.689607, 21.221119], [105.690239, 21.219882], [105.691264, 21.220751], [105.691578, 21.220423], [105.692076, 21.221267], [105.693336, 21.221499], [105.695667, 21.216009], [105.69762, 21.213792], [105.698215, 21.213545], [105.69728, 21.218423], [105.69856, 21.218384], [105.698507, 21.219633], [105.700727, 21.219854], [105.701766, 21.2186], [105.702265, 21.218899], [105.70326, 21.221277], [105.704464, 21.220905], [105.705098, 21.221433], [105.705939, 21.22132], [105.705939, 21.220773], [105.706704, 21.220234], [105.707141, 21.220811], [105.70753, 21.220696], [105.707635, 21.220123], [105.708236, 21.219565], [105.709896, 21.219679], [105.711119, 21.220616], [105.711129, 21.221398], [105.710651, 21.221835], [105.711448, 21.222475], [105.711969, 21.22224], [105.711711, 21.2228], [105.712351, 21.223169], [105.712711, 21.222636], [105.715682, 21.224477], [105.717756, 21.222766], [105.7182, 21.223194], [105.718822, 21.222955], [105.719683, 21.223154], [105.720502, 21.2249], [105.721655, 21.226083], [105.721628, 21.226906], [105.722084, 21.227503], [105.724725, 21.22472], [105.730053, 21.228813], [105.734593, 21.233114], [105.737948, 21.23154], [105.742528, 21.231449], [105.745496, 21.229752], [105.747323, 21.229123], [105.743082, 21.224203], [105.729592, 21.206066], [105.726598, 21.202579], [105.707647, 21.183926], [105.707385, 21.183113], [105.704188, 21.179309], [105.702523, 21.175517], [105.690184, 21.186988], [105.685229, 21.183304], [105.68413, 21.182845], [105.6773, 21.189009], [105.677996, 21.191451], [105.666834, 21.201278], [105.664444, 21.199304], [105.661469, 21.200687], [105.661308, 21.19995], [105.659833, 21.200634], [105.659937, 21.201079], [105.658431, 21.201642], [105.658852, 21.202274], [105.657748, 21.202669], [105.656338, 21.20382], [105.653824, 21.204729], [105.653157, 21.205604], [105.652888, 21.20662], [105.645087, 21.205417], [105.645075, 21.205792], [105.641689, 21.206533], [105.638421, 21.205932], [105.638496, 21.207247], [105.639303, 21.207349], [105.639566, 21.207803], [105.639364, 21.211705], [105.639049, 21.212358], [105.637039, 21.21394], [105.636019, 21.215493], [105.635821, 21.216999], [105.636098, 21.217497], [105.637077, 21.217975], [105.639188, 21.217766], [105.641698, 21.216511], [105.644963, 21.215535], [105.654361, 21.218188], [105.658129, 21.220236], [105.658968, 21.221629], [105.658996, 21.223259], [105.654711, 21.227536], [105.653868, 21.227552], [105.652649, 21.226222], [105.651465, 21.225922], [105.649414, 21.227018], [105.646565, 21.226796], [105.645304, 21.227219], [105.644269, 21.232545], [105.644514, 21.234238], [105.644884, 21.234732], [105.647719, 21.236618], [105.652111, 21.238109], [105.653045, 21.237903], [105.65452, 21.236085], [105.656646, 21.23483], [105.658136, 21.234618], [105.661452, 21.234968], [105.66371, 21.236194], [105.665964, 21.239114], [105.666659, 21.239459], [105.667221, 21.239362], [105.667489, 21.238962], [105.66858, 21.236117]]]}, "properties": {"ma_xa": "08995", "phuong_moi": NaN, "dien_tich_km2": 36.34, "so_tin_trong": 2, "ty_le_dong_thuan": 1.0}}, {"type": "Feature", "geometry": {"type": "Polygon", "coordinates": [[[105.714918, 21.183747], [105.730594, 21.169302], [105.733056, 21.168192], [105.770173, 21.169305], [105.770715, 21.166649], [105.770466, 21.166527], [105.770568, 21.164575], [105.772057, 21.149057], [105.771607, 21.149137], [105.770716, 21.14796], [105.771921, 21.147158], [105.772581, 21.145852], [105.771024, 21.143891], [105.770968, 21.142324], [105.767579, 21.137551], [105.766246, 21.136343], [105.764596, 21.135649], [105.763489, 21.135458], [105.762046, 21.135905], [105.760472, 21.135795], [105.760049, 21.134894], [105.75956, 21.134782], [105.75971, 21.133762], [105.75317, 21.133968], [105.751753, 21.133764], [105.750106, 21.134239], [105.743675, 21.134722], [105.743178, 21.132615], [105.742042, 21.132882], [105.741066, 21.128824], [105.740083, 21.128895], [105.738733, 21.128484], [105.739051, 21.128181], [105.738866, 21.127837], [105.739133, 21.127137], [105.738647, 21.125187], [105.737227, 21.125741], [105.736924, 21.125194], [105.736486, 21.125362], [105.736298, 21.124515], [105.735466, 21.123986], [105.735333, 21.122945], [105.736104, 21.122578], [105.73596, 21.121921], [105.733924, 21.121705], [105.731857, 21.122104], [105.736079, 21.113752], [105.735437, 21.113339], [105.741467, 21.108003], [105.736991, 21.104755], [105.732192, 21.108384], [105.727618, 21.11252], [105.722554, 21.11912], [105.718768, 21.123369], [105.717763, 21.131061], [105.71771, 21.135842], [105.716656, 21.139461], [105.714573, 21.141793], [105.712713, 21.142891], [105.710804, 21.143373], [105.707562, 21.143099], [105.702889, 21.141817], [105.700059, 21.141398], [105.695842, 21.14138], [105.695753, 21.144173], [105.695964, 21.14489], [105.696892, 21.145874], [105.69876, 21.157021], [105.69912, 21.161842], [105.699132, 21.162203], [105.698027, 21.163551], [105.697899, 21.163929], [105.698189, 21.164264], [105.697055, 21.166111], [105.701353, 21.164724], [105.701371, 21.168041], [105.701944, 21.172915], [105.702662, 21.176039], [105.704188, 21.179309], [105.707385, 21.183113], [105.707647, 21.183926], [105.711866, 21.187884], [105.714918, 21.183747]]]}, "properties": {"ma_xa": "09022", "phuong_moi": "Xã Mê Linh", "dien_tich_km2": 34.97, "so_tin_trong": 8, "ty_le_dong_thuan": 1.0}}, {"type": "Feature", "geometry": {"type": "Polygon", "coordinates": [[[105.803545, 20.95941], [105.801909, 20.957177], [105.801255, 20.957984], [105.800524, 20.958277], [105.798924, 20.957418], [105.798162, 20.95761], [105.797933, 20.957178], [105.797469, 20.957098], [105.797487, 20.955702], [105.794783, 20.954715], [105.794035, 20.951913], [105.794247, 20.950905], [105.794792, 20.950525], [105.791856, 20.942501], [105.754763, 20.954546], [105.769194, 20.965668], [105.772098, 20.962406], [105.772177, 20.959893], [105.777435, 20.964078], [105.777902, 20.963523], [105.778781, 20.963194], [105.783022, 20.962617], [105.784727, 20.963143], [105.784748, 20.963498], [105.786842, 20.963268], [105.786619, 20.962198], [105.787004, 20.961384], [105.788307, 20.960986], [105.790324, 20.959739], [105.791728, 20.959396], [105.795303, 20.960032], [105.796294, 20.96112], [105.796142, 20.961817], [105.796843, 20.963382], [105.797338, 20.962783], [105.803545, 20.95941]]]}, "properties": {"ma_xa": "09552", "phuong_moi": "Phường Kiến Hưng", "dien_tich_km2": 6.65, "so_tin_trong": 110, "ty_le_dong_thuan": 0.955}}, {"type": "Feature", "geometry": {"type": "Polygon", "coordinates": [[[105.791062, 20.985273], [105.797277, 20.977926], [105.798667, 20.978168], [105.799194, 20.975328], [105.796387, 20.974831], [105.796559, 20.97378], [105.794889, 20.973659], [105.794876, 20.974106], [105.793702, 20.973828], [105.79409, 20.972895], [105.793943, 20.97196], [105.793168, 20.970563], [105.79208, 20.969715], [105.796843, 20.963382], [105.796142, 20.961817], [105.796294, 20.96112], [105.794844, 20.959797], [105.791728, 20.959396], [105.790324, 20.959739], [105.786877, 20.961512], [105.786619, 20.962198], [105.786842, 20.963268], [105.784748, 20.963498], [105.784727, 20.963143], [105.783022, 20.962617], [105.778781, 20.963194], [105.777902, 20.963523], [105.777435, 20.964078], [105.772177, 20.959893], [105.772098, 20.962406], [105.769194, 20.965668], [105.76492, 20.962327], [105.75366, 20.968662], [105.756017, 20.971714], [105.763972, 20.977939], [105.761267, 20.979863], [105.762924, 20.979787], [105.764145, 20.980082], [105.764662, 20.982859], [105.766113, 20.983038], [105.765934, 20.98456], [105.766938, 20.984747], [105.767361, 20.983424], [105.768504, 20.983855], [105.771574, 20.985927], [105.772097, 20.985259], [105.772807, 20.985792], [105.773374, 20.985041], [105.775225, 20.985948], [105.776094, 20.985649], [105.781057, 20.989082], [105.78183, 20.988056], [105.783834, 20.986909], [105.783546, 20.9867], [105.786885, 20.985527], [105.791062, 20.985273]]]}, "properties": {"ma_xa": "09556", "phuong_moi": "Phường Hà Đông", "dien_tich_km2": 9.0, "so_tin_trong": 348, "ty_le_dong_thuan": 0.974}}, {"type": "Feature", "geometry": {"type": "Polygon", "coordinates": [[[105.754763, 20.954546], [105.75036, 20.951215], [105.751168, 20.950232], [105.749736, 20.948852], [105.749355, 20.949276], [105.748864, 20.948831], [105.748208, 20.94765], [105.748449, 20.947608], [105.746675, 20.945905], [105.745291, 20.945524], [105.746237, 20.942897], [105.746013, 20.942779], [105.746397, 20.939906], [105.748051, 20.939621], [105.747889, 20.937898], [105.749085, 20.937823], [105.7495, 20.9359], [105.749332, 20.935041], [105.751325, 20.934641], [105.749953, 20.928692], [105.749085, 20.926275], [105.750859, 20.926175], [105.751456, 20.923339], [105.75045, 20.923166], [105.750783, 20.920824], [105.750037, 20.920711], [105.750046, 20.92015], [105.749359, 20.920096], [105.748753, 20.920463], [105.749645, 20.91664], [105.742041, 20.915373], [105.742121, 20.913726], [105.741487, 20.913412], [105.741117, 20.912654], [105.740697, 20.912573], [105.739385, 20.913322], [105.739288, 20.913826], [105.736775, 20.914193], [105.736429, 20.913049], [105.734434, 20.913826], [105.73209, 20.915228], [105.730447, 20.917475], [105.729892, 20.921373], [105.730391, 20.927018], [105.729829, 20.930233], [105.72665, 20.938273], [105.724775, 20.940916], [105.72428, 20.941101], [105.723812, 20.940738], [105.723314, 20.937807], [105.721766, 20.935498], [105.72082, 20.934883], [105.719197, 20.934442], [105.716799, 20.934587], [105.715194, 20.93513], [105.712829, 20.93687], [105.711676, 20.938378], [105.711312, 20.939793], [105.711705, 20.941757], [105.713408, 20.94411], [105.714298, 20.944936], [105.718364, 20.947064], [105.722583, 20.948815], [105.725053, 20.950887], [105.725882, 20.952504], [105.725757, 20.953972], [105.725033, 20.955372], [105.730535, 20.960924], [105.731632, 20.959584], [105.73807, 20.963285], [105.739886, 20.962212], [105.744953, 20.960173], [105.751607, 20.955883], [105.754763, 20.954546]]]}, "properties": {"ma_xa": "09562", "phuong_moi": "Phường Yên Nghĩa", "dien_tich_km2": 13.18, "so_tin_trong": 82, "ty_le_dong_thuan": 0.805}}, {"type": "Feature", "geometry": {"type": "Polygon", "coordinates": [[[105.754763, 20.954546], [105.791856, 20.942501], [105.790454, 20.939075], [105.788478, 20.939739], [105.787972, 20.938374], [105.786329, 20.938912], [105.785599, 20.937016], [105.785579, 20.935798], [105.783575, 20.935742], [105.783733, 20.928485], [105.78118, 20.928411], [105.781154, 20.929055], [105.778983, 20.928998], [105.778404, 20.929644], [105.777867, 20.929224], [105.776864, 20.93036], [105.772306, 20.926876], [105.77401, 20.924829], [105.772438, 20.923713], [105.772679, 20.92341], [105.770554, 20.922602], [105.767841, 20.925558], [105.766512, 20.924066], [105.764593, 20.924894], [105.764773, 20.925408], [105.760201, 20.9284], [105.762097, 20.929921], [105.759394, 20.931763], [105.757943, 20.930514], [105.757856, 20.932054], [105.758646, 20.932295], [105.757896, 20.932866], [105.757588, 20.932863], [105.757669, 20.932106], [105.756519, 20.932251], [105.75697, 20.930406], [105.755227, 20.92985], [105.754456, 20.930613], [105.753958, 20.92979], [105.752112, 20.930707], [105.751758, 20.929731], [105.750188, 20.930324], [105.751325, 20.934641], [105.749332, 20.935041], [105.7495, 20.9359], [105.749085, 20.937823], [105.747889, 20.937898], [105.748051, 20.939621], [105.746397, 20.939906], [105.746013, 20.942779], [105.746237, 20.942897], [105.745291, 20.945524], [105.746556, 20.945793], [105.748449, 20.947608], [105.748208, 20.94765], [105.748864, 20.948831], [105.749355, 20.949276], [105.749736, 20.948852], [105.751168, 20.950232], [105.75036, 20.951215], [105.754763, 20.954546]]]}, "properties": {"ma_xa": "09568", "phuong_moi": "Phường Phú Lương", "dien_tich_km2": 9.4, "so_tin_trong": 41, "ty_le_dong_thuan": 0.976}}, {"type": "Feature", "geometry": {"type": "Polygon", "coordinates": [[[105.475402, 21.172096], [105.486602, 21.162917], [105.49272, 21.160227], [105.496953, 21.159171], [105.515642, 21.156511], [105.515146, 21.152404], [105.516923, 21.152148], [105.516983, 21.151227], [105.516138, 21.14795], [105.516667, 21.147811], [105.515575, 21.144884], [105.516214, 21.140144], [105.51663, 21.140194], [105.517024, 21.139592], [105.521042, 21.139224], [105.521342, 21.137548], [105.522235, 21.13559], [105.5244, 21.135077], [105.524631, 21.133853], [105.523725, 21.133851], [105.52178, 21.133109], [105.520376, 21.131759], [105.519935, 21.130926], [105.520075, 21.129889], [105.518781, 21.129191], [105.519251, 21.128632], [105.518979, 21.12845], [105.518476, 21.128665], [105.518718, 21.128837], [105.517954, 21.129656], [105.517303, 21.129112], [105.516953, 21.129529], [105.516325, 21.129159], [105.516224, 21.128238], [105.515885, 21.127975], [105.514777, 21.129046], [105.514291, 21.128574], [105.513569, 21.128688], [105.512923, 21.127646], [105.512637, 21.125812], [105.510509, 21.123637], [105.508123, 21.124761], [105.507475, 21.12352], [105.506048, 21.124013], [105.504779, 21.123228], [105.505396, 21.120304], [105.503386, 21.117834], [105.502456, 21.118448], [105.500844, 21.117642], [105.500028, 21.119072], [105.499141, 21.118681], [105.498464, 21.117583], [105.497655, 21.117017], [105.499195, 21.116391], [105.499166, 21.116099], [105.49865, 21.116015], [105.497841, 21.115246], [105.498276, 21.113651], [105.498005, 21.113166], [105.49662, 21.113266], [105.496332, 21.112807], [105.495367, 21.112753], [105.495353, 21.116425], [105.491689, 21.121534], [105.491063, 21.124132], [105.488767, 21.127271], [105.485913, 21.130325], [105.484323, 21.132963], [105.480081, 21.131782], [105.476768, 21.132007], [105.462952, 21.137604], [105.458985, 21.138397], [105.459334, 21.141039], [105.459064, 21.141263], [105.459453, 21.141556], [105.458043, 21.142801], [105.457251, 21.144023], [105.45703, 21.144208], [105.456511, 21.143394], [105.456413, 21.142363], [105.456058, 21.142306], [105.455898, 21.143517], [105.454884, 21.144699], [105.452865, 21.145884], [105.45159, 21.146265], [105.45062, 21.14746], [105.451338, 21.147905], [105.452439, 21.146604], [105.454061, 21.146192], [105.456021, 21.145071], [105.456137, 21.145845], [105.457349, 21.146372], [105.457872, 21.147542], [105.457435, 21.147953], [105.458118, 21.148992], [105.458592, 21.148861], [105.45864, 21.149148], [105.459012, 21.149173], [105.459405, 21.14997], [105.461016, 21.149999], [105.46091, 21.151011], [105.461417, 21.152199], [105.46051, 21.153267], [105.460532, 21.153633], [105.46147, 21.153653], [105.461433, 21.154189], [105.462134, 21.155355], [105.461985, 21.156357], [105.463695, 21.1558], [105.464307, 21.156943], [105.463988, 21.157065], [105.463489, 21.158484], [105.462989, 21.158781], [105.463149, 21.159247], [105.464136, 21.160099], [105.464588, 21.159792], [105.464715, 21.160138], [105.466221, 21.160919], [105.46567, 21.161246], [105.465048, 21.162332], [105.465462, 21.162534], [105.4658, 21.161927], [105.466298, 21.162242], [105.466207, 21.162822], [105.467286, 21.163456], [105.46694, 21.165385], [105.467331, 21.165773], [105.46672, 21.166096], [105.467315, 21.167251], [105.467011, 21.168125], [105.467295, 21.168525], [105.467838, 21.168929], [105.469198, 21.167849], [105.469906, 21.16903], [105.475402, 21.172096]]]}, "properties": {"ma_xa": "09574", "phuong_moi": NaN, "dien_tich_km2": 23.08, "so_tin_trong": 0, "ty_le_dong_thuan": null}}, {"type": "Feature", "geometry": {"type": "Polygon", "coordinates": [[[105.453562, 21.145409], [105.455517, 21.144076], [105.455898, 21.143517], [105.456058, 21.142306], [105.456413, 21.142363], [105.456511, 21.143394], [105.45703, 21.144208], [105.458043, 21.142801], [105.459393, 21.141674], [105.459064, 21.141263], [105.459334, 21.141039], [105.458985, 21.138397], [105.462952, 21.137604], [105.476768, 21.132007], [105.480081, 21.131782], [105.484323, 21.132963], [105.485913, 21.130325], [105.488767, 21.127271], [105.491063, 21.124132], [105.491689, 21.121534], [105.495353, 21.116425], [105.495367, 21.112753], [105.496332, 21.112807], [105.49662, 21.113266], [105.498005, 21.113166], [105.498276, 21.113651], [105.497841, 21.115246], [105.49865, 21.116015], [105.499166, 21.116099], [105.499195, 21.116391], [105.497655, 21.117017], [105.498464, 21.117583], [105.499425, 21.118894], [105.500028, 21.119072], [105.500844, 21.117642], [105.502456, 21.118448], [105.502802, 21.117986], [105.503192, 21.118021], [105.503386, 21.117834], [105.503075, 21.117174], [105.501782, 21.116819], [105.502361, 21.116201], [105.50186, 21.11566], [105.502831, 21.115089], [105.502493, 21.114435], [105.501894, 21.11451], [105.502011, 21.113857], [105.501189, 21.113907], [105.500564, 21.112992], [105.501558, 21.11201], [105.501796, 21.111388], [105.501445, 21.111311], [105.501526, 21.110266], [105.502336, 21.109967], [105.502688, 21.109067], [105.502415, 21.108227], [105.503286, 21.107129], [105.506122, 21.107018], [105.505544, 21.10473], [105.506336, 21.103803], [105.505483, 21.101714], [105.503228, 21.09989], [105.502773, 21.098993], [105.501833, 21.099075], [105.500204, 21.098213], [105.49949, 21.098498], [105.497736, 21.097662], [105.4979, 21.097107], [105.496501, 21.095983], [105.496307, 21.095223], [105.493448, 21.095815], [105.493576, 21.095051], [105.493122, 21.09476], [105.493115, 21.094137], [105.491992, 21.094704], [105.490696, 21.0936], [105.488501, 21.093403], [105.487918, 21.093793], [105.488181, 21.094602], [105.487674, 21.095901], [105.48779, 21.096649], [105.487379, 21.096754], [105.487267, 21.097495], [105.487952, 21.097481], [105.488051, 21.097877], [105.487551, 21.098792], [105.488001, 21.100159], [105.48802, 21.101583], [105.488256, 21.101679], [105.486499, 21.102696], [105.486098, 21.103296], [105.485004, 21.103162], [105.484583, 21.104426], [105.485186, 21.104815], [105.48449, 21.105426], [105.480563, 21.10453], [105.478797, 21.105031], [105.47807, 21.10609], [105.47775, 21.106136], [105.477693, 21.105724], [105.476683, 21.105684], [105.475822, 21.105163], [105.476109, 21.104848], [105.475752, 21.104569], [105.474758, 21.104225], [105.474972, 21.103584], [105.475636, 21.103411], [105.475078, 21.102324], [105.4726, 21.103609], [105.472379, 21.103369], [105.472603, 21.102766], [105.471901, 21.102559], [105.470519, 21.100344], [105.469847, 21.100294], [105.470264, 21.101373], [105.470304, 21.103222], [105.460567, 21.103206], [105.460295, 21.102292], [105.459598, 21.101764], [105.457242, 21.101495], [105.45585, 21.100557], [105.453215, 21.100114], [105.45228, 21.099646], [105.450158, 21.099745], [105.448964, 21.100732], [105.448804, 21.101516], [105.446603, 21.101269], [105.442735, 21.09893], [105.442039, 21.099746], [105.441339, 21.101885], [105.440081, 21.102322], [105.440174, 21.102682], [105.441545, 21.103555], [105.441182, 21.10391], [105.442086, 21.10474], [105.441897, 21.104982], [105.440715, 21.10451], [105.437558, 21.102279], [105.434643, 21.10109], [105.434065, 21.101127], [105.430273, 21.103866], [105.428776, 21.103668], [105.428614, 21.10396], [105.428318, 21.103669], [105.427942, 21.103995], [105.426805, 21.103568], [105.425788, 21.104051], [105.425486, 21.105033], [105.42382, 21.104665], [105.423991, 21.105465], [105.430997, 21.106769], [105.430623, 21.109169], [105.43146, 21.109436], [105.431233, 21.109924], [105.430424, 21.109767], [105.429885, 21.110489], [105.429626, 21.113671], [105.430093, 21.11593], [105.429577, 21.11692], [105.429686, 21.117663], [105.430746, 21.118925], [105.431248, 21.120135], [105.428125, 21.120788], [105.426851, 21.121631], [105.425399, 21.122054], [105.424681, 21.124479], [105.424525, 21.126764], [105.423406, 21.127397], [105.42321, 21.129437], [105.42163, 21.129653], [105.420837, 21.131756], [105.419376, 21.131773], [105.417945, 21.134754], [105.415764, 21.134641], [105.414563, 21.135243], [105.415293, 21.136091], [105.415145, 21.137927], [105.417863, 21.139671], [105.418731, 21.14345], [105.419696, 21.144583], [105.42047, 21.143601], [105.422587, 21.14411], [105.423771, 21.145468], [105.427853, 21.147217], [105.431896, 21.150551], [105.434142, 21.15147], [105.436059, 21.149391], [105.438303, 21.149114], [105.440003, 21.149315], [105.440359, 21.148371], [105.441452, 21.148375], [105.442583, 21.148864], [105.443932, 21.148258], [105.444801, 21.148615], [105.445532, 21.148509], [105.445879, 21.148365], [105.44607, 21.146406], [105.44908, 21.146782], [105.449661, 21.1455], [105.448612, 21.143962], [105.449927, 21.143526], [105.450726, 21.142754], [105.450944, 21.143049], [105.450745, 21.143403], [105.452055, 21.144062], [105.452715, 21.143645], [105.452257, 21.144945], [105.453562, 21.145409]]]}, "properties": {"ma_xa": "09604", "phuong_moi": NaN, "dien_tich_km2": 32.34, "so_tin_trong": 0, "ty_le_dong_thuan": null}}, {"type": "Feature", "geometry": {"type": "Polygon", "coordinates": [[[105.534382, 21.057152], [105.533864, 21.055471], [105.534825, 21.055771], [105.53579, 21.055285], [105.534376, 21.054831], [105.534397, 21.054444], [105.535066, 21.054162], [105.535105, 21.053849], [105.534138, 21.053747], [105.533478, 21.053065], [105.531496, 21.051989], [105.531775, 21.051689], [105.532713, 21.05198], [105.533401, 21.051476], [105.534233, 21.051844], [105.534874, 21.05165], [105.534513, 21.050366], [105.533562, 21.050598], [105.533337, 21.050474], [105.533498, 21.049967], [105.533131, 21.049753], [105.532428, 21.049564], [105.531747, 21.049992], [105.529942, 21.049132], [105.53073, 21.048791], [105.53083, 21.048465], [105.529825, 21.048], [105.529032, 21.048103], [105.529302, 21.046744], [105.528369, 21.046575], [105.528179, 21.045959], [105.528324, 21.045357], [105.528925, 21.045355], [105.529456, 21.044435], [105.52826, 21.043091], [105.5276, 21.043542], [105.526724, 21.043364], [105.525547, 21.040418], [105.523655, 21.039501], [105.522324, 21.037345], [105.52086, 21.036628], [105.520272, 21.035707], [105.519117, 21.035926], [105.517151, 21.035707], [105.517167, 21.032949], [105.515504, 21.032948], [105.511367, 21.040283], [105.50489, 21.048903], [105.501222, 21.048206], [105.496809, 21.046482], [105.488423, 21.041731], [105.48623, 21.0398], [105.468907, 21.02195], [105.465317, 21.024147], [105.463239, 21.025901], [105.463432, 21.026206], [105.461578, 21.027717], [105.460694, 21.029183], [105.456882, 21.032798], [105.458122, 21.038789], [105.458294, 21.055133], [105.459814, 21.056649], [105.460523, 21.056765], [105.461318, 21.057802], [105.461038, 21.059047], [105.461259, 21.060059], [105.460975, 21.060458], [105.461248, 21.060677], [105.461099, 21.061298], [105.461509, 21.061519], [105.461783, 21.062397], [105.461243, 21.062777], [105.460883, 21.064393], [105.46162, 21.065883], [105.46223, 21.065986], [105.462954, 21.066737], [105.464279, 21.066836], [105.464601, 21.067176], [105.464248, 21.070144], [105.464532, 21.070588], [105.46525, 21.07078], [105.465787, 21.072115], [105.465165, 21.07256], [105.464766, 21.072143], [105.465023, 21.071136], [105.463052, 21.071046], [105.460592, 21.06829], [105.460509, 21.067846], [105.461212, 21.066257], [105.460369, 21.065638], [105.460563, 21.064838], [105.459656, 21.062913], [105.459037, 21.059098], [105.459238, 21.058698], [105.458664, 21.057889], [105.457428, 21.058015], [105.457598, 21.058505], [105.456979, 21.059336], [105.455236, 21.059863], [105.457244, 21.060474], [105.458064, 21.061677], [105.457929, 21.062094], [105.457422, 21.062207], [105.457548, 21.062725], [105.458692, 21.063773], [105.458795, 21.063431], [105.459025, 21.063607], [105.459728, 21.066835], [105.459239, 21.067934], [105.459147, 21.069106], [105.459931, 21.070263], [105.459408, 21.070667], [105.457302, 21.068681], [105.45684, 21.067342], [105.456445, 21.067278], [105.456244, 21.066822], [105.455796, 21.066878], [105.45477, 21.06502], [105.454889, 21.064001], [105.454246, 21.063429], [105.453474, 21.06341], [105.454397, 21.067307], [105.453864, 21.067022], [105.453722, 21.066171], [105.451769, 21.06542], [105.448905, 21.063001], [105.448512, 21.063182], [105.448066, 21.062873], [105.446615, 21.063572], [105.445343, 21.062766], [105.445206, 21.062293], [105.440156, 21.066454], [105.44088, 21.066549], [105.440368, 21.067342], [105.439794, 21.067625], [105.439954, 21.068106], [105.439074, 21.069761], [105.44076, 21.071485], [105.440512, 21.07249], [105.441578, 21.074051], [105.440925, 21.0757], [105.440557, 21.075628], [105.440446, 21.076914], [105.439701, 21.077328], [105.439081, 21.078406], [105.438917, 21.079686], [105.44103, 21.080038], [105.44067, 21.081803], [105.439633, 21.081816], [105.438666, 21.082338], [105.438804, 21.083179], [105.439519, 21.083199], [105.439589, 21.084], [105.440557, 21.084065], [105.440704, 21.085675], [105.439529, 21.087099], [105.439641, 21.088198], [105.440517, 21.089427], [105.440617, 21.090689], [105.44138, 21.092047], [105.443311, 21.093039], [105.445266, 21.095002], [105.444623, 21.095738], [105.442511, 21.096709], [105.441205, 21.097746], [105.446603, 21.101269], [105.448804, 21.101516], [105.448964, 21.100732], [105.450158, 21.099745], [105.450769, 21.099553], [105.451395, 21.099886], [105.452132, 21.099619], [105.453215, 21.100114], [105.45585, 21.100557], [105.457242, 21.101495], [105.459598, 21.101764], [105.460295, 21.102292], [105.460567, 21.103206], [105.470304, 21.103222], [105.470264, 21.101373], [105.469847, 21.100294], [105.470519, 21.100344], [105.471901, 21.102559], [105.472603, 21.102766], [105.472442, 21.103537], [105.472963, 21.103545], [105.475078, 21.102324], [105.475636, 21.103411], [105.474972, 21.103584], [105.474758, 21.104225], [105.475752, 21.104569], [105.476109, 21.104848], [105.475822, 21.105163], [105.476535, 21.105606], [105.477693, 21.105724], [105.477649, 21.10604], [105.47795, 21.106153], [105.478797, 21.105031], [105.480563, 21.10453], [105.484536, 21.105411], [105.485186, 21.104815], [105.484583, 21.104426], [105.485004, 21.103162], [105.486098, 21.103296], [105.486499, 21.102696], [105.488256, 21.101679], [105.48802, 21.101583], [105.488001, 21.100159], [105.487551, 21.098792], [105.488051, 21.097877], [105.487952, 21.097481], [105.487267, 21.097495], [105.487379, 21.096754], [105.48779, 21.096649], [105.487674, 21.095901], [105.488181, 21.094602], [105.487918, 21.093793], [105.488501, 21.093403], [105.490696, 21.0936], [105.491992, 21.094704], [105.493115, 21.094137], [105.493122, 21.09476], [105.493576, 21.095051], [105.493448, 21.095815], [105.496307, 21.095223], [105.496501, 21.095983], [105.4979, 21.097107], [105.497736, 21.097662], [105.49949, 21.098498], [105.500501, 21.098346], [105.500714, 21.097903], [105.501217, 21.098027], [105.501868, 21.097522], [105.501972, 21.096584], [105.501295, 21.096286], [105.501255, 21.095922], [105.501808, 21.095709], [105.501965, 21.095249], [105.502708, 21.095501], [105.503655, 21.095136], [105.505591, 21.0956], [105.507384, 21.096459], [105.507306, 21.097591], [105.508019, 21.097732], [105.510415, 21.095371], [105.51178, 21.09535], [105.511395, 21.094491], [105.51105, 21.094281], [105.510409, 21.094494], [105.510273, 21.093901], [105.511411, 21.093492], [105.512147, 21.091752], [105.514472, 21.090174], [105.515384, 21.090489], [105.515621, 21.090951], [105.515405, 21.091439], [105.516101, 21.091989], [105.516903, 21.091914], [105.516876, 21.09222], [105.517349, 21.091801], [105.517356, 21.090665], [105.517772, 21.090322], [105.518219, 21.090182], [105.519448, 21.090587], [105.520768, 21.089949], [105.52178, 21.090253], [105.522004, 21.089603], [105.522963, 21.089044], [105.523475, 21.089047], [105.523594, 21.089425], [105.52411, 21.089019], [105.52493, 21.089278], [105.52515, 21.088792], [105.524919, 21.08838], [105.523524, 21.088313], [105.523183, 21.087894], [105.523915, 21.086556], [105.523516, 21.084748], [105.523911, 21.083759], [105.52439, 21.083387], [105.526961, 21.083023], [105.529572, 21.082131], [105.530759, 21.080535], [105.532178, 21.080641], [105.531871, 21.078102], [105.532492, 21.076186], [105.533015, 21.076015], [105.532984, 21.075047], [105.531998, 21.075059], [105.532442, 21.074112], [105.535107, 21.07482], [105.535266, 21.074012], [105.537878, 21.073067], [105.537999, 21.072652], [105.53775, 21.072584], [105.5358, 21.072689], [105.5352, 21.072367], [105.535309, 21.071531], [105.536123, 21.070806], [105.535014, 21.070104], [105.534463, 21.070586], [105.53364, 21.070554], [105.531575, 21.069636], [105.529768, 21.066245], [105.530371, 21.065048], [105.529009, 21.063826], [105.530665, 21.063311], [105.530868, 21.063022], [105.53046, 21.062669], [105.530789, 21.062271], [105.530595, 21.062151], [105.531786, 21.06112], [105.533167, 21.061182], [105.533682, 21.060685], [105.534023, 21.061113], [105.534412, 21.060935], [105.533562, 21.058743], [105.534278, 21.058034], [105.534382, 21.057152]]]}, "properties": {"ma_xa": "09616", "phuong_moi": NaN, "dien_tich_km2": 57.1, "so_tin_trong": 0, "ty_le_dong_thuan": null}}, {"type": "Feature", "geometry": {"type": "Polygon", "coordinates": [[[105.467697, 21.179855], [105.467789, 21.177915], [105.471448, 21.175649], [105.475402, 21.172096], [105.469906, 21.16903], [105.469198, 21.167849], [105.467838, 21.168929], [105.467057, 21.168261], [105.467315, 21.167251], [105.46672, 21.166096], [105.467331, 21.165773], [105.46694, 21.165385], [105.467286, 21.163456], [105.466207, 21.162822], [105.466298, 21.162242], [105.4658, 21.161927], [105.465462, 21.162534], [105.465048, 21.162332], [105.46567, 21.161246], [105.466221, 21.160919], [105.464715, 21.160138], [105.464588, 21.159792], [105.464136, 21.160099], [105.463149, 21.159247], [105.462989, 21.158781], [105.463489, 21.158484], [105.463988, 21.157065], [105.464307, 21.156943], [105.463695, 21.1558], [105.461985, 21.156357], [105.462134, 21.155355], [105.461433, 21.154189], [105.46147, 21.153653], [105.460532, 21.153633], [105.46051, 21.153267], [105.461417, 21.152199], [105.46091, 21.151011], [105.461016, 21.149999], [105.459405, 21.14997], [105.459012, 21.149173], [105.45864, 21.149148], [105.458592, 21.148861], [105.458118, 21.148992], [105.457435, 21.147953], [105.457872, 21.147542], [105.457349, 21.146372], [105.456137, 21.145845], [105.456021, 21.145071], [105.454061, 21.146192], [105.452439, 21.146604], [105.451338, 21.147905], [105.45062, 21.14746], [105.451087, 21.146632], [105.453562, 21.145409], [105.452257, 21.144945], [105.452715, 21.143645], [105.452055, 21.144062], [105.450745, 21.143403], [105.450944, 21.143049], [105.450726, 21.142754], [105.449927, 21.143526], [105.448612, 21.143962], [105.449661, 21.1455], [105.44908, 21.146782], [105.44607, 21.146406], [105.445857, 21.14844], [105.444801, 21.148615], [105.443932, 21.148258], [105.442583, 21.148864], [105.441452, 21.148375], [105.440359, 21.148371], [105.440003, 21.149315], [105.438303, 21.149114], [105.436059, 21.149391], [105.434142, 21.15147], [105.433544, 21.15135], [105.431896, 21.150551], [105.427853, 21.147217], [105.423771, 21.145468], [105.422587, 21.14411], [105.42047, 21.143601], [105.419696, 21.144583], [105.418469, 21.14287], [105.417863, 21.139671], [105.415145, 21.137927], [105.415293, 21.136091], [105.414563, 21.135243], [105.411724, 21.137894], [105.410902, 21.137769], [105.409468, 21.138499], [105.408288, 21.138656], [105.40846, 21.140148], [105.408089, 21.141627], [105.406993, 21.143019], [105.406614, 21.144083], [105.406048, 21.144532], [105.406347, 21.145836], [105.405879, 21.146543], [105.404212, 21.145933], [105.404845, 21.144795], [105.404287, 21.14385], [105.403845, 21.14373], [105.403349, 21.143757], [105.402887, 21.144432], [105.400804, 21.145689], [105.400334, 21.146258], [105.400493, 21.147341], [105.399798, 21.147204], [105.398602, 21.148865], [105.399141, 21.149578], [105.398377, 21.149866], [105.39809, 21.150866], [105.396033, 21.152382], [105.395852, 21.153032], [105.39518, 21.15331], [105.395238, 21.15424], [105.394729, 21.154542], [105.394172, 21.154008], [105.393592, 21.154214], [105.393887, 21.155977], [105.393341, 21.155644], [105.392654, 21.155995], [105.392536, 21.155226], [105.391982, 21.155122], [105.391073, 21.155751], [105.390812, 21.156426], [105.391214, 21.156724], [105.390871, 21.156982], [105.389826, 21.156588], [105.389237, 21.157087], [105.388177, 21.157245], [105.38633, 21.158176], [105.385191, 21.160485], [105.385331, 21.160783], [105.384551, 21.161207], [105.383089, 21.164539], [105.381783, 21.165411], [105.378378, 21.166441], [105.376569, 21.166534], [105.374782, 21.170031], [105.374522, 21.171431], [105.376318, 21.173862], [105.376808, 21.174024], [105.377367, 21.17401], [105.379466, 21.172901], [105.380545, 21.173175], [105.382519, 21.17554], [105.383216, 21.175969], [105.383059, 21.176944], [105.383373, 21.177316], [105.384936, 21.177086], [105.38628, 21.177479], [105.391189, 21.177747], [105.391672, 21.178255], [105.391803, 21.178972], [105.391721, 21.179646], [105.391112, 21.180292], [105.392195, 21.180798], [105.392275, 21.181363], [105.393179, 21.181345], [105.393799, 21.179836], [105.395686, 21.179859], [105.396324, 21.180352], [105.397022, 21.18176], [105.399997, 21.182778], [105.401433, 21.182595], [105.404225, 21.184103], [105.403895, 21.185066], [105.403258, 21.185139], [105.402693, 21.1858], [105.402595, 21.186152], [105.403159, 21.187203], [105.403525, 21.187345], [105.403785, 21.186891], [105.40431, 21.186756], [105.405129, 21.187939], [105.407224, 21.188261], [105.408292, 21.189426], [105.409541, 21.190207], [105.410592, 21.191789], [105.410595, 21.192518], [105.408474, 21.195704], [105.412236, 21.199119], [105.414553, 21.20187], [105.414566, 21.202425], [105.413664, 21.203747], [105.41341, 21.20507], [105.415416, 21.207386], [105.417312, 21.205378], [105.420177, 21.207406], [105.420128, 21.207953], [105.421114, 21.208464], [105.420384, 21.210885], [105.419098, 21.212878], [105.420296, 21.215604], [105.418828, 21.216428], [105.417658, 21.217626], [105.417581, 21.218102], [105.419742, 21.219148], [105.42076, 21.216575], [105.424069, 21.215841], [105.423912, 21.214661], [105.428002, 21.214595], [105.429618, 21.213949], [105.437872, 21.216538], [105.437125, 21.223593], [105.439383, 21.225289], [105.442381, 21.22941], [105.441066, 21.219631], [105.441411, 21.211053], [105.44175, 21.20915], [105.442861, 21.20629], [105.444308, 21.203916], [105.446342, 21.201566], [105.467697, 21.179855]]]}, "properties": {"ma_xa": "09619", "phuong_moi": NaN, "dien_tich_km2": 49.26, "so_tin_trong": 0, "ty_le_dong_thuan": null}}, {"type": "Feature", "geometry": {"type": "Polygon", "coordinates": [[[105.393124, 21.305673], [105.4113, 21.299027], [105.415846, 21.296989], [105.429669, 21.288959], [105.43523, 21.286578], [105.43938, 21.281639], [105.443188, 21.271313], [105.443619, 21.269091], [105.44442, 21.258349], [105.445576, 21.251803], [105.439498, 21.251049], [105.435212, 21.252244], [105.434753, 21.2511], [105.433863, 21.25132], [105.433353, 21.250407], [105.432599, 21.250597], [105.431795, 21.246708], [105.429473, 21.243584], [105.426679, 21.242744], [105.425206, 21.24294], [105.425147, 21.242355], [105.423336, 21.241976], [105.41529, 21.238397], [105.411715, 21.2402], [105.411855, 21.240608], [105.406687, 21.240902], [105.404776, 21.240409], [105.403311, 21.240847], [105.402802, 21.241385], [105.395422, 21.237807], [105.390728, 21.240708], [105.389117, 21.240157], [105.388049, 21.240173], [105.384602, 21.2366], [105.376886, 21.242224], [105.372344, 21.244974], [105.371624, 21.246795], [105.369904, 21.244249], [105.369224, 21.244238], [105.369275, 21.243786], [105.368015, 21.243677], [105.367984, 21.24438], [105.366411, 21.245055], [105.366438, 21.244819], [105.364928, 21.244126], [105.363889, 21.244058], [105.363566, 21.244779], [105.363084, 21.244929], [105.363062, 21.24435], [105.362621, 21.244234], [105.362324, 21.244402], [105.362473, 21.245452], [105.361954, 21.245296], [105.360955, 21.244089], [105.360296, 21.244759], [105.36006, 21.244282], [105.358954, 21.244764], [105.359396, 21.243746], [105.358677, 21.243823], [105.357779, 21.243103], [105.356784, 21.242894], [105.355479, 21.244801], [105.353437, 21.245797], [105.353359, 21.245107], [105.352017, 21.23959], [105.34728, 21.226527], [105.35201, 21.239588], [105.353352, 21.245105], [105.35407, 21.252131], [105.352493, 21.259537], [105.352353, 21.270062], [105.353871, 21.279865], [105.357021, 21.28973], [105.362164, 21.284926], [105.374277, 21.292172], [105.37516, 21.295456], [105.387688, 21.303523], [105.391958, 21.305671], [105.393124, 21.305673]]]}, "properties": {"ma_xa": "09634", "phuong_moi": NaN, "dien_tich_km2": 53.25, "so_tin_trong": 0, "ty_le_dong_thuan": null}}, {"type": "Feature", "geometry": {"type": "Polygon", "coordinates": [[[105.46244, 21.20606], [105.463899, 21.206364], [105.464427, 21.203384], [105.463055, 21.203105], [105.4639, 21.201299], [105.464494, 21.200747], [105.466356, 21.200981], [105.467697, 21.179855], [105.446342, 21.201566], [105.444308, 21.203916], [105.442861, 21.20629], [105.44175, 21.20915], [105.441411, 21.211053], [105.441066, 21.219631], [105.442473, 21.230095], [105.446361, 21.244302], [105.451623, 21.237873], [105.451324, 21.237628], [105.458556, 21.225841], [105.462344, 21.214605], [105.46209, 21.214519], [105.463262, 21.208706], [105.461439, 21.208146], [105.46244, 21.20606]]]}, "properties": {"ma_xa": "09661", "phuong_moi": NaN, "dien_tich_km2": 10.36, "so_tin_trong": 0, "ty_le_dong_thuan": null}}, {"type": "Feature", "geometry": {"type": "Polygon", "coordinates": [[[105.438857, 21.251183], [105.445576, 21.251803], [105.446363, 21.24431], [105.442381, 21.22941], [105.439383, 21.225289], [105.437125, 21.223593], [105.437872, 21.216538], [105.429618, 21.213949], [105.428002, 21.214595], [105.423912, 21.214661], [105.424069, 21.215841], [105.42076, 21.216575], [105.419742, 21.219148], [105.417581, 21.218102], [105.417658, 21.217626], [105.418828, 21.216428], [105.420296, 21.215604], [105.419098, 21.212878], [105.420384, 21.210885], [105.421114, 21.208464], [105.420128, 21.207953], [105.420177, 21.207406], [105.417312, 21.205378], [105.415416, 21.207386], [105.41341, 21.20507], [105.413664, 21.203747], [105.414566, 21.202425], [105.414553, 21.20187], [105.412236, 21.199119], [105.408474, 21.195704], [105.410595, 21.192518], [105.410592, 21.191789], [105.409541, 21.190207], [105.408292, 21.189426], [105.407224, 21.188261], [105.405129, 21.187939], [105.40431, 21.186756], [105.403785, 21.186891], [105.403525, 21.187345], [105.403159, 21.187203], [105.402595, 21.186152], [105.402693, 21.1858], [105.403258, 21.185139], [105.403895, 21.185066], [105.404225, 21.184103], [105.401433, 21.182595], [105.399997, 21.182778], [105.397022, 21.18176], [105.396324, 21.180352], [105.395686, 21.179859], [105.393799, 21.179836], [105.393179, 21.181345], [105.392275, 21.181363], [105.392195, 21.180798], [105.391112, 21.180292], [105.391721, 21.179646], [105.391787, 21.178606], [105.390936, 21.177633], [105.388161, 21.177654], [105.384936, 21.177086], [105.383373, 21.177316], [105.383059, 21.176944], [105.383216, 21.175969], [105.380342, 21.173043], [105.379183, 21.172966], [105.377083, 21.174061], [105.376318, 21.173862], [105.374522, 21.171431], [105.374086, 21.172246], [105.374172, 21.172959], [105.373429, 21.173888], [105.37296, 21.176872], [105.372665, 21.18229], [105.373811, 21.186371], [105.373232, 21.187283], [105.368759, 21.191597], [105.369146, 21.198671], [105.358319, 21.199765], [105.356297, 21.199694], [105.353706, 21.201024], [105.352849, 21.201896], [105.349961, 21.207558], [105.349141, 21.207473], [105.349334, 21.207889], [105.346959, 21.208198], [105.346189, 21.208207], [105.345612, 21.207721], [105.339274, 21.210044], [105.343745, 21.219808], [105.347232, 21.226377], [105.352017, 21.23959], [105.353437, 21.245797], [105.355479, 21.244801], [105.356784, 21.242894], [105.357779, 21.243103], [105.358677, 21.243823], [105.359396, 21.243746], [105.358954, 21.244764], [105.36006, 21.244282], [105.360296, 21.244759], [105.360955, 21.244089], [105.361954, 21.245296], [105.362473, 21.245452], [105.362324, 21.244402], [105.362621, 21.244234], [105.363062, 21.24435], [105.363084, 21.244929], [105.363566, 21.244779], [105.363889, 21.244058], [105.364928, 21.244126], [105.366438, 21.244819], [105.366411, 21.245055], [105.367984, 21.24438], [105.368015, 21.243677], [105.369275, 21.243786], [105.369224, 21.244238], [105.369904, 21.244249], [105.371624, 21.246795], [105.372344, 21.244974], [105.376886, 21.242224], [105.384602, 21.2366], [105.388049, 21.240173], [105.389117, 21.240157], [105.390728, 21.240708], [105.395422, 21.237807], [105.402802, 21.241385], [105.403311, 21.240847], [105.404776, 21.240409], [105.406687, 21.240902], [105.411855, 21.240608], [105.411715, 21.2402], [105.41529, 21.238397], [105.423336, 21.241976], [105.425147, 21.242355], [105.425206, 21.24294], [105.426679, 21.242744], [105.429473, 21.243584], [105.431795, 21.246708], [105.432599, 21.250597], [105.433353, 21.250407], [105.433863, 21.25132], [105.434753, 21.2511], [105.435212, 21.252244], [105.438857, 21.251183]]]}, "properties": {"ma_xa": "09664", "phuong_moi": NaN, "dien_tich_km2": 51.75, "so_tin_trong": 0, "ty_le_dong_thuan": null}}, {"type": "Feature", "geometry": {"type": "Polygon", "coordinates": [[[105.34405, 21.208249], [105.345612, 21.207721], [105.346189, 21.208207], [105.346959, 21.208198], [105.349334, 21.207889], [105.349141, 21.207473], [105.349961, 21.207558], [105.352849, 21.201896], [105.353706, 21.201024], [105.356297, 21.199694], [105.358319, 21.199765], [105.369146, 21.198671], [105.368759, 21.191597], [105.373232, 21.187283], [105.373811, 21.186371], [105.372674, 21.182442], [105.37296, 21.176872], [105.373429, 21.173888], [105.374145, 21.173043], [105.374086, 21.172246], [105.374771, 21.170927], [105.374735, 21.170157], [105.376569, 21.166534], [105.37068, 21.158083], [105.37046, 21.150113], [105.367883, 21.146744], [105.366169, 21.140944], [105.363567, 21.139997], [105.363535, 21.138236], [105.360281, 21.138548], [105.357623, 21.138321], [105.35527, 21.139299], [105.354203, 21.139106], [105.353169, 21.140014], [105.348896, 21.140942], [105.34823, 21.141746], [105.346772, 21.145376], [105.345605, 21.146202], [105.344344, 21.144874], [105.343522, 21.142827], [105.342015, 21.142191], [105.34074, 21.14118], [105.339049, 21.141305], [105.336472, 21.143364], [105.337209, 21.14606], [105.334249, 21.148004], [105.333599, 21.147412], [105.332271, 21.14739], [105.330157, 21.148296], [105.328207, 21.14653], [105.328221, 21.145184], [105.327652, 21.14433], [105.3267, 21.144801], [105.326038, 21.143896], [105.323822, 21.145144], [105.322103, 21.143257], [105.318665, 21.14224], [105.319838, 21.140255], [105.319668, 21.139101], [105.321889, 21.137726], [105.322457, 21.136893], [105.321093, 21.136699], [105.320178, 21.136191], [105.319692, 21.135324], [105.318349, 21.134812], [105.318309, 21.13422], [105.318734, 21.133453], [105.320015, 21.132428], [105.319665, 21.131662], [105.320232, 21.131064], [105.320622, 21.129659], [105.321479, 21.128369], [105.321576, 21.127149], [105.322176, 21.126372], [105.323089, 21.12593], [105.323627, 21.122892], [105.327667, 21.121677], [105.329709, 21.121718], [105.330608, 21.120626], [105.330658, 21.118751], [105.331108, 21.117311], [105.332644, 21.11584], [105.331239, 21.112978], [105.325973, 21.114], [105.325457, 21.11375], [105.323839, 21.111179], [105.322657, 21.110696], [105.320108, 21.110827], [105.320184, 21.110132], [105.320155, 21.108715], [105.320047, 21.107249], [105.319809, 21.10549], [105.319131, 21.101296], [105.318287, 21.097063], [105.317799, 21.095395], [105.316852, 21.093095], [105.315101, 21.089495], [105.31473, 21.088898], [105.314385, 21.088367], [105.31351, 21.087345], [105.310122, 21.084002], [105.306955, 21.08028], [105.303812, 21.075675], [105.301219, 21.070456], [105.303805, 21.075673], [105.306948, 21.080278], [105.310115, 21.084], [105.314378, 21.088365], [105.316845, 21.093092], [105.31828, 21.097061], [105.319802, 21.105488], [105.320177, 21.11013], [105.319735, 21.113602], [105.316163, 21.118912], [105.313252, 21.124436], [105.31001, 21.128866], [105.307245, 21.134435], [105.303516, 21.1381], [105.294737, 21.147799], [105.288444, 21.158101], [105.285956, 21.161184], [105.285352, 21.171875], [105.289621, 21.173123], [105.292046, 21.171971], [105.302764, 21.190739], [105.325381, 21.203402], [105.329166, 21.204111], [105.335911, 21.201164], [105.339061, 21.201772], [105.341819, 21.203755], [105.34405, 21.208249]]]}, "properties": {"ma_xa": "09676", "phuong_moi": NaN, "dien_tich_km2": 56.43, "so_tin_trong": 0, "ty_le_dong_thuan": null}}, {"type": "Feature", "geometry": {"type": "Polygon", "coordinates": [[[105.3886, 21.157101], [105.389237, 21.157087], [105.389932, 21.15657], [105.391097, 21.156853], [105.390806, 21.156384], [105.391073, 21.155751], [105.391982, 21.155122], [105.392536, 21.155226], [105.392654, 21.155995], [105.393341, 21.155644], [105.393811, 21.156051], [105.393592, 21.154214], [105.394172, 21.154008], [105.394729, 21.154542], [105.395238, 21.15424], [105.39518, 21.15331], [105.395852, 21.153032], [105.396033, 21.152382], [105.39809, 21.150866], [105.398377, 21.149866], [105.399141, 21.149578], [105.398602, 21.148865], [105.399798, 21.147204], [105.400493, 21.147341], [105.400365, 21.146155], [105.402887, 21.144432], [105.403384, 21.143735], [105.404287, 21.14385], [105.404845, 21.144795], [105.404212, 21.145933], [105.405879, 21.146543], [105.406347, 21.145836], [105.406048, 21.144532], [105.406614, 21.144083], [105.406993, 21.143019], [105.408089, 21.141627], [105.40846, 21.140148], [105.408288, 21.138656], [105.409468, 21.138499], [105.410902, 21.137769], [105.411724, 21.137894], [105.415395, 21.134721], [105.417945, 21.134754], [105.419376, 21.131773], [105.420837, 21.131756], [105.42163, 21.129653], [105.42321, 21.129437], [105.423406, 21.127397], [105.424525, 21.126764], [105.424681, 21.124479], [105.425399, 21.122054], [105.426851, 21.121631], [105.428125, 21.120788], [105.431248, 21.120135], [105.430746, 21.118925], [105.429686, 21.117663], [105.429589, 21.116805], [105.430093, 21.11593], [105.429626, 21.113295], [105.430013, 21.110189], [105.430502, 21.109743], [105.431233, 21.109924], [105.43146, 21.109436], [105.430623, 21.109169], [105.430997, 21.106769], [105.423991, 21.105465], [105.42382, 21.104665], [105.425486, 21.105033], [105.425788, 21.104051], [105.424043, 21.103884], [105.423811, 21.104398], [105.423106, 21.104504], [105.418901, 21.101379], [105.4131, 21.102001], [105.412224, 21.102419], [105.404891, 21.09782], [105.402755, 21.098055], [105.40196, 21.097177], [105.402398, 21.096015], [105.401807, 21.094522], [105.399593, 21.094112], [105.398722, 21.092294], [105.397454, 21.092016], [105.395749, 21.092662], [105.395207, 21.092139], [105.393558, 21.091603], [105.392004, 21.091804], [105.391523, 21.091027], [105.391517, 21.089394], [105.391243, 21.088822], [105.390555, 21.088704], [105.390433, 21.087937], [105.389747, 21.088105], [105.388453, 21.087101], [105.385444, 21.085711], [105.384729, 21.084611], [105.385562, 21.084853], [105.385038, 21.084236], [105.384337, 21.084027], [105.382911, 21.084216], [105.383785, 21.083438], [105.381712, 21.083911], [105.382441, 21.083213], [105.381688, 21.083123], [105.379828, 21.083705], [105.379393, 21.084527], [105.377727, 21.085149], [105.376933, 21.084878], [105.375737, 21.085571], [105.376127, 21.086607], [105.377143, 21.087577], [105.378873, 21.092295], [105.379525, 21.092914], [105.380083, 21.094925], [105.379378, 21.095339], [105.379356, 21.096187], [105.377597, 21.09724], [105.376952, 21.096545], [105.374182, 21.0954], [105.373417, 21.095422], [105.373403, 21.094295], [105.372725, 21.094471], [105.372027, 21.094221], [105.371404, 21.094681], [105.372281, 21.096842], [105.373965, 21.097805], [105.374705, 21.098752], [105.374672, 21.099383], [105.37362, 21.099719], [105.374453, 21.100284], [105.375045, 21.101372], [105.374261, 21.103292], [105.375247, 21.104483], [105.375241, 21.105163], [105.371564, 21.107166], [105.372897, 21.10898], [105.372427, 21.109558], [105.373458, 21.110041], [105.373189, 21.111575], [105.370616, 21.110869], [105.369618, 21.110135], [105.368385, 21.110317], [105.368179, 21.110989], [105.367595, 21.111314], [105.367122, 21.109655], [105.366027, 21.109192], [105.366284, 21.10852], [105.365077, 21.108543], [105.365084, 21.108878], [105.364107, 21.109262], [105.362849, 21.108373], [105.362128, 21.108483], [105.360634, 21.107394], [105.361706, 21.105844], [105.361705, 21.105307], [105.360852, 21.104844], [105.36033, 21.103194], [105.359317, 21.102261], [105.358443, 21.100408], [105.355678, 21.098142], [105.355395, 21.096924], [105.354602, 21.097813], [105.350909, 21.099305], [105.349586, 21.100358], [105.347123, 21.100661], [105.345499, 21.102523], [105.344649, 21.104401], [105.344286, 21.105524], [105.34449, 21.106632], [105.343954, 21.107097], [105.343808, 21.107741], [105.342852, 21.108516], [105.343525, 21.109647], [105.342722, 21.109776], [105.338109, 21.112737], [105.334244, 21.112244], [105.331239, 21.112978], [105.332644, 21.11584], [105.331108, 21.117311], [105.330658, 21.118751], [105.330608, 21.120626], [105.330138, 21.121292], [105.329709, 21.121718], [105.327667, 21.121677], [105.323627, 21.122892], [105.323089, 21.12593], [105.322176, 21.126372], [105.321576, 21.127149], [105.321479, 21.128369], [105.320622, 21.129659], [105.320232, 21.131064], [105.319665, 21.131662], [105.320015, 21.132428], [105.318734, 21.133453], [105.318309, 21.13422], [105.318349, 21.134812], [105.319692, 21.135324], [105.320178, 21.136191], [105.321093, 21.136699], [105.322457, 21.136893], [105.321889, 21.137726], [105.319668, 21.139101], [105.319838, 21.140255], [105.318665, 21.14224], [105.322103, 21.143257], [105.323822, 21.145144], [105.326038, 21.143896], [105.3267, 21.144801], [105.327652, 21.14433], [105.328221, 21.145184], [105.328207, 21.14653], [105.330157, 21.148296], [105.332271, 21.14739], [105.333599, 21.147412], [105.334249, 21.148004], [105.337209, 21.14606], [105.336472, 21.143364], [105.339049, 21.141305], [105.34074, 21.14118], [105.342015, 21.142191], [105.343522, 21.142827], [105.344344, 21.144874], [105.345605, 21.146202], [105.346772, 21.145376], [105.34823, 21.141746], [105.348896, 21.140942], [105.353169, 21.140014], [105.354203, 21.139106], [105.35527, 21.139299], [105.357623, 21.138321], [105.360281, 21.138548], [105.363535, 21.138236], [105.363567, 21.139997], [105.366169, 21.140944], [105.367883, 21.146744], [105.37046, 21.150113], [105.37068, 21.158083], [105.376471, 21.166478], [105.378378, 21.166441], [105.382624, 21.164956], [105.383434, 21.163995], [105.384551, 21.161207], [105.385331, 21.160783], [105.385191, 21.160485], [105.386264, 21.158248], [105.3886, 21.157101]]]}, "properties": {"ma_xa": "09694", "phuong_moi": NaN, "dien_tich_km2": 51.56, "so_tin_trong": 0, "ty_le_dong_thuan": null}}, {"type": "Feature", "geometry": {"type": "Polygon", "coordinates": [[[105.334244, 21.112244], [105.338215, 21.112708], [105.342722, 21.109776], [105.343525, 21.109647], [105.342852, 21.108516], [105.343808, 21.107741], [105.343954, 21.107097], [105.34449, 21.106632], [105.344286, 21.105524], [105.344649, 21.104401], [105.345499, 21.102523], [105.346991, 21.100781], [105.349586, 21.100358], [105.350909, 21.099305], [105.354602, 21.097813], [105.355395, 21.096924], [105.355678, 21.098142], [105.358443, 21.100408], [105.359317, 21.102261], [105.36033, 21.103194], [105.360852, 21.104844], [105.361705, 21.105307], [105.361706, 21.105844], [105.360634, 21.107394], [105.362128, 21.108483], [105.362849, 21.108373], [105.364107, 21.109262], [105.365084, 21.108878], [105.365077, 21.108543], [105.366284, 21.10852], [105.366027, 21.109192], [105.367122, 21.109655], [105.367595, 21.111314], [105.368179, 21.110989], [105.368385, 21.110317], [105.369618, 21.110135], [105.370616, 21.110869], [105.373189, 21.111575], [105.373458, 21.110041], [105.372427, 21.109558], [105.372897, 21.10898], [105.371564, 21.107166], [105.375241, 21.105163], [105.375247, 21.104483], [105.374261, 21.103292], [105.375045, 21.101372], [105.374453, 21.100284], [105.37362, 21.099719], [105.374672, 21.099383], [105.374705, 21.098752], [105.373965, 21.097805], [105.372281, 21.096842], [105.371422, 21.094622], [105.372027, 21.094221], [105.372725, 21.094471], [105.373403, 21.094295], [105.373417, 21.095422], [105.374182, 21.0954], [105.376952, 21.096545], [105.377597, 21.09724], [105.379287, 21.096255], [105.379378, 21.095339], [105.380083, 21.094925], [105.379525, 21.092914], [105.378873, 21.092295], [105.377143, 21.087577], [105.376127, 21.086607], [105.375712, 21.085732], [105.375895, 21.085357], [105.376933, 21.084878], [105.377727, 21.085149], [105.379393, 21.084527], [105.379828, 21.083705], [105.381688, 21.083123], [105.378182, 21.034651], [105.379997, 21.031349], [105.380753, 21.03077], [105.380805, 21.030117], [105.382166, 21.029856], [105.38287, 21.029003], [105.383238, 21.029106], [105.38444, 21.028491], [105.385663, 21.026783], [105.386504, 21.024881], [105.387487, 21.024437], [105.383253, 21.022007], [105.378906, 21.018713], [105.376884, 21.015993], [105.375628, 21.015055], [105.372008, 21.013584], [105.368481, 21.012722], [105.366035, 21.012562], [105.363183, 21.01075], [105.361019, 21.010524], [105.360177, 21.009518], [105.359367, 21.009376], [105.359076, 21.008984], [105.356786, 21.008518], [105.353444, 21.007239], [105.351905, 21.007988], [105.351014, 21.009024], [105.349422, 21.012564], [105.347773, 21.014157], [105.345986, 21.013068], [105.344905, 21.013305], [105.343083, 21.012723], [105.338907, 21.013435], [105.338392, 21.012007], [105.335399, 21.011361], [105.333607, 21.010238], [105.333671, 21.009747], [105.33504, 21.009304], [105.333701, 21.00852], [105.331296, 21.008393], [105.3309, 21.008753], [105.330724, 21.008191], [105.330168, 21.008351], [105.329544, 21.008008], [105.328705, 21.00862], [105.328304, 21.008555], [105.327811, 21.009137], [105.32723, 21.008876], [105.326771, 21.009092], [105.326409, 21.008763], [105.326443, 21.009454], [105.325534, 21.009757], [105.326045, 21.009952], [105.325967, 21.010161], [105.325456, 21.010324], [105.325011, 21.010033], [105.325421, 21.01121], [105.32629, 21.01109], [105.327104, 21.012112], [105.326755, 21.013192], [105.327744, 21.013885], [105.32691, 21.014541], [105.326692, 21.016464], [105.327797, 21.017076], [105.328415, 21.016524], [105.328765, 21.016598], [105.32875, 21.017436], [105.329229, 21.017575], [105.33047, 21.019026], [105.330246, 21.019252], [105.330681, 21.01973], [105.330204, 21.01998], [105.330173, 21.020668], [105.330716, 21.020653], [105.331207, 21.021312], [105.331259, 21.022927], [105.330177, 21.023059], [105.329795, 21.023558], [105.329148, 21.02363], [105.328866, 21.024116], [105.328272, 21.02374], [105.327382, 21.023796], [105.326527, 21.021615], [105.325711, 21.021106], [105.324305, 21.021618], [105.323765, 21.020284], [105.323153, 21.02028], [105.323012, 21.020746], [105.321751, 21.020198], [105.321249, 21.020434], [105.32019, 21.020215], [105.321882, 21.019713], [105.322053, 21.018587], [105.321567, 21.01819], [105.320874, 21.018576], [105.320549, 21.018438], [105.320668, 21.017593], [105.320192, 21.018355], [105.31978, 21.01824], [105.316414, 21.013654], [105.314384, 21.015766], [105.306487, 21.021322], [105.305, 21.022672], [105.300787, 21.0293], [105.297882, 21.033198], [105.296993, 21.035409], [105.293484, 21.050573], [105.293379, 21.05266], [105.294673, 21.056739], [105.29749, 21.06152], [105.299306, 21.066731], [105.303812, 21.075675], [105.306955, 21.08028], [105.314385, 21.088367], [105.316852, 21.093095], [105.318287, 21.097063], [105.319131, 21.101296], [105.320047, 21.107249], [105.320108, 21.110827], [105.322657, 21.110696], [105.323839, 21.111179], [105.325457, 21.11375], [105.325973, 21.114], [105.334244, 21.112244]]]}, "properties": {"ma_xa": "09700", "phuong_moi": NaN, "dien_tich_km2": 81.27, "so_tin_trong": 0, "ty_le_dong_thuan": null}}, {"type": "Feature", "geometry": {"type": "Polygon", "coordinates": [[[105.441545, 21.103555], [105.440174, 21.102682], [105.440081, 21.102322], [105.441339, 21.101885], [105.442039, 21.099746], [105.442735, 21.09893], [105.441205, 21.097746], [105.442511, 21.096709], [105.444623, 21.095738], [105.445266, 21.095002], [105.443311, 21.093039], [105.44138, 21.092047], [105.440617, 21.090689], [105.440517, 21.089427], [105.439641, 21.088198], [105.439529, 21.087099], [105.440704, 21.085675], [105.440557, 21.084065], [105.439589, 21.084], [105.439519, 21.083199], [105.438804, 21.083179], [105.438666, 21.082338], [105.439633, 21.081816], [105.44067, 21.081803], [105.44103, 21.080038], [105.438917, 21.079686], [105.439081, 21.078406], [105.439701, 21.077328], [105.440446, 21.076914], [105.440557, 21.075628], [105.440925, 21.0757], [105.441578, 21.074051], [105.440512, 21.07249], [105.44076, 21.071485], [105.439074, 21.069761], [105.439954, 21.068106], [105.439794, 21.067625], [105.440368, 21.067342], [105.44088, 21.066549], [105.440156, 21.066454], [105.445206, 21.062293], [105.445343, 21.062766], [105.446615, 21.063572], [105.448066, 21.062873], [105.448512, 21.063182], [105.448905, 21.063001], [105.451769, 21.06542], [105.453722, 21.066171], [105.453864, 21.067022], [105.454397, 21.067307], [105.453474, 21.06341], [105.454246, 21.063429], [105.454889, 21.064001], [105.45477, 21.06502], [105.455796, 21.066878], [105.456244, 21.066822], [105.456445, 21.067278], [105.45684, 21.067342], [105.457302, 21.068681], [105.459408, 21.070667], [105.459931, 21.070263], [105.459147, 21.069106], [105.459239, 21.067934], [105.459728, 21.066835], [105.459025, 21.063607], [105.458795, 21.063431], [105.458692, 21.063773], [105.457548, 21.062725], [105.457422, 21.062207], [105.457929, 21.062094], [105.458064, 21.061677], [105.457244, 21.060474], [105.455236, 21.059863], [105.456979, 21.059336], [105.457598, 21.058505], [105.457428, 21.058015], [105.458664, 21.057889], [105.459238, 21.058698], [105.459037, 21.059098], [105.459656, 21.062913], [105.460563, 21.064838], [105.460369, 21.065638], [105.461212, 21.066257], [105.460509, 21.067846], [105.460592, 21.06829], [105.463052, 21.071046], [105.465023, 21.071136], [105.464766, 21.072143], [105.465165, 21.07256], [105.465787, 21.072115], [105.46525, 21.07078], [105.464532, 21.070588], [105.464248, 21.070144], [105.464601, 21.067176], [105.464279, 21.066836], [105.462954, 21.066737], [105.46223, 21.065986], [105.46162, 21.065883], [105.460883, 21.064393], [105.461243, 21.062777], [105.461783, 21.062397], [105.461509, 21.061519], [105.461099, 21.061298], [105.461248, 21.060677], [105.460975, 21.060458], [105.461259, 21.060059], [105.461038, 21.059047], [105.461318, 21.057802], [105.460523, 21.056765], [105.459814, 21.056649], [105.458294, 21.055133], [105.458122, 21.038789], [105.456882, 21.032798], [105.460694, 21.029183], [105.461578, 21.027717], [105.463432, 21.026206], [105.463239, 21.025901], [105.465317, 21.024147], [105.468907, 21.02195], [105.464847, 21.017732], [105.461253, 21.013115], [105.458253, 21.012865], [105.454554, 21.01172], [105.452709, 21.012352], [105.450729, 21.014474], [105.44944, 21.01418], [105.448384, 21.014966], [105.446763, 21.014752], [105.446025, 21.015154], [105.443249, 21.014069], [105.441616, 21.014743], [105.441084, 21.015691], [105.44062, 21.015926], [105.436724, 21.016087], [105.435176, 21.017116], [105.434175, 21.017114], [105.432422, 21.01614], [105.43113, 21.014712], [105.430454, 21.015028], [105.428918, 21.014561], [105.42777, 21.014619], [105.42744, 21.014206], [105.425757, 21.01379], [105.424856, 21.013999], [105.423069, 21.013456], [105.42204, 21.012749], [105.420873, 21.013029], [105.419604, 21.012891], [105.41814, 21.011849], [105.416742, 21.011359], [105.415674, 21.012511], [105.413129, 21.013926], [105.412919, 21.014774], [105.411355, 21.016557], [105.411114, 21.018227], [105.406783, 21.017066], [105.403744, 21.014612], [105.401567, 21.013777], [105.400231, 21.013995], [105.39835, 21.01521], [105.396834, 21.01493], [105.39606, 21.014367], [105.392617, 21.014198], [105.390772, 21.01553], [105.386775, 21.019361], [105.38656, 21.020125], [105.38766, 21.022636], [105.387487, 21.024437], [105.386504, 21.024881], [105.385663, 21.026783], [105.38444, 21.028491], [105.383238, 21.029106], [105.38287, 21.029003], [105.382166, 21.029856], [105.380805, 21.030117], [105.380753, 21.03077], [105.379997, 21.031349], [105.378182, 21.034651], [105.381688, 21.083123], [105.382441, 21.083213], [105.38165, 21.083878], [105.383785, 21.083438], [105.382911, 21.084216], [105.384337, 21.084027], [105.385038, 21.084236], [105.385562, 21.084853], [105.384729, 21.084611], [105.385444, 21.085711], [105.388453, 21.087101], [105.389747, 21.088105], [105.390433, 21.087937], [105.390555, 21.088704], [105.391243, 21.088822], [105.391517, 21.089394], [105.391523, 21.091027], [105.392004, 21.091804], [105.393558, 21.091603], [105.395207, 21.092139], [105.395749, 21.092662], [105.397454, 21.092016], [105.398477, 21.092124], [105.399205, 21.092932], [105.399593, 21.094112], [105.401807, 21.094522], [105.402398, 21.096015], [105.40196, 21.097177], [105.402755, 21.098055], [105.404891, 21.09782], [105.412224, 21.102419], [105.4131, 21.102001], [105.418901, 21.101379], [105.423234, 21.104497], [105.423811, 21.104398], [105.424043, 21.103884], [105.425979, 21.104065], [105.426805, 21.103568], [105.427942, 21.103995], [105.428318, 21.103669], [105.428614, 21.10396], [105.428776, 21.103668], [105.430273, 21.103866], [105.434065, 21.101127], [105.434643, 21.10109], [105.437558, 21.102279], [105.440715, 21.10451], [105.441897, 21.104982], [105.442086, 21.10474], [105.441182, 21.10391], [105.441545, 21.103555]]]}, "properties": {"ma_xa": "09706", "phuong_moi": NaN, "dien_tich_km2": 68.19, "so_tin_trong": 1, "ty_le_dong_thuan": 1.0}}, {"type": "Feature", "geometry": {"type": "Polygon", "coordinates": [[[105.611561, 21.13564], [105.609556, 21.13323], [105.60866, 21.131396], [105.608239, 21.131424], [105.607687, 21.130566], [105.607043, 21.130237], [105.605412, 21.130036], [105.605884, 21.124368], [105.605079, 21.123296], [105.605029, 21.12146], [105.605153, 21.120047], [105.606065, 21.119817], [105.606148, 21.115831], [105.605708, 21.115655], [105.606692, 21.113687], [105.605039, 21.112712], [105.604652, 21.113975], [105.60224, 21.118115], [105.598877, 21.12072], [105.598417, 21.120346], [105.597508, 21.120725], [105.596298, 21.110807], [105.593457, 21.110103], [105.590259, 21.109902], [105.59062, 21.108857], [105.589499, 21.107924], [105.589629, 21.106785], [105.592895, 21.10672], [105.593674, 21.099119], [105.593776, 21.09771], [105.593076, 21.09783], [105.592943, 21.096566], [105.593596, 21.095675], [105.594017, 21.092624], [105.592939, 21.092147], [105.592592, 21.090612], [105.592964, 21.090435], [105.593094, 21.088358], [105.592527, 21.08673], [105.593786, 21.087018], [105.593811, 21.086736], [105.5927, 21.084719], [105.591311, 21.084673], [105.592174, 21.079932], [105.593515, 21.077855], [105.592116, 21.077616], [105.592194, 21.076884], [105.583282, 21.075173], [105.583347, 21.075666], [105.581446, 21.078032], [105.580939, 21.077883], [105.576806, 21.08028], [105.574935, 21.082178], [105.576766, 21.086308], [105.576077, 21.086814], [105.57634, 21.087962], [105.575452, 21.088447], [105.576789, 21.093198], [105.576115, 21.094125], [105.576236, 21.0944], [105.57555, 21.094643], [105.575896, 21.096503], [105.575489, 21.097661], [105.575687, 21.098801], [105.575281, 21.099048], [105.575538, 21.099675], [105.574221, 21.100089], [105.571182, 21.100457], [105.563349, 21.100086], [105.557434, 21.102059], [105.554831, 21.096392], [105.554061, 21.097317], [105.552703, 21.097013], [105.552453, 21.096519], [105.551707, 21.097021], [105.551218, 21.096699], [105.551065, 21.097216], [105.550507, 21.096803], [105.549929, 21.097033], [105.549338, 21.095916], [105.549418, 21.094001], [105.547924, 21.094133], [105.547773, 21.093836], [105.546764, 21.095036], [105.545559, 21.094463], [105.543782, 21.095015], [105.544024, 21.095535], [105.543614, 21.096243], [105.542522, 21.095243], [105.542034, 21.094109], [105.541289, 21.093927], [105.540368, 21.092801], [105.539677, 21.092595], [105.539473, 21.092299], [105.539768, 21.09144], [105.539266, 21.091043], [105.538944, 21.091329], [105.531998, 21.090978], [105.530269, 21.090839], [105.530202, 21.09049], [105.52946, 21.091325], [105.528628, 21.091324], [105.527675, 21.090479], [105.527523, 21.089284], [105.526633, 21.089673], [105.52411, 21.089019], [105.523594, 21.089425], [105.523339, 21.089004], [105.522299, 21.089321], [105.52178, 21.090253], [105.520768, 21.089949], [105.519448, 21.090587], [105.518219, 21.090182], [105.517772, 21.090322], [105.517356, 21.090665], [105.517349, 21.091801], [105.516876, 21.09222], [105.516903, 21.091914], [105.516101, 21.091989], [105.515405, 21.091439], [105.515621, 21.090951], [105.515384, 21.090489], [105.514304, 21.09026], [105.512147, 21.091752], [105.511411, 21.093492], [105.510273, 21.093901], [105.510409, 21.094494], [105.51105, 21.094281], [105.511395, 21.094491], [105.51178, 21.09535], [105.510415, 21.095371], [105.507883, 21.097777], [105.507265, 21.097494], [105.507427, 21.096499], [105.505591, 21.0956], [105.503655, 21.095136], [105.502708, 21.095501], [105.501965, 21.095249], [105.501808, 21.095709], [105.501283, 21.095794], [105.501295, 21.096286], [105.501972, 21.096584], [105.501884, 21.097474], [105.501217, 21.098027], [105.500714, 21.097903], [105.500501, 21.098346], [105.501833, 21.099075], [105.502854, 21.099046], [105.503228, 21.09989], [105.505483, 21.101714], [105.506336, 21.103803], [105.505544, 21.10473], [105.506122, 21.107018], [105.503286, 21.107129], [105.502415, 21.108227], [105.502688, 21.109067], [105.502336, 21.109967], [105.501526, 21.110266], [105.501445, 21.111311], [105.501796, 21.111388], [105.501558, 21.11201], [105.500564, 21.112992], [105.501189, 21.113907], [105.502011, 21.113857], [105.501894, 21.11451], [105.502475, 21.11442], [105.502831, 21.115089], [105.50186, 21.11566], [105.502361, 21.116201], [105.501782, 21.116819], [105.503075, 21.117174], [105.505344, 21.120165], [105.505381, 21.121142], [105.504779, 21.123228], [105.506048, 21.124013], [105.507475, 21.12352], [105.508123, 21.124761], [105.510509, 21.123637], [105.512637, 21.125812], [105.512923, 21.127646], [105.513569, 21.128688], [105.514291, 21.128574], [105.514777, 21.129046], [105.515885, 21.127975], [105.516224, 21.128238], [105.516325, 21.129159], [105.516953, 21.129529], [105.517303, 21.129112], [105.517954, 21.129656], [105.518718, 21.128837], [105.518476, 21.128665], [105.518979, 21.12845], [105.519251, 21.128632], [105.518781, 21.129191], [105.520075, 21.129889], [105.519935, 21.130926], [105.520376, 21.131759], [105.52178, 21.133109], [105.52269, 21.133505], [105.526266, 21.134294], [105.526758, 21.133745], [105.528155, 21.133656], [105.529126, 21.133032], [105.530729, 21.134161], [105.532394, 21.133923], [105.534015, 21.133131], [105.534827, 21.131799], [105.535509, 21.125487], [105.5385, 21.123126], [105.540239, 21.122561], [105.540511, 21.122148], [105.542241, 21.122035], [105.547787, 21.120035], [105.549805, 21.119667], [105.549976, 21.120222], [105.551418, 21.120078], [105.554395, 21.120895], [105.554522, 21.120511], [105.555981, 21.120218], [105.559505, 21.120703], [105.561702, 21.117232], [105.563102, 21.117619], [105.562391, 21.120381], [105.562576, 21.120962], [105.562058, 21.120998], [105.56183, 21.121933], [105.562883, 21.122133], [105.562997, 21.12145], [105.564298, 21.121317], [105.563934, 21.122572], [105.566746, 21.123644], [105.566893, 21.123445], [105.568371, 21.124217], [105.571901, 21.1272], [105.57364, 21.129116], [105.573153, 21.129543], [105.574736, 21.131564], [105.574707, 21.132043], [105.573213, 21.133171], [105.573675, 21.133759], [105.574637, 21.133477], [105.575018, 21.134569], [105.57603, 21.134778], [105.577654, 21.13712], [105.579271, 21.138332], [105.581818, 21.135084], [105.584737, 21.13491], [105.584478, 21.133828], [105.584865, 21.132567], [105.587111, 21.131213], [105.585762, 21.128746], [105.586557, 21.128335], [105.586265, 21.127913], [105.588409, 21.126601], [105.591471, 21.133648], [105.590881, 21.13431], [105.591033, 21.134868], [105.593369, 21.134394], [105.596503, 21.134297], [105.599591, 21.132355], [105.600571, 21.132099], [105.60688, 21.139436], [105.608234, 21.137971], [105.611561, 21.13564]]]}, "properties": {"ma_xa": "09715", "phuong_moi": NaN, "dien_tich_km2": 39.66, "so_tin_trong": 0, "ty_le_dong_thuan": null}}, {"type": "Feature", "geometry": {"type": "Polygon", "coordinates": [[[105.626617, 21.170616], [105.627769, 21.144044], [105.627505, 21.143523], [105.625609, 21.14399], [105.62471, 21.142609], [105.623736, 21.142941], [105.623461, 21.142522], [105.622955, 21.141457], [105.625226, 21.140533], [105.623577, 21.137086], [105.621854, 21.137932], [105.621094, 21.136501], [105.619875, 21.13729], [105.617247, 21.137409], [105.615599, 21.135389], [105.613831, 21.134753], [105.610561, 21.136245], [105.607825, 21.138308], [105.60688, 21.139436], [105.600571, 21.132099], [105.599591, 21.132355], [105.596503, 21.134297], [105.593369, 21.134394], [105.591033, 21.134868], [105.590881, 21.13431], [105.591471, 21.133648], [105.588409, 21.126601], [105.586265, 21.127913], [105.586557, 21.128335], [105.585762, 21.128746], [105.587111, 21.131213], [105.584865, 21.132567], [105.584478, 21.133828], [105.584737, 21.13491], [105.581818, 21.135084], [105.579271, 21.138332], [105.577654, 21.13712], [105.57603, 21.134778], [105.575018, 21.134569], [105.574637, 21.133477], [105.573675, 21.133759], [105.573213, 21.133171], [105.574707, 21.132043], [105.574736, 21.131564], [105.573153, 21.129543], [105.57364, 21.129116], [105.571901, 21.1272], [105.568371, 21.124217], [105.566893, 21.123445], [105.566746, 21.123644], [105.563934, 21.122572], [105.564298, 21.121317], [105.562997, 21.12145], [105.562883, 21.122133], [105.56183, 21.121933], [105.562058, 21.120998], [105.562576, 21.120962], [105.562391, 21.120381], [105.563102, 21.117619], [105.561998, 21.1173], [105.561702, 21.117232], [105.559505, 21.120703], [105.555981, 21.120218], [105.554522, 21.120511], [105.554395, 21.120895], [105.551418, 21.120078], [105.549976, 21.120222], [105.549805, 21.119667], [105.547787, 21.120035], [105.542241, 21.122035], [105.540511, 21.122148], [105.540239, 21.122561], [105.5385, 21.123126], [105.535496, 21.125513], [105.534966, 21.131385], [105.534015, 21.133131], [105.531226, 21.134157], [105.530393, 21.134037], [105.529126, 21.133032], [105.528155, 21.133656], [105.526758, 21.133745], [105.526266, 21.134294], [105.524635, 21.133932], [105.524285, 21.135239], [105.523314, 21.135197], [105.522235, 21.13559], [105.521342, 21.137548], [105.521042, 21.139224], [105.517024, 21.139592], [105.51663, 21.140194], [105.516214, 21.140144], [105.515575, 21.144884], [105.516667, 21.147811], [105.516138, 21.14795], [105.516983, 21.151227], [105.516923, 21.152148], [105.515146, 21.152404], [105.515642, 21.156511], [105.528313, 21.155141], [105.533341, 21.155443], [105.553926, 21.159089], [105.570821, 21.16037], [105.570899, 21.161217], [105.574899, 21.161256], [105.57515, 21.164306], [105.624335, 21.173686], [105.626617, 21.170616]]]}, "properties": {"ma_xa": "09739", "phuong_moi": NaN, "dien_tich_km2": 41.15, "so_tin_trong": 0, "ty_le_dong_thuan": null}}, {"type": "Feature", "geometry": {"type": "Polygon", "coordinates": [[[105.621854, 21.137932], [105.623891, 21.136848], [105.623308, 21.135301], [105.623393, 21.134265], [105.624757, 21.132417], [105.629674, 21.127579], [105.630566, 21.125477], [105.629828, 21.123744], [105.627819, 21.12225], [105.626884, 21.122089], [105.624413, 21.120212], [105.624453, 21.118488], [105.625488, 21.11708], [105.629642, 21.114082], [105.63719, 21.111685], [105.637479, 21.111469], [105.637054, 21.109921], [105.639442, 21.109587], [105.638533, 21.105612], [105.636636, 21.107138], [105.636337, 21.107002], [105.634317, 21.100903], [105.635089, 21.100658], [105.634781, 21.100184], [105.636118, 21.099996], [105.636699, 21.099566], [105.641089, 21.098144], [105.64329, 21.096568], [105.646043, 21.093838], [105.647324, 21.091042], [105.647223, 21.089435], [105.64671, 21.088623], [105.645553, 21.087798], [105.644968, 21.086062], [105.645135, 21.083003], [105.645441, 21.082176], [105.645106, 21.075299], [105.646162, 21.071117], [105.646945, 21.070023], [105.648484, 21.068727], [105.651165, 21.068234], [105.653349, 21.068797], [105.658199, 21.07197], [105.659252, 21.072163], [105.660295, 21.071526], [105.661871, 21.068313], [105.663651, 21.066425], [105.664696, 21.063999], [105.66482, 21.062384], [105.663536, 21.059777], [105.661913, 21.058794], [105.65959, 21.058728], [105.658007, 21.059036], [105.655451, 21.060168], [105.650723, 21.063642], [105.649862, 21.064687], [105.648273, 21.064704], [105.647864, 21.065136], [105.647412, 21.065089], [105.646224, 21.063226], [105.646226, 21.062611], [105.646429, 21.061597], [105.648245, 21.058241], [105.650927, 21.044104], [105.650292, 21.043996], [105.649785, 21.043307], [105.648244, 21.040282], [105.647316, 21.040532], [105.646948, 21.042398], [105.646971, 21.042652], [105.647874, 21.042965], [105.647976, 21.046295], [105.647272, 21.046084], [105.647131, 21.044447], [105.646657, 21.044396], [105.646544, 21.043638], [105.646912, 21.042381], [105.644587, 21.043344], [105.643314, 21.040941], [105.643046, 21.043727], [105.634728, 21.044172], [105.63064, 21.051221], [105.632123, 21.052407], [105.62875, 21.05969], [105.629655, 21.060053], [105.628811, 21.060399], [105.626689, 21.062979], [105.62437, 21.064846], [105.619289, 21.067513], [105.617289, 21.067921], [105.616467, 21.069528], [105.615114, 21.068617], [105.616019, 21.067935], [105.61579, 21.067563], [105.609313, 21.072542], [105.608352, 21.071288], [105.608132, 21.071387], [105.60724, 21.070482], [105.603201, 21.072113], [105.601229, 21.073281], [105.598364, 21.073607], [105.594935, 21.074672], [105.594515, 21.076992], [105.593729, 21.077447], [105.592174, 21.079932], [105.591311, 21.084673], [105.5927, 21.084719], [105.593811, 21.086736], [105.593786, 21.087018], [105.592527, 21.08673], [105.593094, 21.088358], [105.592964, 21.090435], [105.592592, 21.090612], [105.592939, 21.092147], [105.594017, 21.092624], [105.593596, 21.095675], [105.592943, 21.096566], [105.593076, 21.09783], [105.593776, 21.09771], [105.593755, 21.098134], [105.592895, 21.10672], [105.589614, 21.106793], [105.589499, 21.107924], [105.59062, 21.108857], [105.590259, 21.109902], [105.593457, 21.110103], [105.596298, 21.110807], [105.597508, 21.120725], [105.598417, 21.120346], [105.598877, 21.12072], [105.60224, 21.118115], [105.604652, 21.113975], [105.605039, 21.112712], [105.606692, 21.113687], [105.605708, 21.115655], [105.606148, 21.115831], [105.606065, 21.119817], [105.605153, 21.120047], [105.605029, 21.12146], [105.605079, 21.123296], [105.605884, 21.124368], [105.605412, 21.130036], [105.607043, 21.130237], [105.607687, 21.130566], [105.608239, 21.131424], [105.60866, 21.131396], [105.609556, 21.13323], [105.611561, 21.13564], [105.614205, 21.134744], [105.615788, 21.135538], [105.617247, 21.137409], [105.619875, 21.13729], [105.621094, 21.136501], [105.621854, 21.137932]]]}, "properties": {"ma_xa": "09772", "phuong_moi": NaN, "dien_tich_km2": 37.67, "so_tin_trong": 0, "ty_le_dong_thuan": null}}, {"type": "Feature", "geometry": {"type": "Polygon", "coordinates": [[[105.687036, 21.090799], [105.686004, 21.089747], [105.685056, 21.087826], [105.683721, 21.087557], [105.683823, 21.087339], [105.680035, 21.084702], [105.678847, 21.084913], [105.677195, 21.084166], [105.677055, 21.083603], [105.677338, 21.083459], [105.677227, 21.082831], [105.677642, 21.082018], [105.677485, 21.081534], [105.679486, 21.081068], [105.675593, 21.076777], [105.675929, 21.076269], [105.674853, 21.075531], [105.676083, 21.073848], [105.672999, 21.072571], [105.673108, 21.072349], [105.671816, 21.071557], [105.672529, 21.07026], [105.669962, 21.070225], [105.668737, 21.0717], [105.666562, 21.07264], [105.664036, 21.070817], [105.663751, 21.070395], [105.663929, 21.068141], [105.665492, 21.067939], [105.666043, 21.068322], [105.666734, 21.067541], [105.665328, 21.066463], [105.66372, 21.066132], [105.661871, 21.068313], [105.660295, 21.071526], [105.659252, 21.072163], [105.658199, 21.07197], [105.653349, 21.068797], [105.651165, 21.068234], [105.649544, 21.068361], [105.64815, 21.06893], [105.646708, 21.07028], [105.646031, 21.071388], [105.645106, 21.075299], [105.645441, 21.082176], [105.64509, 21.08341], [105.645058, 21.086483], [105.645553, 21.087798], [105.64671, 21.088623], [105.647223, 21.089435], [105.647432, 21.090406], [105.64707, 21.091576], [105.649298, 21.092421], [105.649039, 21.093263], [105.649309, 21.093392], [105.649686, 21.09277], [105.650963, 21.093242], [105.651888, 21.093998], [105.652911, 21.095507], [105.655181, 21.100334], [105.65474, 21.101004], [105.652888, 21.100066], [105.650162, 21.101885], [105.649735, 21.102302], [105.648495, 21.105515], [105.652723, 21.106604], [105.652294, 21.107614], [105.655727, 21.108476], [105.659751, 21.101965], [105.659431, 21.101132], [105.660346, 21.098064], [105.663729, 21.099916], [105.664014, 21.099687], [105.666046, 21.101558], [105.666762, 21.101162], [105.666488, 21.100745], [105.667432, 21.100229], [105.668263, 21.100018], [105.668847, 21.100755], [105.67067, 21.09995], [105.671168, 21.100153], [105.671621, 21.102539], [105.672762, 21.104999], [105.6728, 21.106428], [105.670001, 21.106495], [105.666509, 21.107596], [105.665645, 21.107552], [105.666039, 21.107953], [105.664491, 21.109256], [105.664771, 21.109703], [105.664389, 21.110006], [105.665412, 21.111044], [105.666278, 21.1136], [105.667054, 21.114502], [105.665499, 21.119014], [105.667627, 21.119894], [105.669679, 21.119419], [105.669351, 21.119776], [105.670144, 21.120513], [105.669442, 21.121809], [105.672251, 21.12301], [105.673755, 21.121725], [105.672556, 21.119543], [105.672958, 21.118543], [105.675725, 21.116151], [105.676489, 21.115701], [105.676856, 21.116129], [105.67976, 21.114495], [105.678761, 21.112196], [105.680832, 21.109516], [105.681657, 21.111112], [105.682609, 21.109849], [105.684075, 21.110368], [105.684631, 21.10973], [105.685311, 21.109753], [105.685909, 21.10834], [105.685979, 21.107754], [105.685757, 21.107684], [105.686054, 21.10685], [105.684819, 21.106472], [105.6843, 21.106749], [105.685235, 21.104896], [105.68301, 21.103164], [105.68757, 21.099486], [105.686836, 21.096588], [105.686591, 21.096727], [105.685221, 21.094999], [105.684418, 21.094687], [105.685196, 21.09422], [105.68592, 21.092912], [105.687036, 21.090799]]]}, "properties": {"ma_xa": "09784", "phuong_moi": "Xã Đan Phượng", "dien_tich_km2": 15.3, "so_tin_trong": 8, "ty_le_dong_thuan": 1.0}}, {"type": "Feature", "geometry": {"type": "Polygon", "coordinates": [[[105.644715, 21.155267], [105.651167, 21.146166], [105.661917, 21.134749], [105.665464, 21.131922], [105.667182, 21.131407], [105.671706, 21.131658], [105.673972, 21.132765], [105.677048, 21.12634], [105.674457, 21.124698], [105.673283, 21.123579], [105.669442, 21.121809], [105.670144, 21.120513], [105.669351, 21.119776], [105.669679, 21.119419], [105.667627, 21.119894], [105.665499, 21.119014], [105.667054, 21.114502], [105.666278, 21.1136], [105.665412, 21.111044], [105.664389, 21.110006], [105.664771, 21.109703], [105.664491, 21.109256], [105.666039, 21.107953], [105.665645, 21.107552], [105.666509, 21.107596], [105.670001, 21.106495], [105.6728, 21.106428], [105.672896, 21.105515], [105.671592, 21.10245], [105.671358, 21.100343], [105.670707, 21.099941], [105.668847, 21.100755], [105.668263, 21.100018], [105.666488, 21.100745], [105.666762, 21.101162], [105.666046, 21.101558], [105.664014, 21.099687], [105.663729, 21.099916], [105.660346, 21.098064], [105.659431, 21.101132], [105.659751, 21.101965], [105.655727, 21.108476], [105.653152, 21.108005], [105.652294, 21.107614], [105.652723, 21.106604], [105.648495, 21.105515], [105.649735, 21.102302], [105.650162, 21.101885], [105.652888, 21.100066], [105.65474, 21.101004], [105.655181, 21.100334], [105.652911, 21.095507], [105.651888, 21.093998], [105.650963, 21.093242], [105.649686, 21.09277], [105.649309, 21.093392], [105.649039, 21.093263], [105.649298, 21.092421], [105.64707, 21.091576], [105.646043, 21.093838], [105.64329, 21.096568], [105.641089, 21.098144], [105.636699, 21.099566], [105.636118, 21.099996], [105.634781, 21.100184], [105.635089, 21.100658], [105.634317, 21.100903], [105.636337, 21.107002], [105.636636, 21.107138], [105.638533, 21.105612], [105.639442, 21.109587], [105.637054, 21.109921], [105.637479, 21.111469], [105.63719, 21.111685], [105.629642, 21.114082], [105.625488, 21.11708], [105.62442, 21.118555], [105.624413, 21.120212], [105.626884, 21.122089], [105.627819, 21.12225], [105.629828, 21.123744], [105.630566, 21.125477], [105.629674, 21.127579], [105.624757, 21.132417], [105.623323, 21.134455], [105.623386, 21.135648], [105.623891, 21.136848], [105.623549, 21.137031], [105.625226, 21.140533], [105.622961, 21.141597], [105.623736, 21.142941], [105.62471, 21.142609], [105.625609, 21.14399], [105.627505, 21.143523], [105.627769, 21.144044], [105.626626, 21.170563], [105.631981, 21.167961], [105.63617, 21.16454], [105.644715, 21.155267]]]}, "properties": {"ma_xa": "09787", "phuong_moi": NaN, "dien_tich_km2": 23.57, "so_tin_trong": 0, "ty_le_dong_thuan": null}}, {"type": "Feature", "geometry": {"type": "Polygon", "coordinates": [[[105.736991, 21.104755], [105.733614, 21.102235], [105.731835, 21.101398], [105.731906, 21.1011], [105.73097, 21.10097], [105.730933, 21.100642], [105.729901, 21.100905], [105.729172, 21.099821], [105.728673, 21.099845], [105.727489, 21.098815], [105.726265, 21.099117], [105.725269, 21.096872], [105.724714, 21.096887], [105.72593, 21.095813], [105.726985, 21.093916], [105.726587, 21.092846], [105.725926, 21.093041], [105.725705, 21.088803], [105.727007, 21.088434], [105.726601, 21.085372], [105.727939, 21.084495], [105.727998, 21.083007], [105.728333, 21.082554], [105.72587, 21.079284], [105.724595, 21.076937], [105.724135, 21.074415], [105.724527, 21.06917], [105.719125, 21.072466], [105.710237, 21.075175], [105.709622, 21.075231], [105.70822, 21.071118], [105.705362, 21.072204], [105.705039, 21.071368], [105.698679, 21.074845], [105.699773, 21.07649], [105.699898, 21.077278], [105.700535, 21.077761], [105.701458, 21.080743], [105.698014, 21.082657], [105.698206, 21.083585], [105.696999, 21.08353], [105.696976, 21.084928], [105.697626, 21.084959], [105.696818, 21.086785], [105.695634, 21.08634], [105.690727, 21.088189], [105.69004, 21.088203], [105.689941, 21.088647], [105.688677, 21.088552], [105.687873, 21.089384], [105.686797, 21.089899], [105.686975, 21.090936], [105.685234, 21.094168], [105.684418, 21.094687], [105.685221, 21.094999], [105.686591, 21.096727], [105.686836, 21.096588], [105.68757, 21.099486], [105.68301, 21.103164], [105.685235, 21.104896], [105.6843, 21.106749], [105.684819, 21.106472], [105.686054, 21.10685], [105.685757, 21.107684], [105.685979, 21.107754], [105.685909, 21.10834], [105.685356, 21.10967], [105.684631, 21.10973], [105.684075, 21.110368], [105.682609, 21.109849], [105.681657, 21.111112], [105.680832, 21.109516], [105.678761, 21.112196], [105.67976, 21.114495], [105.676856, 21.116129], [105.676489, 21.115701], [105.675725, 21.116151], [105.672958, 21.118543], [105.672552, 21.119525], [105.673755, 21.121725], [105.672146, 21.123093], [105.673539, 21.123745], [105.674457, 21.124698], [105.677048, 21.12634], [105.673972, 21.132765], [105.680956, 21.13818], [105.684665, 21.1398], [105.692415, 21.141406], [105.700059, 21.141398], [105.709504, 21.143321], [105.710804, 21.143373], [105.712713, 21.142891], [105.715638, 21.140828], [105.71702, 21.138757], [105.71771, 21.135842], [105.717763, 21.131061], [105.718768, 21.123369], [105.722554, 21.11912], [105.727618, 21.11252], [105.732192, 21.108384], [105.736991, 21.104755]]]}, "properties": {"ma_xa": "09817", "phuong_moi": "Xã Ô Diên", "dien_tich_km2": 32.06, "so_tin_trong": 18, "ty_le_dong_thuan": 1.0}}, {"type": "Feature", "geometry": {"type": "Polygon", "coordinates": [[[105.724527, 21.06917], [105.724833, 21.065425], [105.724674, 21.059793], [105.729586, 21.056473], [105.726562, 21.05271], [105.72866, 21.050539], [105.727967, 21.048405], [105.729517, 21.048056], [105.729325, 21.04713], [105.729867, 21.046983], [105.728312, 21.046263], [105.727351, 21.045236], [105.725204, 21.040102], [105.723155, 21.040102], [105.723216, 21.038332], [105.721509, 21.037755], [105.721624, 21.036595], [105.720282, 21.034347], [105.719858, 21.034445], [105.718649, 21.033711], [105.7173, 21.034069], [105.716817, 21.033615], [105.716021, 21.03378], [105.715907, 21.034269], [105.715516, 21.034302], [105.715189, 21.033681], [105.712289, 21.03412], [105.712366, 21.034745], [105.711043, 21.035295], [105.711179, 21.035559], [105.71088, 21.035775], [105.710413, 21.035336], [105.704834, 21.04464], [105.704998, 21.047101], [105.70407, 21.047281], [105.704097, 21.050662], [105.702985, 21.050811], [105.70134, 21.050456], [105.700829, 21.050598], [105.700564, 21.05134], [105.69297, 21.051521], [105.69088, 21.056702], [105.689971, 21.056562], [105.68896, 21.058975], [105.685057, 21.070883], [105.681721, 21.070325], [105.675561, 21.076656], [105.679486, 21.081068], [105.677485, 21.081534], [105.677642, 21.082018], [105.677227, 21.082831], [105.677144, 21.084053], [105.678847, 21.084913], [105.680035, 21.084702], [105.683823, 21.087339], [105.683721, 21.087557], [105.685056, 21.087826], [105.686004, 21.089747], [105.686784, 21.090295], [105.686797, 21.089899], [105.687873, 21.089384], [105.688677, 21.088552], [105.689941, 21.088647], [105.69004, 21.088203], [105.690727, 21.088189], [105.695634, 21.08634], [105.696818, 21.086785], [105.697626, 21.084959], [105.696976, 21.084928], [105.696999, 21.08353], [105.698206, 21.083585], [105.698014, 21.082657], [105.701458, 21.080743], [105.700535, 21.077761], [105.699898, 21.077278], [105.69884, 21.074754], [105.705039, 21.071368], [105.705362, 21.072204], [105.70822, 21.071118], [105.709622, 21.075231], [105.710686, 21.075083], [105.719125, 21.072466], [105.724527, 21.06917]]]}, "properties": {"ma_xa": "09832", "phuong_moi": "Xã Hoài Đức", "dien_tich_km2": 16.73, "so_tin_trong": 114, "ty_le_dong_thuan": 0.947}}, {"type": "Feature", "geometry": {"type": "Polygon", "coordinates": [[[105.681721, 21.070325], [105.685057, 21.070883], [105.68896, 21.058975], [105.689971, 21.056562], [105.69088, 21.056702], [105.693041, 21.05148], [105.692551, 21.051258], [105.692501, 21.050284], [105.692512, 21.035148], [105.69346, 21.034905], [105.694527, 21.032377], [105.696641, 21.03108], [105.696501, 21.030718], [105.696846, 21.030569], [105.695704, 21.030046], [105.686523, 21.031707], [105.685384, 21.032151], [105.683501, 21.03406], [105.682492, 21.033422], [105.682303, 21.031914], [105.6822, 21.031625], [105.681902, 21.031699], [105.681755, 21.031138], [105.682066, 21.029751], [105.681711, 21.029606], [105.681908, 21.029009], [105.679687, 21.02533], [105.679109, 21.025659], [105.677674, 21.02321], [105.674138, 21.025121], [105.672173, 21.021869], [105.668722, 21.023752], [105.669295, 21.024823], [105.669041, 21.024846], [105.668901, 21.026789], [105.667989, 21.026752], [105.666844, 21.028985], [105.667601, 21.029563], [105.667025, 21.030172], [105.667281, 21.030663], [105.666591, 21.030983], [105.664414, 21.033662], [105.664026, 21.033381], [105.663415, 21.033507], [105.663, 21.034369], [105.661275, 21.034728], [105.661359, 21.034991], [105.654577, 21.037615], [105.654609, 21.038689], [105.654239, 21.038901], [105.654594, 21.03958], [105.652997, 21.040348], [105.652536, 21.042589], [105.651351, 21.043413], [105.65083, 21.044361], [105.648325, 21.057923], [105.646965, 21.061017], [105.646429, 21.061597], [105.646224, 21.063226], [105.647531, 21.065176], [105.648273, 21.064704], [105.649707, 21.064756], [105.650723, 21.063642], [105.656097, 21.059814], [105.65959, 21.058728], [105.661739, 21.058752], [105.663903, 21.060159], [105.664227, 21.061605], [105.66482, 21.062384], [105.664652, 21.064157], [105.66372, 21.066132], [105.665328, 21.066463], [105.666734, 21.067541], [105.666043, 21.068322], [105.665492, 21.067939], [105.663929, 21.068141], [105.663763, 21.070497], [105.666562, 21.07264], [105.668737, 21.0717], [105.669962, 21.070225], [105.672529, 21.07026], [105.671816, 21.071557], [105.673108, 21.072349], [105.672999, 21.072571], [105.676083, 21.073848], [105.674853, 21.075531], [105.675929, 21.076269], [105.681721, 21.070325]]]}, "properties": {"ma_xa": "09856", "phuong_moi": NaN, "dien_tich_km2": 17.41, "so_tin_trong": 0, "ty_le_dong_thuan": null}}, {"type": "Feature", "geometry": {"type": "Polygon", "coordinates": [[[105.729867, 21.046983], [105.731871, 21.046275], [105.732646, 21.045287], [105.732043, 21.044756], [105.73233, 21.043827], [105.733559, 21.043406], [105.733485, 21.041523], [105.733985, 21.040785], [105.733711, 21.040279], [105.733908, 21.038862], [105.733635, 21.038384], [105.73481, 21.03725], [105.734737, 21.036813], [105.738057, 21.03647], [105.738936, 21.032749], [105.738421, 21.032655], [105.738733, 21.031807], [105.737382, 21.031481], [105.73713, 21.030958], [105.73729, 21.030037], [105.737583, 21.02988], [105.737319, 21.029211], [105.737629, 21.028861], [105.738034, 21.028949], [105.73854, 21.027788], [105.734846, 21.026313], [105.734668, 21.025039], [105.737073, 21.023486], [105.736746, 21.022831], [105.736508, 21.022442], [105.736078, 21.022639], [105.736031, 21.021909], [105.735596, 21.021735], [105.734939, 21.021822], [105.735095, 21.022353], [105.734456, 21.022589], [105.733908, 21.021434], [105.733517, 21.021354], [105.729977, 21.017934], [105.731305, 21.016491], [105.7314, 21.017007], [105.732572, 21.016804], [105.73397, 21.015465], [105.732353, 21.012074], [105.733032, 21.011409], [105.733009, 21.010398], [105.720501, 21.011152], [105.715352, 21.010885], [105.690915, 21.005536], [105.663925, 21.003133], [105.663445, 21.006938], [105.663925, 21.00763], [105.666642, 21.0095], [105.6679, 21.009737], [105.66996, 21.009518], [105.670925, 21.009302], [105.67196, 21.008588], [105.674581, 21.008162], [105.676567, 21.00918], [105.676642, 21.015128], [105.677578, 21.018914], [105.672173, 21.021869], [105.674138, 21.025121], [105.677674, 21.02321], [105.679109, 21.025659], [105.679687, 21.02533], [105.681908, 21.029009], [105.681711, 21.029606], [105.682066, 21.029751], [105.681755, 21.031138], [105.681902, 21.031699], [105.6822, 21.031625], [105.682303, 21.031914], [105.682526, 21.033459], [105.683501, 21.03406], [105.685384, 21.032151], [105.687841, 21.03139], [105.695704, 21.030046], [105.696846, 21.030569], [105.696501, 21.030718], [105.696641, 21.03108], [105.694527, 21.032377], [105.69346, 21.034905], [105.692512, 21.035148], [105.692501, 21.050284], [105.692778, 21.051422], [105.700564, 21.05134], [105.70094, 21.050527], [105.704097, 21.050662], [105.70407, 21.047281], [105.704998, 21.047101], [105.704834, 21.04464], [105.710413, 21.035336], [105.71086, 21.035785], [105.711179, 21.035559], [105.711043, 21.035295], [105.712366, 21.034745], [105.712289, 21.03412], [105.715189, 21.033681], [105.715516, 21.034302], [105.715955, 21.03423], [105.716067, 21.033752], [105.716817, 21.033615], [105.7173, 21.034069], [105.718649, 21.033711], [105.719858, 21.034445], [105.720282, 21.034347], [105.721624, 21.036595], [105.721509, 21.037755], [105.723216, 21.038332], [105.723155, 21.040102], [105.725204, 21.040102], [105.727351, 21.045236], [105.728312, 21.046263], [105.729867, 21.046983]]]}, "properties": {"ma_xa": "09871", "phuong_moi": "Xã Sơn Đồng", "dien_tich_km2": 21.57, "so_tin_trong": 61, "ty_le_dong_thuan": 0.656}}, {"type": "Feature", "geometry": {"type": "Polygon", "coordinates": [[[105.730485, 21.010558], [105.735785, 20.993331], [105.730075, 20.991739], [105.730705, 20.990509], [105.732707, 20.990659], [105.732963, 20.990449], [105.735152, 20.986249], [105.737852, 20.985869], [105.7397, 20.976219], [105.740785, 20.974802], [105.739989, 20.974132], [105.740478, 20.973247], [105.739509, 20.971183], [105.738899, 20.970757], [105.739387, 20.969471], [105.739997, 20.969423], [105.740108, 20.968692], [105.740953, 20.968959], [105.74129, 20.967482], [105.741904, 20.967563], [105.741947, 20.967003], [105.741157, 20.966841], [105.741251, 20.96613], [105.740617, 20.965914], [105.741013, 20.964896], [105.742072, 20.965354], [105.742777, 20.964121], [105.739611, 20.962573], [105.739031, 20.963723], [105.736151, 20.962346], [105.731632, 20.959584], [105.730535, 20.960924], [105.725033, 20.955372], [105.724173, 20.956355], [105.716425, 20.961947], [105.714123, 20.965009], [105.713141, 20.968905], [105.710257, 20.971655], [105.709586, 20.972706], [105.704122, 20.974952], [105.700179, 20.977672], [105.69886, 20.978129], [105.695294, 20.978416], [105.69108, 20.975875], [105.690366, 20.974922], [105.689018, 20.974429], [105.688663, 20.972896], [105.689174, 20.972653], [105.687033, 20.969917], [105.68613, 20.970153], [105.685327, 20.969376], [105.683949, 20.970324], [105.686389, 20.972829], [105.687295, 20.974832], [105.685807, 20.975189], [105.684676, 20.97689], [105.68215, 20.978023], [105.680851, 20.98052], [105.677004, 20.98444], [105.676037, 20.986086], [105.674503, 20.986579], [105.674095, 20.985522], [105.672995, 20.984631], [105.671561, 20.984281], [105.667619, 20.982043], [105.665699, 20.982366], [105.665123, 20.983004], [105.66717, 20.990935], [105.667499, 20.996175], [105.666998, 20.996899], [105.667137, 20.998542], [105.666318, 20.999026], [105.665926, 21.001298], [105.664616, 21.001524], [105.663925, 21.003133], [105.690915, 21.005536], [105.7134, 21.010568], [105.720501, 21.011152], [105.730485, 21.010558]]]}, "properties": {"ma_xa": "09877", "phuong_moi": "Xã An Khánh", "dien_tich_km2": 28.69, "so_tin_trong": 75, "ty_le_dong_thuan": 0.987}}, {"type": "Feature", "geometry": {"type": "Polygon", "coordinates": [[[105.742016, 20.993708], [105.746332, 20.989572], [105.752665, 20.99162], [105.752835, 20.990796], [105.7554, 20.989504], [105.753425, 20.988111], [105.754451, 20.984983], [105.763972, 20.977939], [105.756017, 20.971714], [105.75366, 20.968662], [105.76492, 20.962327], [105.754763, 20.954546], [105.751607, 20.955883], [105.744953, 20.960173], [105.739886, 20.962212], [105.73807, 20.963285], [105.739031, 20.963723], [105.739611, 20.962573], [105.742777, 20.964121], [105.742072, 20.965354], [105.741013, 20.964896], [105.740617, 20.965914], [105.741251, 20.96613], [105.741157, 20.966841], [105.741947, 20.967003], [105.741904, 20.967563], [105.74129, 20.967482], [105.740953, 20.968959], [105.740108, 20.968692], [105.739997, 20.969423], [105.739387, 20.969471], [105.738899, 20.970757], [105.739509, 20.971183], [105.740478, 20.973247], [105.739989, 20.974132], [105.740785, 20.974802], [105.7397, 20.976219], [105.737852, 20.985869], [105.735152, 20.986249], [105.732963, 20.990449], [105.732707, 20.990659], [105.730705, 20.990509], [105.730075, 20.991739], [105.741682, 20.99489], [105.742016, 20.993708]]]}, "properties": {"ma_xa": "09886", "phuong_moi": "Phường Dương Nội", "dien_tich_km2": 7.9, "so_tin_trong": 88, "ty_le_dong_thuan": 0.898}}, {"type": "Feature", "geometry": {"type": "Polygon", "coordinates": [[[105.646971, 21.042652], [105.647316, 21.040532], [105.648244, 21.040282], [105.649785, 21.043307], [105.650292, 21.043996], [105.650927, 21.044104], [105.651804, 21.042978], [105.652536, 21.042589], [105.652997, 21.040348], [105.654594, 21.03958], [105.654239, 21.038901], [105.654609, 21.038689], [105.654577, 21.037615], [105.661359, 21.034991], [105.661275, 21.034728], [105.663, 21.034369], [105.663415, 21.033507], [105.664026, 21.033381], [105.664414, 21.033662], [105.666591, 21.030983], [105.667281, 21.030663], [105.667025, 21.030172], [105.667601, 21.029563], [105.666844, 21.028985], [105.667989, 21.026752], [105.668901, 21.026789], [105.669041, 21.024846], [105.669295, 21.024823], [105.668722, 21.023752], [105.677578, 21.018914], [105.676642, 21.015128], [105.676754, 21.009536], [105.676111, 21.008816], [105.674581, 21.008162], [105.67196, 21.008588], [105.670925, 21.009302], [105.66996, 21.009518], [105.667375, 21.009699], [105.665889, 21.009099], [105.663925, 21.00763], [105.663445, 21.006938], [105.663997, 21.002602], [105.664616, 21.001524], [105.665926, 21.001298], [105.666318, 20.999026], [105.667137, 20.998542], [105.666998, 20.996899], [105.667499, 20.996175], [105.66717, 20.990935], [105.666019, 20.986138], [105.665137, 20.983821], [105.665166, 20.982904], [105.66453, 20.982761], [105.66438, 20.98237], [105.662255, 20.98188], [105.661877, 20.984186], [105.659202, 20.984469], [105.660916, 20.988153], [105.660183, 20.988814], [105.659504, 20.990202], [105.656569, 20.989756], [105.656673, 20.988189], [105.655314, 20.988198], [105.655416, 20.989621], [105.653488, 20.990017], [105.65309, 20.990499], [105.648374, 20.989058], [105.648667, 20.988338], [105.648023, 20.988106], [105.648207, 20.987256], [105.647252, 20.985605], [105.646862, 20.985946], [105.645968, 20.985253], [105.644805, 20.985067], [105.643023, 20.983388], [105.643665, 20.982327], [105.640934, 20.981716], [105.640968, 20.980009], [105.637195, 20.979325], [105.638312, 20.97589], [105.638189, 20.973782], [105.632659, 20.971434], [105.631525, 20.971796], [105.63144, 20.970552], [105.630787, 20.970646], [105.629486, 20.973031], [105.63087, 20.975249], [105.630256, 20.976717], [105.63248, 20.977541], [105.630525, 20.97967], [105.632432, 20.982573], [105.631534, 20.98309], [105.632041, 20.983671], [105.631748, 20.984386], [105.630509, 20.985583], [105.630561, 20.986879], [105.630004, 20.988078], [105.630187, 20.988707], [105.629657, 20.989054], [105.629649, 20.989595], [105.630339, 20.989835], [105.630103, 20.991149], [105.632043, 20.992116], [105.632779, 20.991802], [105.632993, 20.989824], [105.633572, 20.989103], [105.634162, 20.989025], [105.635215, 20.990105], [105.634398, 20.991089], [105.633784, 20.991111], [105.633668, 20.991793], [105.633003, 20.992241], [105.633363, 20.992437], [105.633249, 20.993392], [105.631932, 20.99317], [105.630191, 20.995378], [105.632439, 20.996947], [105.628092, 21.002336], [105.639727, 21.003495], [105.640009, 21.010691], [105.638946, 21.013216], [105.638246, 21.013128], [105.634713, 21.016329], [105.632272, 21.014001], [105.631058, 21.014565], [105.627921, 21.017631], [105.632261, 21.022566], [105.632689, 21.022424], [105.634199, 21.025118], [105.630744, 21.027032], [105.633154, 21.035433], [105.632165, 21.035558], [105.632329, 21.036986], [105.634548, 21.036675], [105.634567, 21.041136], [105.635506, 21.041195], [105.63446, 21.04406], [105.643046, 21.043727], [105.643314, 21.040941], [105.644587, 21.043344], [105.646912, 21.042381], [105.646544, 21.043638], [105.646657, 21.044396], [105.647131, 21.044447], [105.647272, 21.046084], [105.647976, 21.046295], [105.647874, 21.042965], [105.646971, 21.042652]]]}, "properties": {"ma_xa": "09895", "phuong_moi": NaN, "dien_tich_km2": 24.0, "so_tin_trong": 2, "ty_le_dong_thuan": 1.0}}, {"type": "Feature", "geometry": {"type": "Polygon", "coordinates": [[[105.628092, 21.002336], [105.632439, 20.996947], [105.630191, 20.995378], [105.631932, 20.99317], [105.633249, 20.993392], [105.633363, 20.992437], [105.633003, 20.992241], [105.633668, 20.991793], [105.633784, 20.991111], [105.634398, 20.991089], [105.635215, 20.990105], [105.63438, 20.98916], [105.633759, 20.988995], [105.632993, 20.989824], [105.63269, 20.991907], [105.631829, 20.992094], [105.630103, 20.991149], [105.630339, 20.989835], [105.629649, 20.989595], [105.629635, 20.989227], [105.630187, 20.988707], [105.630004, 20.988078], [105.630561, 20.986879], [105.630509, 20.985583], [105.631748, 20.984386], [105.632041, 20.983671], [105.631534, 20.98309], [105.632432, 20.982573], [105.630525, 20.97967], [105.63248, 20.977541], [105.630256, 20.976717], [105.63087, 20.975249], [105.629486, 20.973031], [105.630975, 20.970471], [105.631219, 20.968612], [105.630806, 20.967623], [105.631556, 20.966787], [105.631961, 20.96719], [105.633236, 20.965788], [105.632043, 20.961654], [105.636725, 20.960643], [105.634826, 20.958809], [105.63336, 20.953585], [105.632804, 20.949882], [105.629914, 20.948125], [105.630607, 20.947311], [105.629203, 20.946641], [105.629291, 20.946211], [105.628693, 20.945921], [105.628304, 20.946222], [105.627438, 20.94533], [105.627432, 20.944935], [105.626601, 20.943959], [105.626755, 20.943309], [105.626277, 20.943261], [105.626019, 20.942855], [105.626016, 20.941147], [105.624565, 20.940887], [105.624302, 20.940406], [105.622078, 20.940066], [105.623626, 20.938177], [105.619956, 20.936464], [105.617314, 20.936269], [105.615777, 20.935443], [105.615097, 20.935411], [105.614638, 20.935782], [105.614546, 20.936772], [105.614932, 20.937874], [105.615833, 20.938891], [105.615463, 20.940359], [105.614071, 20.941425], [105.611913, 20.942243], [105.610996, 20.943839], [105.609935, 20.943828], [105.608443, 20.942944], [105.607061, 20.942841], [105.606124, 20.94339], [105.605849, 20.945205], [105.605179, 20.945767], [105.59873, 20.945097], [105.597221, 20.945554], [105.595396, 20.948558], [105.595337, 20.949592], [105.595784, 20.951276], [105.595553, 20.953589], [105.594656, 20.954109], [105.592118, 20.954744], [105.590131, 20.956537], [105.589149, 20.958808], [105.587192, 20.961349], [105.58662, 20.961728], [105.58533, 20.961632], [105.584704, 20.961931], [105.583959, 20.964541], [105.583323, 20.96452], [105.582458, 20.963298], [105.581465, 20.963137], [105.581034, 20.963384], [105.58066, 20.963916], [105.580999, 20.964185], [105.580836, 20.964587], [105.582136, 20.965111], [105.58202, 20.968193], [105.582875, 20.969231], [105.582435, 20.970177], [105.581608, 20.969572], [105.581025, 20.970047], [105.578973, 20.97031], [105.578951, 20.970019], [105.578466, 20.969923], [105.577623, 20.970477], [105.574785, 20.97315], [105.574389, 20.974699], [105.574886, 20.976049], [105.573681, 20.977201], [105.574326, 20.977697], [105.575956, 20.977334], [105.576347, 20.97756], [105.576369, 20.978462], [105.575823, 20.979788], [105.575978, 20.981268], [105.574899, 20.982628], [105.576031, 20.984081], [105.576186, 20.985398], [105.577626, 20.985945], [105.578234, 20.985521], [105.578248, 20.984546], [105.5771, 20.982554], [105.577236, 20.982065], [105.577937, 20.981732], [105.579464, 20.981722], [105.579941, 20.982998], [105.581197, 20.983554], [105.581523, 20.984082], [105.581553, 20.984929], [105.580189, 20.986005], [105.581204, 20.986763], [105.581378, 20.9876], [105.582845, 20.98919], [105.58162, 20.989974], [105.580904, 20.989385], [105.579104, 20.991663], [105.580265, 20.995192], [105.581974, 20.996109], [105.581601, 20.996678], [105.580526, 20.996545], [105.580474, 20.99742], [105.580818, 20.997443], [105.580849, 20.997851], [105.580789, 20.998185], [105.580204, 20.998351], [105.581037, 20.999306], [105.581376, 21.001967], [105.581687, 21.001907], [105.582299, 21.002969], [105.583531, 21.004105], [105.584213, 21.004296], [105.584996, 21.003116], [105.587167, 21.003383], [105.587565, 21.004204], [105.587932, 21.004307], [105.590761, 21.004129], [105.59175, 21.00367], [105.59234, 21.003925], [105.592567, 21.004418], [105.591875, 21.005265], [105.590624, 21.004961], [105.591094, 21.006974], [105.592319, 21.007018], [105.592569, 21.007744], [105.592845, 21.007535], [105.593241, 21.007995], [105.593895, 21.009487], [105.593243, 21.010514], [105.593852, 21.01124], [105.593756, 21.01264], [105.594739, 21.013334], [105.595857, 21.013438], [105.599931, 21.006031], [105.602058, 21.005015], [105.615024, 21.008254], [105.614456, 21.001334], [105.628092, 21.002336]]]}, "properties": {"ma_xa": "09910", "phuong_moi": NaN, "dien_tich_km2": 34.49, "so_tin_trong": 0, "ty_le_dong_thuan": null}}, {"type": "Feature", "geometry": {"type": "Polygon", "coordinates": [[[105.654109, 20.989839], [105.655416, 20.989621], [105.655314, 20.988198], [105.656673, 20.988189], [105.656569, 20.989756], [105.659504, 20.990202], [105.660183, 20.988814], [105.660916, 20.988153], [105.659202, 20.984469], [105.661877, 20.984186], [105.662329, 20.981866], [105.66438, 20.98237], [105.66453, 20.982761], [105.665166, 20.982904], [105.666304, 20.982146], [105.667619, 20.982043], [105.671561, 20.984281], [105.672995, 20.984631], [105.674095, 20.985522], [105.674503, 20.986579], [105.676037, 20.986086], [105.677004, 20.98444], [105.680851, 20.98052], [105.68215, 20.978023], [105.684676, 20.97689], [105.685807, 20.975189], [105.687295, 20.974832], [105.686389, 20.972829], [105.683949, 20.970324], [105.685295, 20.969384], [105.68613, 20.970153], [105.687033, 20.969917], [105.689174, 20.972653], [105.688663, 20.972896], [105.689018, 20.974429], [105.690177, 20.974805], [105.69108, 20.975875], [105.695664, 20.978512], [105.699806, 20.977831], [105.701988, 20.976667], [105.704122, 20.974952], [105.709251, 20.972913], [105.712908, 20.969265], [105.713389, 20.968374], [105.714123, 20.965009], [105.716425, 20.961947], [105.724173, 20.956355], [105.72517, 20.955203], [105.725799, 20.95375], [105.725882, 20.952504], [105.72549, 20.951376], [105.725119, 20.950961], [105.722569, 20.952695], [105.72023, 20.953808], [105.718039, 20.953861], [105.717084, 20.954982], [105.714916, 20.956151], [105.714039, 20.956189], [105.712523, 20.955542], [105.712238, 20.955507], [105.712266, 20.955883], [105.711643, 20.955721], [105.711484, 20.956164], [105.710886, 20.956311], [105.7091, 20.957762], [105.707239, 20.956287], [105.706109, 20.957278], [105.704641, 20.957862], [105.704477, 20.956815], [105.700894, 20.957333], [105.699195, 20.955885], [105.697482, 20.956877], [105.696373, 20.954897], [105.694501, 20.955205], [105.693589, 20.955796], [105.693374, 20.956729], [105.695196, 20.959926], [105.695104, 20.960927], [105.696389, 20.963776], [105.696194, 20.964381], [105.695602, 20.964756], [105.695195, 20.96471], [105.692619, 20.961542], [105.690383, 20.962467], [105.689895, 20.962003], [105.688686, 20.962238], [105.687558, 20.962063], [105.6878, 20.961491], [105.685927, 20.960961], [105.686453, 20.958484], [105.68296, 20.95793], [105.68332, 20.955376], [105.679708, 20.954457], [105.679676, 20.953348], [105.679058, 20.952782], [105.679102, 20.952177], [105.679557, 20.95165], [105.678411, 20.950714], [105.676563, 20.951542], [105.663054, 20.948916], [105.652072, 20.951622], [105.646223, 20.951091], [105.645602, 20.952309], [105.644893, 20.952186], [105.641679, 20.955379], [105.639372, 20.954093], [105.639388, 20.954967], [105.63633, 20.954534], [105.63633, 20.955395], [105.633935, 20.955745], [105.634826, 20.958809], [105.636725, 20.960643], [105.632043, 20.961654], [105.633236, 20.965788], [105.631961, 20.96719], [105.631556, 20.966787], [105.630806, 20.967623], [105.631244, 20.969111], [105.630787, 20.970646], [105.63144, 20.970552], [105.631525, 20.971796], [105.632659, 20.971434], [105.638189, 20.973782], [105.638312, 20.97589], [105.637195, 20.979325], [105.640968, 20.980009], [105.640934, 20.981716], [105.643665, 20.982327], [105.643023, 20.983388], [105.644805, 20.985067], [105.645968, 20.985253], [105.646862, 20.985946], [105.647252, 20.985605], [105.648207, 20.987256], [105.648023, 20.988106], [105.648667, 20.988338], [105.648374, 20.989058], [105.65309, 20.990499], [105.654109, 20.989839]]]}, "properties": {"ma_xa": "09931", "phuong_moi": "Xã Hưng Đạo", "dien_tich_km2": 24.9, "so_tin_trong": 13, "ty_le_dong_thuan": 1.0}}, {"type": "Feature", "geometry": {"type": "Polygon", "coordinates": [[[105.555022, 20.989399], [105.554987, 20.983524], [105.556857, 20.981703], [105.558112, 20.981468], [105.558822, 20.982417], [105.559753, 20.982554], [105.561564, 20.981128], [105.562004, 20.981524], [105.564106, 20.981296], [105.564993, 20.979519], [105.566717, 20.97933], [105.566047, 20.97755], [105.566292, 20.977436], [105.566126, 20.97701], [105.567174, 20.976908], [105.569057, 20.977428], [105.568917, 20.976596], [105.569536, 20.97672], [105.569238, 20.975634], [105.570954, 20.976109], [105.572402, 20.974275], [105.573313, 20.974785], [105.574389, 20.974699], [105.575076, 20.972718], [105.578416, 20.969943], [105.578951, 20.970019], [105.578973, 20.97031], [105.580769, 20.970106], [105.581608, 20.969572], [105.582435, 20.970177], [105.582875, 20.969231], [105.58202, 20.968193], [105.582136, 20.965111], [105.580836, 20.964587], [105.580999, 20.964185], [105.58066, 20.963916], [105.581135, 20.96328], [105.581952, 20.963166], [105.58281, 20.963548], [105.583323, 20.96452], [105.583959, 20.964541], [105.584704, 20.961931], [105.58533, 20.961632], [105.58662, 20.961728], [105.587192, 20.961349], [105.589149, 20.958808], [105.590131, 20.956537], [105.592118, 20.954744], [105.594656, 20.954109], [105.595553, 20.953589], [105.595784, 20.951276], [105.595337, 20.949592], [105.595396, 20.948558], [105.597221, 20.945554], [105.59873, 20.945097], [105.605179, 20.945767], [105.605849, 20.945205], [105.606124, 20.94339], [105.607061, 20.942841], [105.608443, 20.942944], [105.609935, 20.943828], [105.610996, 20.943839], [105.611913, 20.942243], [105.614071, 20.941425], [105.615463, 20.940359], [105.615871, 20.939066], [105.614726, 20.937507], [105.614742, 20.935639], [105.615552, 20.935385], [105.617118, 20.936206], [105.617924, 20.936266], [105.618324, 20.93592], [105.618702, 20.933864], [105.620403, 20.932878], [105.619122, 20.93053], [105.618432, 20.930058], [105.616984, 20.930253], [105.616219, 20.932138], [105.615019, 20.933032], [105.614323, 20.932974], [105.613171, 20.932159], [105.612712, 20.931583], [105.612791, 20.931001], [105.615092, 20.92899], [105.61561, 20.927954], [105.615092, 20.925858], [105.60935, 20.923267], [105.608542, 20.923222], [105.605874, 20.923967], [105.604309, 20.922365], [105.602172, 20.92242], [105.601629, 20.921818], [105.601236, 20.920565], [105.602495, 20.919066], [105.602384, 20.91829], [105.598695, 20.918249], [105.597654, 20.917793], [105.597942, 20.913504], [105.597588, 20.912855], [105.595874, 20.912918], [105.594304, 20.913693], [105.593044, 20.912789], [105.592745, 20.911043], [105.591761, 20.911739], [105.592387, 20.912391], [105.592267, 20.912606], [105.590583, 20.912674], [105.588076, 20.91231], [105.58733, 20.911277], [105.585869, 20.911208], [105.58466, 20.909981], [105.583972, 20.91059], [105.583117, 20.910686], [105.581908, 20.909765], [105.581392, 20.910532], [105.582362, 20.911423], [105.58234, 20.912226], [105.580112, 20.912501], [105.58019, 20.914315], [105.579411, 20.914464], [105.578948, 20.916348], [105.580115, 20.917769], [105.579105, 20.918605], [105.579183, 20.919317], [105.578465, 20.920275], [105.578983, 20.920836], [105.579383, 20.920339], [105.580978, 20.920415], [105.581833, 20.919824], [105.584031, 20.921399], [105.584517, 20.92276], [105.582907, 20.923074], [105.581787, 20.923958], [105.581159, 20.923611], [105.579656, 20.924835], [105.581108, 20.925439], [105.581272, 20.925782], [105.580815, 20.927476], [105.579892, 20.92749], [105.579963, 20.928755], [105.577535, 20.929383], [105.576083, 20.92924], [105.575557, 20.930184], [105.573405, 20.928408], [105.572482, 20.929168], [105.571401, 20.929481], [105.570766, 20.930139], [105.570157, 20.929743], [105.571014, 20.927912], [105.568604, 20.927298], [105.566264, 20.927613], [105.565025, 20.926581], [105.563682, 20.926576], [105.561156, 20.925815], [105.560682, 20.924679], [105.560355, 20.925222], [105.558809, 20.925592], [105.556672, 20.926836], [105.555014, 20.927111], [105.55351, 20.92656], [105.552702, 20.927285], [105.552091, 20.927409], [105.551465, 20.926985], [105.551408, 20.926204], [105.55104, 20.925775], [105.547768, 20.924372], [105.545885, 20.923153], [105.541151, 20.925215], [105.53835, 20.92782], [105.537464, 20.926013], [105.535023, 20.924142], [105.533616, 20.923665], [105.532578, 20.922358], [105.531104, 20.921993], [105.529611, 20.92067], [105.525301, 20.918928], [105.524156, 20.919775], [105.522831, 20.921527], [105.521302, 20.922182], [105.518903, 20.922471], [105.517489, 20.921824], [105.514318, 20.922278], [105.512937, 20.92217], [105.50598, 20.926212], [105.504643, 20.927579], [105.504412, 20.92855], [105.503639, 20.929553], [105.50491, 20.929935], [105.505913, 20.930901], [105.507626, 20.931835], [105.509548, 20.933995], [105.511742, 20.934791], [105.515835, 20.939477], [105.515975, 20.940571], [105.51571, 20.941167], [105.516018, 20.942113], [105.516577, 20.942985], [105.517464, 20.94301], [105.517991, 20.943519], [105.517356, 20.945469], [105.516614, 20.946182], [105.517036, 20.946435], [105.516273, 20.948633], [105.518474, 20.949652], [105.519867, 20.95101], [105.520264, 20.95093], [105.520567, 20.950105], [105.52159, 20.950281], [105.522384, 20.951128], [105.522234, 20.952071], [105.522787, 20.952524], [105.523106, 20.952532], [105.523432, 20.951784], [105.523652, 20.951952], [105.523961, 20.951492], [105.525075, 20.952072], [105.525038, 20.95253], [105.525576, 20.952969], [105.527135, 20.952386], [105.527751, 20.952455], [105.528046, 20.952007], [105.528761, 20.951874], [105.528818, 20.952701], [105.529368, 20.953509], [105.529061, 20.954155], [105.528195, 20.95472], [105.528115, 20.955521], [105.529294, 20.957082], [105.528848, 20.957789], [105.527789, 20.957834], [105.527231, 20.958243], [105.527186, 20.958581], [105.527599, 20.95888], [105.527133, 20.959714], [105.527508, 20.960521], [105.527907, 20.960692], [105.527989, 20.961208], [105.527735, 20.961386], [105.528341, 20.961432], [105.528308, 20.963011], [105.529141, 20.96333], [105.529211, 20.964276], [105.530132, 20.964725], [105.530248, 20.965382], [105.529008, 20.967416], [105.529105, 20.967825], [105.529453, 20.967912], [105.529171, 20.968817], [105.52708, 20.970957], [105.52729, 20.971268], [105.5255, 20.973218], [105.525964, 20.973542], [105.527183, 20.973568], [105.52711, 20.974393], [105.529053, 20.976566], [105.528965, 20.977462], [105.530413, 20.979135], [105.530167, 20.979438], [105.530827, 20.979812], [105.532025, 20.979387], [105.534213, 20.977692], [105.534685, 20.978198], [105.535716, 20.978413], [105.535397, 20.979203], [105.535787, 20.979751], [105.537977, 20.978898], [105.53943, 20.979874], [105.540447, 20.979086], [105.541357, 20.978996], [105.54436, 20.980812], [105.546242, 20.982492], [105.547081, 20.982494], [105.548718, 20.983429], [105.548891, 20.986033], [105.549644, 20.986967], [105.550402, 20.986722], [105.551478, 20.985696], [105.551772, 20.986799], [105.552898, 20.986992], [105.553841, 20.988879], [105.554435, 20.988679], [105.555022, 20.989399]]]}, "properties": {"ma_xa": "09952", "phuong_moi": "Xã Phú Cát", "dien_tich_km2": 51.21, "so_tin_trong": 3, "ty_le_dong_thuan": 1.0}}, {"type": "Feature", "geometry": {"type": "Polygon", "coordinates": [[[105.563349, 21.100086], [105.571623, 21.100445], [105.575538, 21.099675], [105.575281, 21.099048], [105.575687, 21.098801], [105.575489, 21.097661], [105.575896, 21.096503], [105.57555, 21.094643], [105.576236, 21.0944], [105.576115, 21.094125], [105.576581, 21.093811], [105.57679, 21.093077], [105.575452, 21.088447], [105.57634, 21.087962], [105.576077, 21.086814], [105.576766, 21.086308], [105.574935, 21.082178], [105.576806, 21.08028], [105.580939, 21.077883], [105.581446, 21.078032], [105.583347, 21.075666], [105.583282, 21.075173], [105.58747, 21.076052], [105.587762, 21.073874], [105.593036, 21.074406], [105.594555, 21.073152], [105.594414, 21.072013], [105.593898, 21.071099], [105.594402, 21.067143], [105.593632, 21.065279], [105.593639, 21.064323], [105.592939, 21.063828], [105.591694, 21.063858], [105.591353, 21.062566], [105.592877, 21.060148], [105.592769, 21.059571], [105.591854, 21.059311], [105.591136, 21.059571], [105.590709, 21.058613], [105.589927, 21.058934], [105.589467, 21.057865], [105.587996, 21.056397], [105.588715, 21.05611], [105.588607, 21.055357], [105.589463, 21.053179], [105.590249, 21.05238], [105.590827, 21.052586], [105.590385, 21.050363], [105.590716, 21.048659], [105.59121, 21.048213], [105.590924, 21.047702], [105.591744, 21.047054], [105.591916, 21.04593], [105.591572, 21.045883], [105.59033, 21.04331], [105.589035, 21.042436], [105.587802, 21.04252], [105.587969, 21.042129], [105.587647, 21.041947], [105.589237, 21.039229], [105.587691, 21.038602], [105.587722, 21.038081], [105.586869, 21.0378], [105.586831, 21.037444], [105.585625, 21.037305], [105.585089, 21.036809], [105.583503, 21.037209], [105.58444, 21.035467], [105.584071, 21.035298], [105.583178, 21.036086], [105.578939, 21.036088], [105.57804, 21.034859], [105.578748, 21.034375], [105.578756, 21.033656], [105.577271, 21.030783], [105.576068, 21.031258], [105.576095, 21.032218], [105.57565, 21.031923], [105.573866, 21.031843], [105.573481, 21.033591], [105.572454, 21.033525], [105.572382, 21.034304], [105.571582, 21.03387], [105.570648, 21.034044], [105.570523, 21.033636], [105.569888, 21.033287], [105.567831, 21.033478], [105.56599, 21.032914], [105.56347, 21.033798], [105.56445, 21.034402], [105.56373, 21.036496], [105.564511, 21.036733], [105.564383, 21.037404], [105.565705, 21.037701], [105.566912, 21.036931], [105.567534, 21.037449], [105.566772, 21.037905], [105.567115, 21.039273], [105.566127, 21.039212], [105.566436, 21.038695], [105.566069, 21.038193], [105.564564, 21.038298], [105.564322, 21.038949], [105.56475, 21.040315], [105.565603, 21.04064], [105.565581, 21.04101], [105.565126, 21.041257], [105.565043, 21.040797], [105.564306, 21.040976], [105.564189, 21.041533], [105.563739, 21.041759], [105.562759, 21.040932], [105.56224, 21.040903], [105.561952, 21.041262], [105.56238, 21.041507], [105.562654, 21.042853], [105.563446, 21.043514], [105.563568, 21.044271], [105.563098, 21.044541], [105.562861, 21.045214], [105.563751, 21.045447], [105.563134, 21.04731], [105.563427, 21.048001], [105.563282, 21.048887], [105.562836, 21.049387], [105.56212, 21.048979], [105.561968, 21.049278], [105.562291, 21.049853], [105.561729, 21.050279], [105.563388, 21.051647], [105.56277, 21.051978], [105.564142, 21.053688], [105.563346, 21.056311], [105.563825, 21.056697], [105.563686, 21.057422], [105.56416, 21.05823], [105.563381, 21.05875], [105.562647, 21.058796], [105.561757, 21.057766], [105.559884, 21.057102], [105.559695, 21.056771], [105.557675, 21.056857], [105.555003, 21.056604], [105.554522, 21.056309], [105.554428, 21.056742], [105.554278, 21.056573], [105.553329, 21.057147], [105.552467, 21.056213], [105.550604, 21.05602], [105.549094, 21.055266], [105.548388, 21.055585], [105.547851, 21.054902], [105.547387, 21.055154], [105.546487, 21.054948], [105.544973, 21.053682], [105.54457, 21.052971], [105.543577, 21.052701], [105.543673, 21.052233], [105.54322, 21.051783], [105.541726, 21.051307], [105.540759, 21.050471], [105.539549, 21.051685], [105.538542, 21.051779], [105.536771, 21.053981], [105.536905, 21.054347], [105.536304, 21.055614], [105.534913, 21.057203], [105.534382, 21.057152], [105.534278, 21.058034], [105.533562, 21.058743], [105.534412, 21.060935], [105.534023, 21.061113], [105.533682, 21.060685], [105.533167, 21.061182], [105.531786, 21.06112], [105.530595, 21.062151], [105.530789, 21.062271], [105.53046, 21.062669], [105.530868, 21.063022], [105.530665, 21.063311], [105.529009, 21.063826], [105.530371, 21.065048], [105.529768, 21.066245], [105.531575, 21.069636], [105.53364, 21.070554], [105.534463, 21.070586], [105.535014, 21.070104], [105.536123, 21.070806], [105.535309, 21.071531], [105.5352, 21.072367], [105.5358, 21.072689], [105.53775, 21.072584], [105.537999, 21.072652], [105.537878, 21.073067], [105.535266, 21.074012], [105.535107, 21.07482], [105.532442, 21.074112], [105.531998, 21.075059], [105.532984, 21.075047], [105.533015, 21.076015], [105.532492, 21.076186], [105.531871, 21.078102], [105.532178, 21.080641], [105.530759, 21.080535], [105.529572, 21.082131], [105.526961, 21.083023], [105.524255, 21.083445], [105.523534, 21.084558], [105.523946, 21.086305], [105.523196, 21.087621], [105.523306, 21.088202], [105.524919, 21.08838], [105.52515, 21.088792], [105.52493, 21.089278], [105.525179, 21.089416], [105.526709, 21.089673], [105.527523, 21.089284], [105.527675, 21.090479], [105.528585, 21.09131], [105.52946, 21.091325], [105.530202, 21.09049], [105.530269, 21.090839], [105.531998, 21.090978], [105.538944, 21.091329], [105.539266, 21.091043], [105.539768, 21.09144], [105.539473, 21.092299], [105.539677, 21.092595], [105.540368, 21.092801], [105.541289, 21.093927], [105.542034, 21.094109], [105.542522, 21.095243], [105.543614, 21.096243], [105.544024, 21.095535], [105.543782, 21.095015], [105.545559, 21.094463], [105.546764, 21.095036], [105.547773, 21.093836], [105.547924, 21.094133], [105.549418, 21.094001], [105.549338, 21.095916], [105.549929, 21.097033], [105.550507, 21.096803], [105.551065, 21.097216], [105.551218, 21.096699], [105.551707, 21.097021], [105.552453, 21.096519], [105.552703, 21.097013], [105.554061, 21.097317], [105.554831, 21.096392], [105.557434, 21.102059], [105.563349, 21.100086]]]}, "properties": {"ma_xa": "09955", "phuong_moi": NaN, "dien_tich_km2": 31.93, "so_tin_trong": 2, "ty_le_dong_thuan": 1.0}}, {"type": "Feature", "geometry": {"type": "Polygon", "coordinates": [[[105.586824, 21.037444], [105.586408, 21.035998], [105.585251, 21.035318], [105.587583, 21.032432], [105.5862, 21.032004], [105.586348, 21.031689], [105.585753, 21.031526], [105.585434, 21.031002], [105.585641, 21.030855], [105.58535, 21.030099], [105.584846, 21.030057], [105.585183, 21.029763], [105.584712, 21.029115], [105.583714, 21.028675], [105.583779, 21.028287], [105.583283, 21.027674], [105.583418, 21.027119], [105.58308, 21.026883], [105.583233, 21.025776], [105.584523, 21.024766], [105.585994, 21.024296], [105.585839, 21.023299], [105.587254, 21.023776], [105.587455, 21.023487], [105.587886, 21.024344], [105.589267, 21.02404], [105.589495, 21.023397], [105.590809, 21.022157], [105.591025, 21.022356], [105.591397, 21.021745], [105.592377, 21.022389], [105.594799, 21.019525], [105.593854, 21.017511], [105.596068, 21.013481], [105.594739, 21.013334], [105.593787, 21.01273], [105.593852, 21.01124], [105.593243, 21.010514], [105.593895, 21.009487], [105.593241, 21.007995], [105.592845, 21.007535], [105.592569, 21.007744], [105.592319, 21.007018], [105.591094, 21.006974], [105.590624, 21.004961], [105.591875, 21.005265], [105.592567, 21.004418], [105.59234, 21.003925], [105.59175, 21.00367], [105.590761, 21.004129], [105.587932, 21.004307], [105.587565, 21.004204], [105.587167, 21.003383], [105.584996, 21.003116], [105.584213, 21.004296], [105.583531, 21.004105], [105.582299, 21.002969], [105.581687, 21.001907], [105.581376, 21.001967], [105.581037, 20.999306], [105.580204, 20.998351], [105.580789, 20.998185], [105.580849, 20.997851], [105.580818, 20.997443], [105.580474, 20.99742], [105.580526, 20.996545], [105.581601, 20.996678], [105.581974, 20.996109], [105.580265, 20.995192], [105.579104, 20.991663], [105.580904, 20.989385], [105.58162, 20.989974], [105.582845, 20.98919], [105.581378, 20.9876], [105.581204, 20.986763], [105.580189, 20.986005], [105.581553, 20.984929], [105.581523, 20.984082], [105.581197, 20.983554], [105.579941, 20.982998], [105.579464, 20.981722], [105.577937, 20.981732], [105.577236, 20.982065], [105.5771, 20.982554], [105.578248, 20.984546], [105.578234, 20.985521], [105.577626, 20.985945], [105.576186, 20.985398], [105.576031, 20.984081], [105.574899, 20.982628], [105.575978, 20.981268], [105.575823, 20.979788], [105.576369, 20.978462], [105.576347, 20.97756], [105.575956, 20.977334], [105.57483, 20.977714], [105.57386, 20.977517], [105.573708, 20.976983], [105.574744, 20.976292], [105.574863, 20.975828], [105.574389, 20.974699], [105.573313, 20.974785], [105.572532, 20.974264], [105.571953, 20.97461], [105.570954, 20.976109], [105.569193, 20.975659], [105.569536, 20.97672], [105.568917, 20.976596], [105.569057, 20.977428], [105.567174, 20.976908], [105.566126, 20.97701], [105.566292, 20.977436], [105.566047, 20.97755], [105.566717, 20.97933], [105.564993, 20.979519], [105.564106, 20.981296], [105.562004, 20.981524], [105.561564, 20.981128], [105.559753, 20.982554], [105.558822, 20.982417], [105.558112, 20.981468], [105.557333, 20.981531], [105.556409, 20.982048], [105.554987, 20.983524], [105.555026, 20.989936], [105.556343, 20.992374], [105.556346, 20.99466], [105.552509, 21.01192], [105.55158, 21.012824], [105.55069, 21.014353], [105.547822, 21.01423], [105.54719, 21.014812], [105.548109, 21.017912], [105.549383, 21.019601], [105.549193, 21.020695], [105.549569, 21.021697], [105.549527, 21.022935], [105.547932, 21.02664], [105.54555, 21.029186], [105.545438, 21.034857], [105.544795, 21.033988], [105.543916, 21.033641], [105.539845, 21.034326], [105.538706, 21.034108], [105.537899, 21.033115], [105.536653, 21.032349], [105.535035, 21.030288], [105.531351, 21.028818], [105.529156, 21.028769], [105.526797, 21.028007], [105.523412, 21.026323], [105.519211, 21.027008], [105.515504, 21.032948], [105.517167, 21.032949], [105.517151, 21.035707], [105.519117, 21.035926], [105.520272, 21.035707], [105.52086, 21.036628], [105.5222, 21.037208], [105.523655, 21.039501], [105.525547, 21.040418], [105.526724, 21.043364], [105.5276, 21.043542], [105.528041, 21.043101], [105.528444, 21.043181], [105.529508, 21.044636], [105.528925, 21.045355], [105.528324, 21.045357], [105.52821, 21.046184], [105.528466, 21.046632], [105.529302, 21.046744], [105.529032, 21.048103], [105.529825, 21.048], [105.53083, 21.048465], [105.530028, 21.049213], [105.531747, 21.049992], [105.532428, 21.049564], [105.533131, 21.049753], [105.533498, 21.049967], [105.533337, 21.050474], [105.533562, 21.050598], [105.534513, 21.050366], [105.534874, 21.05165], [105.534233, 21.051844], [105.533401, 21.051476], [105.532713, 21.05198], [105.531775, 21.051689], [105.531496, 21.051989], [105.533478, 21.053065], [105.534138, 21.053747], [105.535105, 21.053849], [105.535066, 21.054162], [105.534397, 21.054444], [105.534376, 21.054831], [105.53579, 21.055285], [105.534825, 21.055771], [105.533864, 21.055471], [105.534382, 21.057152], [105.534747, 21.057196], [105.536304, 21.055614], [105.536905, 21.054347], [105.536771, 21.053981], [105.538542, 21.051779], [105.539549, 21.051685], [105.540759, 21.050471], [105.541726, 21.051307], [105.54322, 21.051783], [105.543673, 21.052233], [105.543577, 21.052701], [105.54457, 21.052971], [105.544973, 21.053682], [105.546487, 21.054948], [105.547387, 21.055154], [105.547851, 21.054902], [105.548388, 21.055585], [105.549094, 21.055266], [105.550604, 21.05602], [105.552467, 21.056213], [105.553329, 21.057147], [105.554278, 21.056573], [105.554428, 21.056742], [105.554522, 21.056309], [105.555003, 21.056604], [105.557675, 21.056857], [105.559695, 21.056771], [105.559884, 21.057102], [105.561757, 21.057766], [105.562909, 21.05889], [105.564113, 21.058273], [105.563686, 21.057422], [105.563825, 21.056697], [105.563346, 21.056311], [105.564142, 21.053688], [105.56277, 21.051978], [105.563388, 21.051647], [105.561729, 21.050279], [105.562291, 21.049853], [105.561968, 21.049278], [105.56212, 21.048979], [105.562836, 21.049387], [105.563282, 21.048887], [105.563427, 21.048001], [105.563134, 21.04731], [105.563751, 21.045447], [105.562861, 21.045214], [105.563098, 21.044541], [105.563568, 21.044271], [105.563446, 21.043514], [105.562654, 21.042853], [105.56238, 21.041507], [105.561952, 21.041262], [105.56224, 21.040903], [105.562759, 21.040932], [105.563739, 21.041759], [105.564189, 21.041533], [105.564306, 21.040976], [105.565043, 21.040797], [105.565126, 21.041257], [105.565581, 21.04101], [105.565603, 21.04064], [105.56475, 21.040315], [105.564322, 21.038949], [105.564564, 21.038298], [105.566069, 21.038193], [105.566436, 21.038695], [105.566127, 21.039212], [105.567115, 21.039273], [105.566772, 21.037905], [105.567534, 21.037449], [105.566912, 21.036931], [105.565705, 21.037701], [105.564383, 21.037404], [105.564511, 21.036733], [105.56373, 21.036496], [105.56445, 21.034402], [105.563559, 21.033942], [105.563652, 21.033657], [105.56599, 21.032914], [105.567831, 21.033478], [105.569888, 21.033287], [105.570523, 21.033636], [105.570648, 21.034044], [105.571582, 21.03387], [105.572382, 21.034304], [105.572454, 21.033525], [105.573481, 21.033591], [105.573866, 21.031843], [105.57565, 21.031923], [105.576095, 21.032218], [105.576068, 21.031258], [105.577271, 21.030783], [105.578756, 21.033656], [105.578748, 21.034375], [105.57804, 21.034859], [105.578939, 21.036088], [105.583178, 21.036086], [105.584071, 21.035298], [105.58444, 21.035467], [105.583503, 21.037209], [105.584644, 21.036735], [105.585625, 21.037305], [105.586824, 21.037444]]]}, "properties": {"ma_xa": "09982", "phuong_moi": NaN, "dien_tich_km2": 32.14, "so_tin_trong": 0, "ty_le_dong_thuan": null}}, {"type": "Feature", "geometry": {"type": "Polygon", "coordinates": [[[105.50489, 21.048903], [105.511752, 21.039701], [105.513368, 21.036357], [105.519211, 21.027008], [105.523559, 21.026348], [105.526797, 21.028007], [105.529156, 21.028769], [105.531351, 21.028818], [105.535035, 21.030288], [105.536653, 21.032349], [105.537899, 21.033115], [105.538706, 21.034108], [105.539845, 21.034326], [105.543916, 21.033641], [105.544745, 21.033949], [105.545485, 21.034783], [105.54555, 21.029186], [105.547932, 21.02664], [105.549527, 21.022935], [105.549569, 21.021697], [105.549193, 21.020695], [105.549383, 21.019601], [105.548109, 21.017912], [105.54719, 21.014812], [105.547822, 21.01423], [105.55069, 21.014353], [105.552544, 21.011839], [105.55647, 20.993287], [105.556218, 20.991929], [105.555026, 20.989936], [105.555022, 20.989399], [105.554435, 20.988679], [105.553841, 20.988879], [105.552898, 20.986992], [105.55192, 20.986928], [105.551325, 20.985687], [105.550402, 20.986722], [105.549644, 20.986967], [105.548891, 20.986033], [105.548718, 20.983429], [105.547081, 20.982494], [105.546242, 20.982492], [105.54436, 20.980812], [105.541607, 20.97911], [105.540447, 20.979086], [105.53943, 20.979874], [105.537977, 20.978898], [105.535787, 20.979751], [105.535397, 20.979203], [105.535716, 20.978413], [105.534685, 20.978198], [105.534213, 20.977692], [105.533342, 20.978612], [105.530728, 20.979809], [105.530167, 20.979438], [105.530413, 20.979135], [105.529517, 20.978162], [105.526992, 20.981306], [105.524875, 20.990395], [105.516958, 20.990282], [105.504829, 20.989541], [105.498553, 20.99048], [105.494975, 20.99165], [105.491664, 20.993215], [105.48846, 20.995223], [105.472937, 21.006607], [105.466341, 21.011803], [105.464052, 21.012691], [105.461253, 21.013115], [105.465339, 21.018273], [105.48623, 21.0398], [105.488423, 21.041731], [105.498339, 21.047214], [105.501222, 21.048206], [105.50489, 21.048903]]]}, "properties": {"ma_xa": "09988", "phuong_moi": "Xã Hòa Lạc", "dien_tich_km2": 35.37, "so_tin_trong": 6, "ty_le_dong_thuan": 1.0}}, {"type": "Feature", "geometry": {"type": "Polygon", "coordinates": [[[105.634728, 21.044172], [105.63446, 21.04406], [105.635506, 21.041195], [105.634567, 21.041136], [105.634548, 21.036675], [105.632329, 21.036986], [105.632165, 21.035558], [105.633154, 21.035433], [105.630744, 21.027032], [105.634199, 21.025118], [105.632689, 21.022424], [105.632261, 21.022566], [105.627921, 21.017631], [105.63168, 21.014233], [105.632272, 21.014001], [105.634713, 21.016329], [105.638246, 21.013128], [105.638946, 21.013216], [105.640009, 21.010691], [105.639727, 21.003495], [105.621148, 21.001664], [105.614456, 21.001334], [105.615024, 21.008254], [105.602934, 21.005067], [105.602058, 21.005015], [105.600226, 21.005775], [105.598311, 21.008851], [105.595857, 21.013438], [105.596068, 21.013481], [105.595242, 21.015372], [105.593854, 21.017511], [105.594799, 21.019525], [105.592377, 21.022389], [105.591397, 21.021745], [105.591025, 21.022356], [105.590809, 21.022157], [105.589495, 21.023397], [105.589205, 21.024084], [105.587815, 21.024337], [105.587622, 21.024181], [105.587855, 21.023868], [105.587455, 21.023487], [105.587254, 21.023776], [105.585765, 21.023334], [105.585994, 21.024296], [105.583726, 21.025263], [105.583233, 21.025776], [105.583051, 21.026606], [105.583714, 21.028675], [105.584589, 21.02899], [105.585183, 21.029763], [105.584846, 21.030057], [105.58535, 21.030099], [105.585753, 21.031526], [105.586348, 21.031689], [105.5862, 21.032004], [105.587583, 21.032432], [105.585251, 21.035318], [105.586408, 21.035998], [105.586869, 21.0378], [105.587697, 21.038056], [105.587691, 21.038602], [105.589237, 21.039229], [105.587647, 21.041947], [105.587969, 21.042129], [105.587802, 21.04252], [105.589035, 21.042436], [105.59033, 21.04331], [105.591572, 21.045883], [105.591916, 21.04593], [105.591744, 21.047054], [105.590924, 21.047702], [105.59121, 21.048213], [105.590716, 21.048659], [105.590385, 21.050363], [105.590827, 21.052586], [105.590249, 21.05238], [105.589463, 21.053179], [105.588607, 21.055357], [105.588715, 21.05611], [105.587996, 21.056397], [105.589467, 21.057865], [105.589927, 21.058934], [105.590709, 21.058613], [105.591136, 21.059571], [105.591854, 21.059311], [105.592769, 21.059571], [105.592877, 21.060148], [105.591544, 21.061992], [105.59142, 21.062969], [105.591765, 21.063908], [105.592939, 21.063828], [105.593569, 21.064179], [105.593632, 21.065279], [105.594402, 21.067143], [105.593898, 21.071099], [105.594526, 21.072456], [105.59443, 21.073403], [105.592877, 21.074422], [105.587762, 21.073874], [105.58747, 21.076052], [105.592194, 21.076884], [105.592116, 21.077616], [105.593515, 21.077855], [105.594515, 21.076992], [105.594935, 21.074672], [105.598364, 21.073607], [105.601229, 21.073281], [105.603201, 21.072113], [105.60724, 21.070482], [105.608132, 21.071387], [105.608352, 21.071288], [105.609313, 21.072542], [105.61579, 21.067563], [105.616019, 21.067935], [105.615114, 21.068617], [105.616467, 21.069528], [105.617289, 21.067921], [105.619289, 21.067513], [105.62437, 21.064846], [105.626689, 21.062979], [105.628811, 21.060399], [105.629655, 21.060053], [105.62875, 21.05969], [105.632123, 21.052407], [105.63064, 21.051221], [105.634728, 21.044172]]]}, "properties": {"ma_xa": "10003", "phuong_moi": NaN, "dien_tich_km2": 31.1, "so_tin_trong": 0, "ty_le_dong_thuan": null}}, {"type": "Feature", "geometry": {"type": "Polygon", "coordinates": [[[105.695195, 20.96471], [105.696194, 20.964381], [105.696389, 20.963776], [105.695104, 20.960927], [105.695196, 20.959926], [105.693374, 20.956729], [105.693589, 20.955796], [105.694501, 20.955205], [105.696373, 20.954897], [105.697482, 20.956877], [105.699195, 20.955885], [105.700894, 20.957333], [105.704477, 20.956815], [105.704641, 20.957862], [105.706109, 20.957278], [105.707239, 20.956287], [105.7091, 20.957762], [105.710886, 20.956311], [105.711484, 20.956164], [105.711643, 20.955721], [105.712266, 20.955883], [105.712238, 20.955507], [105.712544, 20.955545], [105.714434, 20.95624], [105.715269, 20.95604], [105.717084, 20.954982], [105.718039, 20.953861], [105.72023, 20.953808], [105.722569, 20.952695], [105.725119, 20.950961], [105.722583, 20.948815], [105.718364, 20.947064], [105.714011, 20.944724], [105.711705, 20.941757], [105.711312, 20.939793], [105.711613, 20.938567], [105.712829, 20.93687], [105.715194, 20.93513], [105.716799, 20.934587], [105.719197, 20.934442], [105.72082, 20.934883], [105.722207, 20.936058], [105.723314, 20.937807], [105.723959, 20.940993], [105.724484, 20.941064], [105.725259, 20.940467], [105.726911, 20.937689], [105.729829, 20.930233], [105.730391, 20.927018], [105.729892, 20.921373], [105.730214, 20.918037], [105.73209, 20.915228], [105.734434, 20.913826], [105.736429, 20.913049], [105.736101, 20.911723], [105.732212, 20.908991], [105.730913, 20.907552], [105.729537, 20.905577], [105.728021, 20.902184], [105.72671, 20.900086], [105.723172, 20.896094], [105.717874, 20.898553], [105.700691, 20.898617], [105.700789, 20.895882], [105.704057, 20.885576], [105.701334, 20.885511], [105.701262, 20.88601], [105.700756, 20.885997], [105.700382, 20.886556], [105.700463, 20.887496], [105.697799, 20.887298], [105.697813, 20.888205], [105.697239, 20.888235], [105.697228, 20.888968], [105.696632, 20.888912], [105.696797, 20.890256], [105.692703, 20.890449], [105.687539, 20.889805], [105.68672, 20.890911], [105.6832, 20.888012], [105.680608, 20.892361], [105.67693, 20.891045], [105.676799, 20.892932], [105.675176, 20.895241], [105.675462, 20.89561], [105.675179, 20.896258], [105.675509, 20.896568], [105.675019, 20.898379], [105.675379, 20.899021], [105.675168, 20.899729], [105.676059, 20.900088], [105.676097, 20.900416], [105.677069, 20.900571], [105.675478, 20.906326], [105.672608, 20.913643], [105.67655, 20.917367], [105.677027, 20.918365], [105.677417, 20.923501], [105.676691, 20.924063], [105.675214, 20.923649], [105.674956, 20.928879], [105.67297, 20.928835], [105.672972, 20.929196], [105.672381, 20.929174], [105.672139, 20.930034], [105.672353, 20.930068], [105.672306, 20.930889], [105.674068, 20.930779], [105.674287, 20.932367], [105.674004, 20.933024], [105.671038, 20.933144], [105.670941, 20.935025], [105.665012, 20.934798], [105.664781, 20.94014], [105.662641, 20.940021], [105.662111, 20.949161], [105.663344, 20.948901], [105.676563, 20.951542], [105.678411, 20.950714], [105.679557, 20.95165], [105.679102, 20.952177], [105.679058, 20.952782], [105.679676, 20.953348], [105.679708, 20.954457], [105.68332, 20.955376], [105.68296, 20.95793], [105.686453, 20.958484], [105.685927, 20.960961], [105.6878, 20.961491], [105.687558, 20.962063], [105.688686, 20.962238], [105.689895, 20.962003], [105.690383, 20.962467], [105.692619, 20.961542], [105.695195, 20.96471]]]}, "properties": {"ma_xa": "10015", "phuong_moi": "Phường Chương Mỹ", "dien_tich_km2": 38.9, "so_tin_trong": 79, "ty_le_dong_thuan": 1.0}}, {"type": "Feature", "geometry": {"type": "Polygon", "coordinates": [[[105.662111, 20.949161], [105.662641, 20.940021], [105.664781, 20.94014], [105.665012, 20.934798], [105.670941, 20.935025], [105.671038, 20.933144], [105.674004, 20.933024], [105.674287, 20.932367], [105.674068, 20.930779], [105.672306, 20.930889], [105.672353, 20.930068], [105.672139, 20.930034], [105.672381, 20.929174], [105.672972, 20.929196], [105.67297, 20.928835], [105.674956, 20.928879], [105.675214, 20.923649], [105.676691, 20.924063], [105.677417, 20.923501], [105.677027, 20.918365], [105.67655, 20.917367], [105.672608, 20.913643], [105.675478, 20.906326], [105.677069, 20.900571], [105.676097, 20.900416], [105.676059, 20.900088], [105.675108, 20.899566], [105.673171, 20.899789], [105.673268, 20.898835], [105.674284, 20.898205], [105.674254, 20.897841], [105.671125, 20.897758], [105.670169, 20.897419], [105.669652, 20.896649], [105.670011, 20.895604], [105.668179, 20.896022], [105.667997, 20.896645], [105.667343, 20.896477], [105.66629, 20.896177], [105.666888, 20.895023], [105.666303, 20.894553], [105.665746, 20.894794], [105.665172, 20.893853], [105.658422, 20.891644], [105.657876, 20.891848], [105.656448, 20.891619], [105.65618, 20.892193], [105.655382, 20.892728], [105.65548, 20.891737], [105.654466, 20.891623], [105.653743, 20.890168], [105.653133, 20.889981], [105.651634, 20.890472], [105.650117, 20.886712], [105.649394, 20.887186], [105.648654, 20.886853], [105.648612, 20.886243], [105.646414, 20.885878], [105.645761, 20.88416], [105.647524, 20.883041], [105.646921, 20.881834], [105.648767, 20.881171], [105.648647, 20.880711], [105.643016, 20.881684], [105.64224, 20.882054], [105.641681, 20.883949], [105.64233, 20.888494], [105.640967, 20.889551], [105.636949, 20.891455], [105.635629, 20.892632], [105.634939, 20.891687], [105.632024, 20.89305], [105.631544, 20.892084], [105.63097, 20.892079], [105.629995, 20.891127], [105.630304, 20.890172], [105.629138, 20.889771], [105.628981, 20.889377], [105.627866, 20.88953], [105.627407, 20.890683], [105.62712, 20.890593], [105.627012, 20.891363], [105.625147, 20.891598], [105.62337, 20.892345], [105.620091, 20.895529], [105.619076, 20.895352], [105.618617, 20.894819], [105.616612, 20.890006], [105.61585, 20.889616], [105.612677, 20.889217], [105.61195, 20.888796], [105.611211, 20.887602], [105.609402, 20.887478], [105.609165, 20.888142], [105.609771, 20.891695], [105.61103, 20.895105], [105.611801, 20.89545], [105.613097, 20.895378], [105.613121, 20.897191], [105.61361, 20.897156], [105.613677, 20.897457], [105.613523, 20.897763], [105.612227, 20.898207], [105.612183, 20.898723], [105.611383, 20.89921], [105.610682, 20.901348], [105.61111, 20.901832], [105.612421, 20.902119], [105.612395, 20.902645], [105.611744, 20.903507], [105.612267, 20.904334], [105.61343, 20.90464], [105.614088, 20.905682], [105.614078, 20.906415], [105.612566, 20.907703], [105.612501, 20.909164], [105.611973, 20.909453], [105.610954, 20.908745], [105.61064, 20.909246], [105.609886, 20.908625], [105.608655, 20.908995], [105.608328, 20.908451], [105.608042, 20.90861], [105.607623, 20.908337], [105.607342, 20.908651], [105.606582, 20.908294], [105.605778, 20.909399], [105.60652, 20.909614], [105.605362, 20.910935], [105.604322, 20.910355], [105.604179, 20.911004], [105.604961, 20.91159], [105.604212, 20.912827], [105.603693, 20.912846], [105.603418, 20.913559], [105.601219, 20.914536], [105.597841, 20.914696], [105.59755, 20.917454], [105.597751, 20.917922], [105.599253, 20.918299], [105.602384, 20.91829], [105.602495, 20.919066], [105.601236, 20.920565], [105.601629, 20.921818], [105.602172, 20.92242], [105.604309, 20.922365], [105.605874, 20.923967], [105.608542, 20.923222], [105.60935, 20.923267], [105.615092, 20.925858], [105.615653, 20.927542], [105.615497, 20.928307], [105.612791, 20.931001], [105.612821, 20.931783], [105.614013, 20.932813], [105.615019, 20.933032], [105.616219, 20.932138], [105.616984, 20.930253], [105.617999, 20.930018], [105.618986, 20.930337], [105.620453, 20.932734], [105.619984, 20.93328], [105.618702, 20.933864], [105.618324, 20.93592], [105.617924, 20.936266], [105.619956, 20.936464], [105.623626, 20.938177], [105.622078, 20.940066], [105.624302, 20.940406], [105.624565, 20.940887], [105.626016, 20.941147], [105.626019, 20.942855], [105.626277, 20.943261], [105.626755, 20.943309], [105.626601, 20.943959], [105.627432, 20.944935], [105.627438, 20.94533], [105.628304, 20.946222], [105.628693, 20.945921], [105.629291, 20.946211], [105.629203, 20.946641], [105.630607, 20.947311], [105.629914, 20.948125], [105.632804, 20.949882], [105.633935, 20.955745], [105.63633, 20.955395], [105.63633, 20.954534], [105.639388, 20.954967], [105.639372, 20.954093], [105.641679, 20.955379], [105.644893, 20.952186], [105.645602, 20.952309], [105.646223, 20.951091], [105.651875, 20.951646], [105.662111, 20.949161]]]}, "properties": {"ma_xa": "10030", "phuong_moi": NaN, "dien_tich_km2": 40.25, "so_tin_trong": 0, "ty_le_dong_thuan": null}}, {"type": "Feature", "geometry": {"type": "Polygon", "coordinates": [[[105.578233, 20.915533], [105.579294, 20.915096], [105.579411, 20.914464], [105.58019, 20.914315], [105.580178, 20.912444], [105.582275, 20.912346], [105.582362, 20.911423], [105.581392, 20.910532], [105.582045, 20.909693], [105.583117, 20.910686], [105.583972, 20.91059], [105.58466, 20.909981], [105.585869, 20.911208], [105.58733, 20.911277], [105.588076, 20.91231], [105.590583, 20.912674], [105.592267, 20.912606], [105.592387, 20.912391], [105.591761, 20.911739], [105.592745, 20.911043], [105.592957, 20.912641], [105.593774, 20.913461], [105.594554, 20.913692], [105.595874, 20.912918], [105.597395, 20.912774], [105.597911, 20.913346], [105.597841, 20.914696], [105.598429, 20.914708], [105.601699, 20.914435], [105.603418, 20.913559], [105.603693, 20.912846], [105.604212, 20.912827], [105.604961, 20.91159], [105.604179, 20.911004], [105.604322, 20.910355], [105.605362, 20.910935], [105.60652, 20.909614], [105.605778, 20.909399], [105.606582, 20.908294], [105.607342, 20.908651], [105.607623, 20.908337], [105.608042, 20.90861], [105.608328, 20.908451], [105.608655, 20.908995], [105.609886, 20.908625], [105.61064, 20.909246], [105.610954, 20.908745], [105.611973, 20.909453], [105.612501, 20.909164], [105.612509, 20.907814], [105.613865, 20.906779], [105.614159, 20.905908], [105.61343, 20.90464], [105.612267, 20.904334], [105.611744, 20.903507], [105.612395, 20.902645], [105.612421, 20.902119], [105.610974, 20.901751], [105.610655, 20.900996], [105.611383, 20.89921], [105.612183, 20.898723], [105.612227, 20.898207], [105.613599, 20.897715], [105.613651, 20.897218], [105.613121, 20.897191], [105.613097, 20.895378], [105.611801, 20.89545], [105.61103, 20.895105], [105.609771, 20.891695], [105.609165, 20.888142], [105.609402, 20.887478], [105.611211, 20.887602], [105.61195, 20.888796], [105.612677, 20.889217], [105.61585, 20.889616], [105.616612, 20.890006], [105.618617, 20.894819], [105.619076, 20.895352], [105.620091, 20.895529], [105.62337, 20.892345], [105.625147, 20.891598], [105.627012, 20.891363], [105.62712, 20.890593], [105.627407, 20.890683], [105.627866, 20.88953], [105.628981, 20.889377], [105.629138, 20.889771], [105.630304, 20.890172], [105.629995, 20.891127], [105.63097, 20.892079], [105.631544, 20.892084], [105.632038, 20.893052], [105.634939, 20.891687], [105.635629, 20.892632], [105.637647, 20.89104], [105.641735, 20.889106], [105.642436, 20.888051], [105.64187, 20.886488], [105.641681, 20.883949], [105.64224, 20.882054], [105.638868, 20.880131], [105.636692, 20.880791], [105.634579, 20.875076], [105.631165, 20.874144], [105.631203, 20.873777], [105.629714, 20.873277], [105.63, 20.872302], [105.63145, 20.872326], [105.631687, 20.87122], [105.630542, 20.870764], [105.62965, 20.86985], [105.629793, 20.86943], [105.630197, 20.869328], [105.631255, 20.870063], [105.63171, 20.869965], [105.631112, 20.869368], [105.631896, 20.868863], [105.631816, 20.868552], [105.631156, 20.868337], [105.631645, 20.86741], [105.630679, 20.867845], [105.629015, 20.867589], [105.628724, 20.867418], [105.628526, 20.866444], [105.62725, 20.86522], [105.625946, 20.8655], [105.625474, 20.865326], [105.625694, 20.864727], [105.625423, 20.864482], [105.62552, 20.863842], [105.626135, 20.863129], [105.625442, 20.86323], [105.625286, 20.862099], [105.624452, 20.862099], [105.623919, 20.861757], [105.624291, 20.86001], [105.623744, 20.859322], [105.623735, 20.856824], [105.622858, 20.856442], [105.62185, 20.854687], [105.622216, 20.854485], [105.621928, 20.85321], [105.622667, 20.852219], [105.622361, 20.851927], [105.620542, 20.85132], [105.62011, 20.851042], [105.620311, 20.850807], [105.620107, 20.850676], [105.619005, 20.850642], [105.617936, 20.850042], [105.617594, 20.849074], [105.613619, 20.848418], [105.610428, 20.849424], [105.608052, 20.850852], [105.601164, 20.852142], [105.59896, 20.850603], [105.59911, 20.849938], [105.599505, 20.850002], [105.600136, 20.848768], [105.6005, 20.849938], [105.601181, 20.849693], [105.601353, 20.847677], [105.602047, 20.846951], [105.602294, 20.84573], [105.602685, 20.845513], [105.603382, 20.846273], [105.604687, 20.846612], [105.605348, 20.847317], [105.606063, 20.846519], [105.606426, 20.846603], [105.606495, 20.847702], [105.607484, 20.848452], [105.607644, 20.84792], [105.608303, 20.847559], [105.608281, 20.844859], [105.608624, 20.844809], [105.6086, 20.844186], [105.610073, 20.84201], [105.608912, 20.840763], [105.609125, 20.839448], [105.607912, 20.83912], [105.608729, 20.838431], [105.608818, 20.837949], [105.607658, 20.837984], [105.606948, 20.838661], [105.605982, 20.838034], [105.60453, 20.838338], [105.604127, 20.838788], [105.602905, 20.83793], [105.599936, 20.841177], [105.597961, 20.841842], [105.597971, 20.8412], [105.597721, 20.841134], [105.596722, 20.841836], [105.596308, 20.841469], [105.596533, 20.840259], [105.597813, 20.838633], [105.596967, 20.838311], [105.596528, 20.83734], [105.597189, 20.836087], [105.596641, 20.835748], [105.596548, 20.834828], [105.59729, 20.834275], [105.597021, 20.833756], [105.597757, 20.833491], [105.596689, 20.831723], [105.59473, 20.830478], [105.591911, 20.830896], [105.590399, 20.830638], [105.58929, 20.831425], [105.588097, 20.831327], [105.587665, 20.829937], [105.58722, 20.829709], [105.586632, 20.826416], [105.587339, 20.824983], [105.587335, 20.823901], [105.58785, 20.822748], [105.587773, 20.820484], [105.587175, 20.819733], [105.584631, 20.818824], [105.583841, 20.81755], [105.583188, 20.814468], [105.583409, 20.811793], [105.581504, 20.811672], [105.578245, 20.80924], [105.575189, 20.807935], [105.571683, 20.808648], [105.570525, 20.808364], [105.566239, 20.808424], [105.564275, 20.809463], [105.563357, 20.808806], [105.559165, 20.808256], [105.557199, 20.807397], [105.555788, 20.806055], [105.554478, 20.806503], [105.553416, 20.806466], [105.552037, 20.807161], [105.550881, 20.809212], [105.558261, 20.812291], [105.558532, 20.81495], [105.559418, 20.815914], [105.560059, 20.817386], [105.560162, 20.818677], [105.562143, 20.822745], [105.563479, 20.822843], [105.566173, 20.821664], [105.567482, 20.822014], [105.570848, 20.821679], [105.573466, 20.8222], [105.574447, 20.822089], [105.5754, 20.822555], [105.57637, 20.824051], [105.57934, 20.826462], [105.579554, 20.827198], [105.579037, 20.827953], [105.57961, 20.828555], [105.580381, 20.830729], [105.580456, 20.832081], [105.580139, 20.833283], [105.581143, 20.835825], [105.581639, 20.836036], [105.581459, 20.836835], [105.583246, 20.837523], [105.583532, 20.838796], [105.584479, 20.83888], [105.584734, 20.839587], [105.58607, 20.840268], [105.586262, 20.840801], [105.585252, 20.841722], [105.585248, 20.842344], [105.585612, 20.842668], [105.587301, 20.842855], [105.587585, 20.843624], [105.587243, 20.843976], [105.588123, 20.845099], [105.588105, 20.84545], [105.587635, 20.845488], [105.586869, 20.84431], [105.586274, 20.844074], [105.58609, 20.844718], [105.585392, 20.844844], [105.585768, 20.845549], [105.585667, 20.846018], [105.586351, 20.846232], [105.585877, 20.846683], [105.58674, 20.847087], [105.586994, 20.847725], [105.587016, 20.849043], [105.587419, 20.849058], [105.587681, 20.849559], [105.586989, 20.850126], [105.586929, 20.850804], [105.586107, 20.851238], [105.586276, 20.853495], [105.585105, 20.85459], [105.585018, 20.855747], [105.585502, 20.856838], [105.585237, 20.856989], [105.585413, 20.857399], [105.582606, 20.859176], [105.581094, 20.860858], [105.580216, 20.862483], [105.579399, 20.861457], [105.575468, 20.864009], [105.575636, 20.866324], [105.574998, 20.866249], [105.573608, 20.867693], [105.573143, 20.869101], [105.571977, 20.868885], [105.571232, 20.869105], [105.570595, 20.869853], [105.569672, 20.870237], [105.568802, 20.871873], [105.567919, 20.872579], [105.567348, 20.872356], [105.566916, 20.872654], [105.562786, 20.873218], [105.563265, 20.874345], [105.563166, 20.875707], [105.563404, 20.876056], [105.563026, 20.876266], [105.561273, 20.87546], [105.560605, 20.87732], [105.559563, 20.877399], [105.55962, 20.878504], [105.559082, 20.878648], [105.559149, 20.879266], [105.56022, 20.879547], [105.559959, 20.879972], [105.559409, 20.88009], [105.55936, 20.880846], [105.556379, 20.879564], [105.554015, 20.879765], [105.553634, 20.880473], [105.553702, 20.882591], [105.552772, 20.882747], [105.5527, 20.883222], [105.556157, 20.883712], [105.556031, 20.885046], [105.55499, 20.886304], [105.555624, 20.886836], [105.5556, 20.887477], [105.556384, 20.887886], [105.556376, 20.888408], [105.556772, 20.888496], [105.556917, 20.889592], [105.557877, 20.88984], [105.558182, 20.890365], [105.559171, 20.890463], [105.559608, 20.890906], [105.559412, 20.891288], [105.559859, 20.891734], [105.560109, 20.892917], [105.559925, 20.894116], [105.560382, 20.894729], [105.560383, 20.895547], [105.560981, 20.896955], [105.560674, 20.897329], [105.56099, 20.897901], [105.561995, 20.898601], [105.563382, 20.898514], [105.563331, 20.899079], [105.562321, 20.899297], [105.561409, 20.900564], [105.560483, 20.90109], [105.55951, 20.901206], [105.559353, 20.901517], [105.559697, 20.901904], [105.555461, 20.90476], [105.556421, 20.906304], [105.557032, 20.906656], [105.557809, 20.906496], [105.55975, 20.905308], [105.560027, 20.905523], [105.558458, 20.906704], [105.558564, 20.907374], [105.557532, 20.908], [105.560066, 20.909874], [105.560559, 20.909964], [105.56149, 20.909175], [105.562089, 20.909357], [105.56282, 20.908872], [105.568994, 20.911543], [105.572325, 20.913535], [105.575308, 20.913526], [105.575865, 20.914312], [105.577117, 20.914887], [105.577106, 20.915406], [105.578233, 20.915533]]]}, "properties": {"ma_xa": "10045", "phuong_moi": NaN, "dien_tich_km2": 50.72, "so_tin_trong": 0, "ty_le_dong_thuan": null}}, {"type": "Feature", "geometry": {"type": "Polygon", "coordinates": [[[105.675108, 20.899566], [105.675379, 20.899021], [105.675019, 20.898379], [105.675097, 20.897718], [105.675512, 20.896493], [105.675179, 20.896258], [105.675462, 20.89561], [105.675176, 20.895241], [105.676799, 20.892932], [105.67693, 20.891045], [105.680608, 20.892361], [105.6832, 20.888012], [105.68672, 20.890911], [105.687539, 20.889805], [105.692703, 20.890449], [105.696797, 20.890256], [105.696632, 20.888912], [105.697228, 20.888968], [105.697239, 20.888235], [105.697813, 20.888205], [105.697799, 20.887298], [105.700463, 20.887496], [105.700382, 20.886556], [105.700756, 20.885997], [105.701262, 20.88601], [105.701334, 20.885511], [105.704057, 20.885576], [105.700789, 20.895882], [105.700691, 20.898617], [105.717874, 20.898553], [105.723172, 20.896094], [105.722392, 20.894436], [105.723506, 20.893322], [105.724981, 20.893096], [105.727382, 20.893294], [105.72915, 20.893794], [105.731084, 20.893722], [105.734153, 20.893016], [105.73622, 20.891997], [105.738613, 20.88821], [105.739245, 20.884758], [105.738812, 20.879015], [105.73767, 20.875327], [105.73663, 20.87402], [105.735137, 20.873116], [105.734145, 20.873046], [105.732826, 20.873606], [105.730339, 20.875919], [105.729167, 20.87595], [105.728395, 20.874842], [105.728686, 20.871673], [105.731534, 20.867138], [105.736791, 20.862455], [105.739042, 20.860897], [105.740417, 20.860419], [105.74203, 20.859027], [105.742981, 20.858888], [105.743986, 20.858086], [105.745418, 20.857797], [105.746479, 20.857079], [105.749578, 20.856062], [105.750801, 20.856058], [105.752567, 20.854621], [105.753578, 20.85436], [105.75458, 20.852988], [105.755398, 20.852576], [105.756237, 20.851135], [105.756116, 20.848584], [105.755404, 20.848023], [105.749851, 20.846591], [105.745997, 20.84628], [105.741631, 20.846692], [105.736225, 20.845159], [105.735488, 20.844668], [105.734844, 20.844708], [105.734671, 20.845093], [105.733184, 20.845048], [105.728686, 20.85167], [105.727152, 20.850836], [105.725713, 20.854388], [105.724587, 20.855116], [105.72398, 20.854914], [105.72076, 20.85656], [105.72008, 20.856968], [105.719681, 20.857914], [105.718975, 20.858502], [105.716715, 20.859371], [105.715492, 20.859], [105.715006, 20.85837], [105.713741, 20.858216], [105.712672, 20.858469], [105.711537, 20.85609], [105.709475, 20.856662], [105.709682, 20.853845], [105.711422, 20.853651], [105.711384, 20.851479], [105.710698, 20.850818], [105.708967, 20.85136], [105.70649, 20.847834], [105.701595, 20.847913], [105.70082, 20.847566], [105.700165, 20.847666], [105.700223, 20.848719], [105.699135, 20.848368], [105.69838, 20.84855], [105.697585, 20.848037], [105.696424, 20.846214], [105.695001, 20.846525], [105.693016, 20.846245], [105.688867, 20.843661], [105.685406, 20.844153], [105.684586, 20.845679], [105.685527, 20.849822], [105.685266, 20.852542], [105.684579, 20.853895], [105.681769, 20.856612], [105.680386, 20.858613], [105.679624, 20.860254], [105.678822, 20.863869], [105.677932, 20.86457], [105.67647, 20.864806], [105.676357, 20.865134], [105.677304, 20.866093], [105.673888, 20.870278], [105.673018, 20.870811], [105.672688, 20.86989], [105.671043, 20.869579], [105.669303, 20.872279], [105.667859, 20.871542], [105.666939, 20.87168], [105.665276, 20.870792], [105.664479, 20.871307], [105.66386, 20.873004], [105.666664, 20.874079], [105.665667, 20.876359], [105.665348, 20.876872], [105.66399, 20.876227], [105.663499, 20.876842], [105.662516, 20.876022], [105.661987, 20.876257], [105.661607, 20.875931], [105.661382, 20.876068], [105.662223, 20.877198], [105.661454, 20.877547], [105.660566, 20.878498], [105.660705, 20.879321], [105.653914, 20.879168], [105.652968, 20.878698], [105.651678, 20.876767], [105.650182, 20.875425], [105.649237, 20.875483], [105.648804, 20.87599], [105.648765, 20.876672], [105.64975, 20.880247], [105.648647, 20.880711], [105.648767, 20.881171], [105.646921, 20.881834], [105.647524, 20.883041], [105.645761, 20.88416], [105.646414, 20.885878], [105.648612, 20.886243], [105.648654, 20.886853], [105.649394, 20.887186], [105.650117, 20.886712], [105.651634, 20.890472], [105.653133, 20.889981], [105.653743, 20.890168], [105.654466, 20.891623], [105.65548, 20.891737], [105.655382, 20.892728], [105.65618, 20.892193], [105.656448, 20.891619], [105.657876, 20.891848], [105.658422, 20.891644], [105.665172, 20.893853], [105.665746, 20.894794], [105.666303, 20.894553], [105.666888, 20.895023], [105.66629, 20.896177], [105.667997, 20.896645], [105.668179, 20.896022], [105.670011, 20.895604], [105.669652, 20.896649], [105.670169, 20.897419], [105.671125, 20.897758], [105.674254, 20.897841], [105.674284, 20.898205], [105.673268, 20.898835], [105.673066, 20.899713], [105.675108, 20.899566]]]}, "properties": {"ma_xa": "10072", "phuong_moi": NaN, "dien_tich_km2": 37.14, "so_tin_trong": 1, "ty_le_dong_thuan": 1.0}}, {"type": "Feature", "geometry": {"type": "Polygon", "coordinates": [[[105.64975, 20.880228], [105.648737, 20.876303], [105.648948, 20.875725], [105.649577, 20.875338], [105.650182, 20.875425], [105.651116, 20.876214], [105.65346, 20.879008], [105.660705, 20.879321], [105.660566, 20.878498], [105.661454, 20.877547], [105.662223, 20.877198], [105.661382, 20.876068], [105.661607, 20.875931], [105.661987, 20.876257], [105.662516, 20.876022], [105.663499, 20.876842], [105.66399, 20.876227], [105.665348, 20.876872], [105.665667, 20.876359], [105.666664, 20.874079], [105.66386, 20.873004], [105.664479, 20.871307], [105.665276, 20.870792], [105.666939, 20.87168], [105.667859, 20.871542], [105.669303, 20.872279], [105.671043, 20.869579], [105.672688, 20.86989], [105.673018, 20.870811], [105.674177, 20.869948], [105.677304, 20.866093], [105.676357, 20.865134], [105.67647, 20.864806], [105.677932, 20.86457], [105.678822, 20.863869], [105.679624, 20.860254], [105.680386, 20.858613], [105.681769, 20.856612], [105.684579, 20.853895], [105.685266, 20.852542], [105.685527, 20.849822], [105.684586, 20.845679], [105.684899, 20.844674], [105.685785, 20.844029], [105.685605, 20.84137], [105.686225, 20.841655], [105.686832, 20.840914], [105.68669, 20.839649], [105.687007, 20.837221], [105.689575, 20.837623], [105.690886, 20.831023], [105.688668, 20.830791], [105.685602, 20.829476], [105.68673, 20.827889], [105.685714, 20.827791], [105.685322, 20.826261], [105.684993, 20.826046], [105.684686, 20.826521], [105.684355, 20.826481], [105.683494, 20.825845], [105.682286, 20.827306], [105.68084, 20.826905], [105.680689, 20.826347], [105.678997, 20.826035], [105.678611, 20.826228], [105.678348, 20.827156], [105.674851, 20.826337], [105.673867, 20.825309], [105.674583, 20.824685], [105.674294, 20.824099], [105.673474, 20.824708], [105.672455, 20.824606], [105.672412, 20.823975], [105.671394, 20.823854], [105.670327, 20.822591], [105.668247, 20.822399], [105.667213, 20.821346], [105.666134, 20.821111], [105.666256, 20.820664], [105.662743, 20.818968], [105.661198, 20.818586], [105.660847, 20.817861], [105.658125, 20.816555], [105.657626, 20.81527], [105.657001, 20.814897], [105.659478, 20.814247], [105.662855, 20.808346], [105.660166, 20.808601], [105.658347, 20.808205], [105.6562, 20.808971], [105.649424, 20.809528], [105.650088, 20.804277], [105.650544, 20.795122], [105.650451, 20.794363], [105.647631, 20.79361], [105.647909, 20.792508], [105.648398, 20.792103], [105.646303, 20.792279], [105.646485, 20.794709], [105.64583, 20.795769], [105.645744, 20.79655], [105.644963, 20.796331], [105.643591, 20.792738], [105.642901, 20.79304], [105.642082, 20.792817], [105.642378, 20.79227], [105.641317, 20.791799], [105.640995, 20.791836], [105.640904, 20.792706], [105.640554, 20.792908], [105.640042, 20.792795], [105.637442, 20.793567], [105.635986, 20.795313], [105.635428, 20.79522], [105.634843, 20.793778], [105.63372, 20.792926], [105.63167, 20.793195], [105.630756, 20.793479], [105.630648, 20.79392], [105.63318, 20.796164], [105.633243, 20.797809], [105.6343, 20.799333], [105.634665, 20.800578], [105.634313, 20.802394], [105.632513, 20.802978], [105.632501, 20.803988], [105.633068, 20.805636], [105.632261, 20.807929], [105.632196, 20.809867], [105.631125, 20.811188], [105.631837, 20.811642], [105.632197, 20.813756], [105.630871, 20.814024], [105.631243, 20.81492], [105.630561, 20.81589], [105.628233, 20.815434], [105.628041, 20.814442], [105.626993, 20.814265], [105.627318, 20.81498], [105.627069, 20.81588], [105.627709, 20.815885], [105.627592, 20.816617], [105.627963, 20.816172], [105.628781, 20.816082], [105.629352, 20.816195], [105.629346, 20.816564], [105.629784, 20.816785], [105.631231, 20.817117], [105.631069, 20.817755], [105.631566, 20.818603], [105.631467, 20.819027], [105.632249, 20.819915], [105.631733, 20.820423], [105.63094, 20.820327], [105.630386, 20.819825], [105.630542, 20.820545], [105.630238, 20.820816], [105.632806, 20.8208], [105.633128, 20.821647], [105.633672, 20.821616], [105.63417, 20.822174], [105.63515, 20.821993], [105.635606, 20.821502], [105.636547, 20.821486], [105.639807, 20.823945], [105.641196, 20.824148], [105.640998, 20.825402], [105.641935, 20.826092], [105.64211, 20.827581], [105.64178, 20.828418], [105.64122, 20.828777], [105.641424, 20.829111], [105.640544, 20.829937], [105.64093, 20.830624], [105.642402, 20.831068], [105.641683, 20.833029], [105.636299, 20.832029], [105.635437, 20.832918], [105.636169, 20.835386], [105.635297, 20.835816], [105.635248, 20.836214], [105.636677, 20.839053], [105.636672, 20.83937], [105.636086, 20.839311], [105.635347, 20.839155], [105.634971, 20.838606], [105.633788, 20.838524], [105.63377, 20.836951], [105.632063, 20.835312], [105.628463, 20.834326], [105.625767, 20.83276], [105.624902, 20.83261], [105.624045, 20.831803], [105.621706, 20.831889], [105.619615, 20.830597], [105.617844, 20.830454], [105.618881, 20.831904], [105.61752, 20.831515], [105.615924, 20.831795], [105.615211, 20.833969], [105.613889, 20.835615], [105.612734, 20.83544], [105.61168, 20.835803], [105.610816, 20.836777], [105.610723, 20.837395], [105.609963, 20.838029], [105.609524, 20.837767], [105.608818, 20.837949], [105.608729, 20.838431], [105.607965, 20.839026], [105.609125, 20.839448], [105.608912, 20.840763], [105.610073, 20.84201], [105.6086, 20.844186], [105.608624, 20.844809], [105.608281, 20.844859], [105.608404, 20.84739], [105.607644, 20.84792], [105.607542, 20.848442], [105.606495, 20.847702], [105.606426, 20.846603], [105.606063, 20.846519], [105.605348, 20.847317], [105.604687, 20.846612], [105.603382, 20.846273], [105.602685, 20.845513], [105.602294, 20.84573], [105.602047, 20.846951], [105.601353, 20.847677], [105.601181, 20.849693], [105.6005, 20.849938], [105.600136, 20.848768], [105.599505, 20.850002], [105.59911, 20.849938], [105.59896, 20.850603], [105.601164, 20.852142], [105.608238, 20.850794], [105.610428, 20.849424], [105.612907, 20.848476], [105.617594, 20.849074], [105.617936, 20.850042], [105.619005, 20.850642], [105.620107, 20.850676], [105.620311, 20.850807], [105.62011, 20.851042], [105.620542, 20.85132], [105.620906, 20.851245], [105.622667, 20.852219], [105.621928, 20.85321], [105.622216, 20.854485], [105.62185, 20.854687], [105.622858, 20.856442], [105.623735, 20.856824], [105.623744, 20.859322], [105.624291, 20.86001], [105.623919, 20.861757], [105.624452, 20.862099], [105.625286, 20.862099], [105.625442, 20.86323], [105.626135, 20.863129], [105.62552, 20.863842], [105.625423, 20.864482], [105.625694, 20.864727], [105.625474, 20.865326], [105.625946, 20.8655], [105.62725, 20.86522], [105.628526, 20.866444], [105.628724, 20.867418], [105.629015, 20.867589], [105.630679, 20.867845], [105.631645, 20.86741], [105.631156, 20.868337], [105.631816, 20.868552], [105.631896, 20.868863], [105.631112, 20.869368], [105.63171, 20.869965], [105.631255, 20.870063], [105.630197, 20.869328], [105.629793, 20.86943], [105.62965, 20.86985], [105.630542, 20.870764], [105.631687, 20.87122], [105.63145, 20.872326], [105.63, 20.872302], [105.629656, 20.873145], [105.63009, 20.873584], [105.631203, 20.873777], [105.631165, 20.874144], [105.634579, 20.875076], [105.636692, 20.880791], [105.638868, 20.880131], [105.64224, 20.882054], [105.643016, 20.881684], [105.648663, 20.880709], [105.64975, 20.880228]]]}, "properties": {"ma_xa": "10081", "phuong_moi": NaN, "dien_tich_km2": 44.36, "so_tin_trong": 0, "ty_le_dong_thuan": null}}, {"type": "Feature", "geometry": {"type": "Polygon", "coordinates": [[[105.735488, 20.844668], [105.733684, 20.842321], [105.733827, 20.840301], [105.734535, 20.839495], [105.736106, 20.838828], [105.73909, 20.836779], [105.741166, 20.836421], [105.745, 20.83675], [105.746046, 20.837508], [105.746732, 20.837626], [105.750518, 20.836987], [105.756294, 20.836811], [105.757884, 20.837044], [105.757962, 20.836507], [105.758747, 20.836435], [105.758595, 20.835175], [105.761174, 20.834797], [105.760781, 20.833783], [105.758655, 20.83132], [105.755228, 20.828304], [105.753111, 20.824079], [105.752594, 20.820632], [105.752689, 20.819406], [105.753657, 20.81694], [105.75493, 20.815118], [105.755289, 20.814027], [105.755132, 20.813481], [105.751219, 20.811514], [105.749065, 20.810008], [105.746239, 20.806704], [105.743431, 20.805091], [105.741826, 20.80538], [105.737258, 20.808258], [105.734695, 20.809181], [105.732558, 20.809196], [105.727808, 20.807668], [105.725928, 20.807423], [105.714772, 20.808332], [105.709099, 20.809641], [105.709806, 20.812232], [105.709798, 20.813859], [105.709464, 20.814936], [105.707232, 20.81878], [105.70673, 20.824318], [105.706865, 20.824915], [105.707562, 20.825529], [105.709749, 20.826094], [105.710491, 20.826602], [105.710642, 20.827707], [105.709625, 20.830088], [105.708816, 20.829962], [105.708865, 20.829628], [105.706191, 20.829705], [105.706163, 20.828937], [105.696876, 20.828437], [105.697167, 20.826503], [105.695891, 20.826257], [105.698285, 20.820365], [105.697936, 20.819647], [105.698346, 20.819129], [105.698467, 20.818072], [105.697406, 20.817706], [105.696956, 20.817219], [105.696631, 20.816665], [105.696662, 20.81585], [105.695318, 20.815844], [105.694907, 20.814235], [105.693824, 20.812583], [105.689867, 20.812311], [105.689941, 20.812758], [105.688629, 20.812786], [105.688553, 20.813028], [105.686171, 20.812778], [105.685992, 20.81381], [105.68174, 20.814506], [105.682004, 20.813024], [105.681348, 20.812965], [105.681026, 20.813615], [105.680615, 20.813609], [105.679767, 20.814475], [105.677812, 20.814703], [105.677282, 20.814755], [105.67662, 20.814345], [105.674271, 20.814886], [105.673316, 20.814591], [105.672947, 20.813965], [105.671434, 20.813943], [105.670662, 20.815744], [105.669378, 20.816506], [105.669116, 20.816105], [105.669549, 20.815675], [105.669512, 20.814538], [105.668937, 20.81467], [105.668533, 20.815844], [105.668029, 20.815807], [105.668528, 20.813805], [105.667393, 20.812788], [105.665984, 20.813152], [105.665175, 20.814243], [105.663362, 20.81535], [105.662754, 20.815233], [105.663881, 20.814977], [105.664896, 20.814076], [105.66421, 20.81376], [105.663228, 20.81382], [105.662941, 20.814111], [105.66068, 20.813819], [105.657001, 20.814897], [105.657626, 20.81527], [105.658125, 20.816555], [105.660847, 20.817861], [105.661198, 20.818586], [105.662743, 20.818968], [105.666256, 20.820664], [105.666134, 20.821111], [105.667213, 20.821346], [105.668247, 20.822399], [105.670327, 20.822591], [105.671394, 20.823854], [105.672412, 20.823975], [105.672455, 20.824606], [105.672879, 20.824767], [105.673586, 20.824664], [105.674294, 20.824099], [105.674583, 20.824685], [105.673867, 20.825309], [105.674851, 20.826337], [105.678348, 20.827156], [105.678611, 20.826228], [105.678997, 20.826035], [105.680689, 20.826347], [105.68084, 20.826905], [105.682286, 20.827306], [105.683494, 20.825845], [105.684355, 20.826481], [105.684686, 20.826521], [105.684919, 20.82606], [105.685322, 20.826261], [105.685714, 20.827791], [105.68673, 20.827889], [105.685576, 20.829454], [105.688668, 20.830791], [105.690886, 20.831023], [105.689575, 20.837623], [105.687007, 20.837221], [105.68669, 20.839649], [105.686832, 20.840914], [105.686225, 20.841655], [105.685605, 20.84137], [105.685785, 20.844029], [105.688867, 20.843661], [105.693016, 20.846245], [105.695001, 20.846525], [105.696424, 20.846214], [105.697585, 20.848037], [105.69838, 20.84855], [105.699135, 20.848368], [105.700223, 20.848719], [105.700165, 20.847666], [105.70082, 20.847566], [105.701595, 20.847913], [105.70649, 20.847834], [105.708967, 20.85136], [105.710698, 20.850818], [105.711384, 20.851479], [105.711422, 20.853651], [105.709682, 20.853845], [105.709475, 20.856662], [105.711537, 20.85609], [105.712672, 20.858469], [105.713741, 20.858216], [105.715006, 20.85837], [105.715538, 20.859024], [105.717109, 20.859353], [105.719036, 20.858458], [105.719681, 20.857914], [105.72008, 20.856968], [105.72076, 20.85656], [105.72398, 20.854914], [105.72441, 20.855164], [105.725112, 20.854829], [105.725713, 20.854388], [105.727152, 20.850836], [105.728686, 20.85167], [105.733184, 20.845048], [105.734671, 20.845093], [105.734844, 20.844708], [105.735488, 20.844668]]]}, "properties": {"ma_xa": "10096", "phuong_moi": NaN, "dien_tich_km2": 29.87, "so_tin_trong": 0, "ty_le_dong_thuan": null}}, {"type": "Feature", "geometry": {"type": "Polygon", "coordinates": [[[105.751901, 20.877412], [105.751839, 20.874237], [105.756472, 20.874662], [105.756962, 20.875081], [105.757729, 20.87477], [105.759893, 20.874838], [105.76729, 20.869944], [105.768912, 20.869908], [105.770793, 20.865329], [105.771945, 20.866021], [105.77807, 20.859902], [105.780819, 20.861806], [105.781674, 20.860361], [105.78233, 20.860907], [105.784908, 20.858242], [105.790498, 20.855402], [105.792893, 20.852384], [105.794673, 20.852173], [105.795544, 20.848139], [105.797135, 20.847401], [105.798769, 20.848113], [105.799453, 20.84779], [105.799042, 20.845537], [105.801464, 20.843539], [105.801236, 20.841917], [105.800101, 20.841896], [105.800202, 20.840159], [105.796929, 20.839644], [105.795878, 20.836267], [105.798507, 20.831731], [105.796222, 20.830502], [105.797025, 20.82916], [105.798075, 20.829293], [105.798595, 20.828453], [105.795743, 20.8272], [105.796075, 20.826549], [105.792183, 20.82454], [105.791977, 20.823857], [105.787427, 20.82444], [105.787409, 20.826048], [105.78698, 20.826045], [105.786469, 20.827273], [105.786073, 20.827159], [105.784985, 20.829733], [105.783437, 20.82871], [105.785244, 20.825401], [105.780132, 20.823441], [105.778941, 20.823212], [105.778388, 20.823577], [105.777633, 20.823561], [105.777537, 20.823206], [105.776713, 20.823181], [105.773651, 20.820035], [105.775699, 20.813742], [105.775412, 20.813674], [105.775302, 20.812337], [105.768798, 20.811602], [105.769112, 20.81316], [105.764339, 20.819583], [105.763972, 20.819264], [105.762926, 20.820821], [105.761731, 20.819427], [105.760979, 20.819813], [105.762133, 20.821997], [105.759567, 20.822804], [105.759037, 20.821277], [105.752633, 20.820775], [105.753111, 20.824079], [105.755228, 20.828304], [105.758655, 20.83132], [105.761064, 20.83438], [105.761174, 20.834797], [105.758595, 20.835175], [105.758747, 20.836435], [105.757962, 20.836507], [105.757884, 20.837044], [105.756294, 20.836811], [105.750518, 20.836987], [105.746732, 20.837626], [105.746046, 20.837508], [105.745, 20.83675], [105.74088, 20.836425], [105.73909, 20.836779], [105.736106, 20.838828], [105.734535, 20.839495], [105.733827, 20.840301], [105.733584, 20.841557], [105.733982, 20.842994], [105.736225, 20.845159], [105.741631, 20.846692], [105.745997, 20.84628], [105.751881, 20.84694], [105.755784, 20.848239], [105.756283, 20.848944], [105.756339, 20.850805], [105.755398, 20.852576], [105.75458, 20.852988], [105.753334, 20.854517], [105.752567, 20.854621], [105.750801, 20.856058], [105.749578, 20.856062], [105.746479, 20.857079], [105.745418, 20.857797], [105.743986, 20.858086], [105.742981, 20.858888], [105.74203, 20.859027], [105.740417, 20.860419], [105.739042, 20.860897], [105.736756, 20.86248], [105.733027, 20.865573], [105.73115, 20.867651], [105.728686, 20.871673], [105.728426, 20.873252], [105.728595, 20.875384], [105.72926, 20.875985], [105.730339, 20.875919], [105.732826, 20.873606], [105.734145, 20.873046], [105.735137, 20.873116], [105.73663, 20.87402], [105.7375, 20.87499], [105.73798, 20.876304], [105.739293, 20.874143], [105.740531, 20.875106], [105.741014, 20.874317], [105.743506, 20.874928], [105.745465, 20.874048], [105.746186, 20.875297], [105.747963, 20.875344], [105.748918, 20.87373], [105.751901, 20.877412]]]}, "properties": {"ma_xa": "10114", "phuong_moi": NaN, "dien_tich_km2": 26.86, "so_tin_trong": 1, "ty_le_dong_thuan": 1.0}}, {"type": "Feature", "geometry": {"type": "Polygon", "coordinates": [[[105.788478, 20.939739], [105.792362, 20.938421], [105.796384, 20.93935], [105.798335, 20.938412], [105.798914, 20.93895], [105.799327, 20.938662], [105.7983, 20.937027], [105.800058, 20.935693], [105.800759, 20.935913], [105.801593, 20.935671], [105.801492, 20.934201], [105.799125, 20.934217], [105.797711, 20.930875], [105.796216, 20.930404], [105.794763, 20.928693], [105.792757, 20.928065], [105.791623, 20.927041], [105.790781, 20.924518], [105.791716, 20.921484], [105.790911, 20.920611], [105.789463, 20.91978], [105.789724, 20.918201], [105.790283, 20.917232], [105.789517, 20.916624], [105.789651, 20.916132], [105.788433, 20.915053], [105.787942, 20.914178], [105.7868, 20.908165], [105.787061, 20.907592], [105.786346, 20.906134], [105.785466, 20.902446], [105.787378, 20.90196], [105.787105, 20.901556], [105.787154, 20.90032], [105.786705, 20.900291], [105.786665, 20.90063], [105.78614, 20.900516], [105.787181, 20.8995], [105.786438, 20.89936], [105.786491, 20.897845], [105.785394, 20.897751], [105.785544, 20.895984], [105.785145, 20.895295], [105.785247, 20.892726], [105.782762, 20.893212], [105.782393, 20.892626], [105.782601, 20.892207], [105.781953, 20.892575], [105.780785, 20.890974], [105.777747, 20.891579], [105.777704, 20.891341], [105.77639, 20.891533], [105.776046, 20.890829], [105.774594, 20.890322], [105.773491, 20.887518], [105.773194, 20.887559], [105.770668, 20.879178], [105.771679, 20.877376], [105.76911, 20.875232], [105.768077, 20.873726], [105.767515, 20.871703], [105.767486, 20.869891], [105.759817, 20.874868], [105.757729, 20.87477], [105.756962, 20.875081], [105.756472, 20.874662], [105.751839, 20.874237], [105.75185, 20.876918], [105.752097, 20.877175], [105.751901, 20.877412], [105.748918, 20.87373], [105.747963, 20.875344], [105.746186, 20.875297], [105.745465, 20.874048], [105.743506, 20.874928], [105.741014, 20.874317], [105.740531, 20.875106], [105.739293, 20.874143], [105.73798, 20.876304], [105.738812, 20.879015], [105.739107, 20.881335], [105.739121, 20.886134], [105.738613, 20.88821], [105.736888, 20.89127], [105.73622, 20.891997], [105.732941, 20.893384], [105.729429, 20.893822], [105.724981, 20.893096], [105.7231, 20.893505], [105.722392, 20.894436], [105.723172, 20.896094], [105.726991, 20.900516], [105.729537, 20.905577], [105.730913, 20.907552], [105.732212, 20.908991], [105.736101, 20.911723], [105.736741, 20.914181], [105.739288, 20.913826], [105.739385, 20.913322], [105.740916, 20.912581], [105.741487, 20.913412], [105.742121, 20.913726], [105.742041, 20.915373], [105.749645, 20.91664], [105.748753, 20.920463], [105.749359, 20.920096], [105.750046, 20.92015], [105.750037, 20.920711], [105.750783, 20.920824], [105.75045, 20.923166], [105.751456, 20.923339], [105.750859, 20.926175], [105.749085, 20.926275], [105.749953, 20.928692], [105.750188, 20.930324], [105.751758, 20.929731], [105.752112, 20.930707], [105.753958, 20.92979], [105.754456, 20.930613], [105.755227, 20.92985], [105.75697, 20.930406], [105.756519, 20.932251], [105.757669, 20.932106], [105.757588, 20.932863], [105.757896, 20.932866], [105.758646, 20.932295], [105.757856, 20.932054], [105.757943, 20.930514], [105.759394, 20.931763], [105.762097, 20.929921], [105.760201, 20.9284], [105.764773, 20.925408], [105.764593, 20.924894], [105.766512, 20.924066], [105.767841, 20.925558], [105.770554, 20.922602], [105.772679, 20.92341], [105.772438, 20.923713], [105.77401, 20.924829], [105.772306, 20.926876], [105.776864, 20.93036], [105.777867, 20.929224], [105.778404, 20.929644], [105.778983, 20.928998], [105.781154, 20.929055], [105.78118, 20.928411], [105.783733, 20.928485], [105.783575, 20.935742], [105.785579, 20.935798], [105.785599, 20.937016], [105.786329, 20.938912], [105.787972, 20.938374], [105.788478, 20.939739]]]}, "properties": {"ma_xa": "10126", "phuong_moi": "Xã Bình Minh", "dien_tich_km2": 29.86, "so_tin_trong": 12, "ty_le_dong_thuan": 0.75}}, {"type": "Feature", "geometry": {"type": "Polygon", "coordinates": [[[105.79137, 20.91518], [105.792675, 20.915516], [105.794529, 20.914984], [105.79505, 20.913041], [105.796611, 20.911941], [105.797464, 20.912112], [105.798015, 20.913126], [105.799368, 20.912568], [105.803052, 20.912522], [105.803351, 20.910899], [105.80447, 20.909661], [105.805358, 20.909293], [105.80666, 20.909899], [105.81608, 20.90221], [105.815961, 20.900315], [105.816207, 20.899532], [105.812674, 20.898167], [105.812699, 20.896841], [105.815004, 20.895437], [105.812849, 20.895248], [105.812707, 20.893315], [105.814277, 20.886867], [105.815661, 20.886061], [105.81475, 20.883421], [105.814147, 20.879966], [105.816218, 20.879423], [105.815439, 20.878069], [105.816792, 20.874105], [105.815338, 20.871743], [105.815696, 20.871427], [105.81545, 20.870982], [105.815608, 20.870298], [105.819187, 20.870586], [105.822083, 20.869849], [105.824096, 20.869781], [105.822954, 20.867154], [105.823475, 20.86671], [105.823217, 20.866209], [105.823454, 20.865975], [105.822793, 20.86546], [105.824454, 20.861517], [105.820669, 20.860421], [105.820825, 20.859149], [105.819373, 20.858487], [105.819718, 20.857068], [105.820698, 20.856567], [105.822146, 20.856389], [105.821423, 20.853962], [105.823547, 20.841498], [105.814073, 20.839643], [105.803761, 20.840753], [105.800202, 20.840159], [105.800101, 20.841896], [105.801236, 20.841917], [105.801464, 20.843539], [105.799042, 20.845537], [105.799453, 20.84779], [105.798769, 20.848113], [105.797135, 20.847401], [105.795544, 20.848139], [105.794673, 20.852173], [105.792893, 20.852384], [105.790498, 20.855402], [105.784908, 20.858242], [105.78233, 20.860907], [105.781674, 20.860361], [105.780819, 20.861806], [105.77807, 20.859902], [105.771945, 20.866021], [105.770793, 20.865329], [105.768912, 20.869908], [105.767486, 20.869891], [105.767515, 20.871703], [105.768077, 20.873726], [105.76911, 20.875232], [105.771679, 20.877376], [105.770668, 20.879178], [105.773194, 20.887559], [105.773491, 20.887518], [105.774594, 20.890322], [105.776046, 20.890829], [105.77639, 20.891533], [105.777704, 20.891341], [105.777747, 20.891579], [105.780785, 20.890974], [105.781953, 20.892575], [105.782601, 20.892207], [105.782393, 20.892626], [105.782762, 20.893212], [105.785247, 20.892726], [105.785145, 20.895295], [105.785544, 20.895984], [105.785394, 20.897751], [105.786491, 20.897845], [105.786438, 20.89936], [105.787181, 20.8995], [105.78614, 20.900516], [105.786665, 20.90063], [105.786705, 20.900291], [105.787154, 20.90032], [105.787105, 20.901556], [105.787378, 20.90196], [105.785466, 20.902446], [105.786346, 20.906134], [105.787061, 20.907592], [105.7868, 20.908165], [105.787942, 20.914178], [105.788433, 20.915053], [105.789651, 20.916132], [105.789517, 20.916624], [105.790283, 20.917232], [105.79137, 20.91518]]]}, "properties": {"ma_xa": "10144", "phuong_moi": NaN, "dien_tich_km2": 29.45, "so_tin_trong": 0, "ty_le_dong_thuan": null}}, {"type": "Feature", "geometry": {"type": "Polygon", "coordinates": [[[105.821831, 20.84112], [105.823579, 20.837931], [105.826252, 20.83571], [105.827105, 20.834392], [105.827964, 20.831823], [105.827625, 20.830284], [105.829054, 20.827359], [105.827942, 20.82771], [105.82772, 20.827201], [105.830221, 20.825309], [105.831329, 20.825325], [105.837273, 20.823784], [105.836337, 20.821794], [105.836625, 20.81763], [105.837172, 20.817683], [105.837231, 20.817052], [105.838474, 20.815712], [105.841232, 20.814704], [105.841064, 20.813943], [105.838961, 20.814224], [105.838382, 20.811571], [105.839113, 20.811535], [105.839032, 20.809938], [105.839534, 20.809935], [105.838621, 20.80507], [105.836729, 20.805064], [105.836702, 20.800352], [105.832607, 20.8006], [105.831608, 20.80626], [105.826622, 20.805734], [105.825767, 20.80661], [105.824692, 20.80634], [105.824252, 20.806726], [105.816926, 20.804552], [105.820771, 20.79527], [105.820554, 20.795032], [105.818454, 20.794105], [105.813841, 20.801912], [105.809858, 20.798731], [105.808711, 20.796817], [105.809739, 20.794695], [105.80835, 20.792258], [105.810788, 20.788267], [105.810461, 20.78794], [105.810767, 20.787411], [105.808834, 20.784583], [105.807454, 20.781204], [105.806607, 20.780329], [105.796009, 20.78317], [105.790673, 20.786462], [105.790098, 20.786103], [105.789724, 20.786227], [105.788334, 20.789309], [105.787214, 20.789458], [105.785699, 20.789064], [105.784476, 20.791765], [105.782372, 20.791353], [105.781502, 20.78967], [105.780069, 20.788859], [105.778338, 20.790338], [105.776783, 20.790534], [105.776173, 20.787946], [105.768519, 20.788146], [105.766809, 20.782991], [105.766513, 20.783179], [105.765924, 20.782504], [105.764488, 20.783648], [105.764971, 20.784313], [105.763616, 20.785423], [105.764456, 20.786648], [105.763222, 20.787215], [105.763616, 20.787967], [105.759549, 20.790258], [105.757231, 20.787403], [105.754479, 20.791442], [105.753031, 20.790392], [105.751301, 20.79268], [105.748927, 20.791445], [105.748355, 20.791913], [105.74636, 20.790435], [105.74536, 20.788936], [105.741373, 20.791405], [105.741495, 20.792026], [105.738322, 20.793253], [105.739202, 20.796988], [105.738373, 20.797986], [105.738268, 20.800704], [105.735997, 20.805753], [105.735706, 20.807489], [105.735869, 20.808889], [105.740449, 20.806105], [105.742682, 20.805149], [105.744206, 20.805408], [105.746239, 20.806704], [105.749065, 20.810008], [105.751219, 20.811514], [105.754804, 20.81316], [105.755274, 20.813776], [105.754854, 20.81528], [105.753044, 20.818294], [105.752633, 20.820775], [105.759037, 20.821277], [105.759567, 20.822804], [105.762133, 20.821997], [105.760979, 20.819813], [105.761731, 20.819427], [105.762926, 20.820821], [105.763972, 20.819264], [105.764339, 20.819583], [105.769112, 20.81316], [105.768798, 20.811602], [105.775302, 20.812337], [105.775412, 20.813674], [105.775699, 20.813742], [105.773651, 20.820035], [105.776713, 20.823181], [105.777537, 20.823206], [105.777633, 20.823561], [105.778388, 20.823577], [105.778941, 20.823212], [105.780132, 20.823441], [105.785244, 20.825401], [105.783437, 20.82871], [105.784985, 20.829733], [105.786073, 20.827159], [105.786469, 20.827273], [105.78698, 20.826045], [105.787409, 20.826048], [105.787427, 20.82444], [105.791977, 20.823857], [105.792183, 20.82454], [105.796075, 20.826549], [105.795743, 20.8272], [105.798595, 20.828453], [105.798075, 20.829293], [105.797025, 20.82916], [105.796222, 20.830502], [105.798507, 20.831731], [105.795878, 20.836267], [105.796929, 20.839644], [105.803761, 20.840753], [105.814073, 20.839643], [105.821831, 20.84112]]]}, "properties": {"ma_xa": "10180", "phuong_moi": NaN, "dien_tich_km2": 38.43, "so_tin_trong": 0, "ty_le_dong_thuan": null}}, {"type": "Feature", "geometry": {"type": "Polygon", "coordinates": [[[105.835726, 20.904234], [105.841325, 20.902022], [105.851857, 20.89878], [105.854599, 20.896479], [105.855214, 20.895423], [105.857173, 20.895337], [105.857551, 20.89462], [105.858099, 20.894768], [105.858889, 20.892207], [105.859173, 20.891876], [105.859886, 20.892035], [105.860053, 20.891181], [105.860722, 20.890839], [105.86196, 20.890671], [105.863519, 20.890973], [105.86574, 20.892125], [105.867054, 20.893473], [105.871177, 20.892735], [105.870618, 20.890788], [105.874708, 20.889963], [105.874253, 20.881997], [105.875347, 20.881981], [105.875002, 20.872431], [105.875784, 20.872365], [105.875732, 20.8709], [105.869775, 20.87167], [105.869579, 20.870277], [105.867683, 20.870401], [105.867523, 20.86954], [105.866927, 20.869776], [105.866171, 20.867911], [105.86634, 20.867153], [105.867, 20.866928], [105.867792, 20.867213], [105.868145, 20.866009], [105.867625, 20.86531], [105.867795, 20.865057], [105.867221, 20.864895], [105.867457, 20.864172], [105.866255, 20.864188], [105.865919, 20.862651], [105.865125, 20.862407], [105.86576, 20.861195], [105.866271, 20.861141], [105.866407, 20.860741], [105.865678, 20.858413], [105.863887, 20.857739], [105.863235, 20.859709], [105.855826, 20.857638], [105.854596, 20.861115], [105.84805, 20.859556], [105.848305, 20.85988], [105.847648, 20.860467], [105.84789, 20.860936], [105.845972, 20.861987], [105.845342, 20.86179], [105.84483, 20.860903], [105.845804, 20.860339], [105.845362, 20.859674], [105.843909, 20.860924], [105.845925, 20.86334], [105.844648, 20.864219], [105.842337, 20.861386], [105.846608, 20.858467], [105.84745, 20.856228], [105.847187, 20.855028], [105.840068, 20.852744], [105.839306, 20.853403], [105.838927, 20.853369], [105.837434, 20.852391], [105.836634, 20.849712], [105.834956, 20.847736], [105.831817, 20.846399], [105.829237, 20.846128], [105.828252, 20.837515], [105.827581, 20.835997], [105.826991, 20.836442], [105.826252, 20.83571], [105.823579, 20.837931], [105.821815, 20.841154], [105.823582, 20.841574], [105.821423, 20.853962], [105.822146, 20.856389], [105.820361, 20.856694], [105.819661, 20.857131], [105.819398, 20.857793], [105.819373, 20.858487], [105.820825, 20.859149], [105.820669, 20.860421], [105.824454, 20.861517], [105.822793, 20.86546], [105.823454, 20.865975], [105.823217, 20.866209], [105.823475, 20.86671], [105.822954, 20.867154], [105.824096, 20.869781], [105.822083, 20.869849], [105.819187, 20.870586], [105.815608, 20.870298], [105.81545, 20.870982], [105.815696, 20.871427], [105.815338, 20.871743], [105.816792, 20.874105], [105.815439, 20.878069], [105.816218, 20.879423], [105.814147, 20.879966], [105.81475, 20.883421], [105.815661, 20.886061], [105.814277, 20.886867], [105.812707, 20.893315], [105.812849, 20.895248], [105.815004, 20.895437], [105.812699, 20.896841], [105.812674, 20.898167], [105.816207, 20.899532], [105.815961, 20.900315], [105.816161, 20.90192], [105.815702, 20.90266], [105.816113, 20.902888], [105.824527, 20.903772], [105.825569, 20.902897], [105.82537, 20.901925], [105.825674, 20.900608], [105.826938, 20.900668], [105.827269, 20.8995], [105.82639, 20.898023], [105.828659, 20.896868], [105.830607, 20.900361], [105.830923, 20.900244], [105.831343, 20.901089], [105.832945, 20.901525], [105.832637, 20.902923], [105.833153, 20.903852], [105.833772, 20.904253], [105.835726, 20.904234]]]}, "properties": {"ma_xa": "10183", "phuong_moi": "Xã Thường Tín", "dien_tich_km2": 28.29, "so_tin_trong": 6, "ty_le_dong_thuan": 1.0}}, {"type": "Feature", "geometry": {"type": "Polygon", "coordinates": [[[105.877352, 20.910776], [105.880681, 20.909722], [105.887384, 20.908346], [105.887723, 20.906207], [105.889269, 20.90598], [105.889671, 20.905983], [105.890044, 20.90654], [105.891186, 20.906194], [105.891782, 20.906613], [105.892368, 20.909399], [105.894883, 20.9084], [105.899179, 20.905081], [105.895987, 20.900917], [105.894815, 20.898695], [105.894504, 20.897406], [105.894612, 20.894846], [105.895554, 20.89339], [105.896538, 20.892384], [105.900511, 20.889802], [105.9101, 20.885919], [105.916738, 20.882842], [105.924577, 20.87774], [105.921061, 20.870821], [105.919223, 20.869628], [105.918447, 20.869986], [105.917263, 20.86805], [105.916381, 20.868153], [105.91554, 20.865768], [105.912366, 20.866059], [105.912441, 20.866564], [105.911437, 20.866626], [105.91149, 20.867281], [105.905022, 20.868655], [105.90506, 20.869157], [105.902364, 20.86887], [105.902173, 20.868203], [105.901888, 20.868162], [105.901345, 20.865101], [105.901168, 20.861621], [105.900829, 20.861625], [105.900717, 20.86079], [105.900133, 20.861036], [105.900138, 20.860582], [105.899884, 20.860569], [105.899719, 20.861022], [105.898015, 20.86047], [105.898049, 20.86005], [105.89708, 20.85961], [105.897058, 20.85892], [105.895866, 20.858708], [105.895267, 20.858098], [105.89479, 20.856327], [105.895115, 20.852663], [105.894874, 20.851968], [105.891297, 20.850066], [105.890524, 20.851309], [105.889915, 20.851209], [105.889807, 20.851662], [105.888581, 20.851616], [105.888423, 20.852146], [105.888253, 20.851157], [105.889, 20.850643], [105.890059, 20.850778], [105.889899, 20.849713], [105.888764, 20.849892], [105.887798, 20.850673], [105.881476, 20.847752], [105.88048, 20.850378], [105.877448, 20.84968], [105.877139, 20.850445], [105.876397, 20.850233], [105.875932, 20.851214], [105.875569, 20.851113], [105.87585, 20.850093], [105.87562, 20.85002], [105.875288, 20.850676], [105.873555, 20.85035], [105.872757, 20.851428], [105.873691, 20.851874], [105.872547, 20.854602], [105.871971, 20.854248], [105.871495, 20.854807], [105.871019, 20.854568], [105.870018, 20.856019], [105.869551, 20.856247], [105.86931, 20.856957], [105.868868, 20.856861], [105.868715, 20.857326], [105.868424, 20.857242], [105.868123, 20.857649], [105.866366, 20.856988], [105.866784, 20.855678], [105.864463, 20.855092], [105.866408, 20.860517], [105.866271, 20.861141], [105.86576, 20.861195], [105.865125, 20.862407], [105.865919, 20.862651], [105.866255, 20.864188], [105.867457, 20.864172], [105.867221, 20.864895], [105.867795, 20.865057], [105.867625, 20.86531], [105.868145, 20.866009], [105.867792, 20.867213], [105.867, 20.866928], [105.86634, 20.867153], [105.866171, 20.867911], [105.866927, 20.869776], [105.867523, 20.86954], [105.867683, 20.870401], [105.869579, 20.870277], [105.869775, 20.87167], [105.875732, 20.8709], [105.875784, 20.872365], [105.875002, 20.872431], [105.875347, 20.881981], [105.874253, 20.881997], [105.874708, 20.889963], [105.870618, 20.890788], [105.871177, 20.892735], [105.867054, 20.893473], [105.86574, 20.892125], [105.863519, 20.890973], [105.86196, 20.890671], [105.860722, 20.890839], [105.860053, 20.891181], [105.859886, 20.892035], [105.859173, 20.891876], [105.858889, 20.892207], [105.858099, 20.894768], [105.857551, 20.89462], [105.857173, 20.895337], [105.856387, 20.895354], [105.857366, 20.895971], [105.858168, 20.896054], [105.859337, 20.89716], [105.862738, 20.903022], [105.865865, 20.906059], [105.867746, 20.909132], [105.873709, 20.906648], [105.874194, 20.908952], [105.873664, 20.910633], [105.874162, 20.910765], [105.87489, 20.912077], [105.877352, 20.910776]]]}, "properties": {"ma_xa": "10210", "phuong_moi": NaN, "dien_tich_km2": 24.53, "so_tin_trong": 0, "ty_le_dong_thuan": null}}, {"type": "Feature", "geometry": {"type": "Polygon", "coordinates": [[[105.845191, 20.859764], [105.845804, 20.860339], [105.84483, 20.860903], [105.845342, 20.86179], [105.845972, 20.861987], [105.84789, 20.860936], [105.847648, 20.860467], [105.848305, 20.85988], [105.84805, 20.859556], [105.854596, 20.861115], [105.855826, 20.857638], [105.863235, 20.859709], [105.863887, 20.857739], [105.865678, 20.858413], [105.864463, 20.855092], [105.866784, 20.855678], [105.866366, 20.856988], [105.868123, 20.857649], [105.868424, 20.857242], [105.868715, 20.857326], [105.868868, 20.856861], [105.86931, 20.856957], [105.869551, 20.856247], [105.870018, 20.856019], [105.871019, 20.854568], [105.871495, 20.854807], [105.871971, 20.854248], [105.872547, 20.854602], [105.873691, 20.851874], [105.872757, 20.851428], [105.873555, 20.85035], [105.875288, 20.850676], [105.87562, 20.85002], [105.87585, 20.850093], [105.875569, 20.851113], [105.875932, 20.851214], [105.876397, 20.850233], [105.877139, 20.850445], [105.877448, 20.84968], [105.88048, 20.850378], [105.881476, 20.847752], [105.887798, 20.850673], [105.888764, 20.849892], [105.891272, 20.84905], [105.89061, 20.848123], [105.889676, 20.848075], [105.889474, 20.846662], [105.890544, 20.842506], [105.890235, 20.842127], [105.888451, 20.842052], [105.88837, 20.841009], [105.88455, 20.840486], [105.88489, 20.836843], [105.883433, 20.836768], [105.883914, 20.833943], [105.877264, 20.831411], [105.867764, 20.83034], [105.869186, 20.819323], [105.872712, 20.819432], [105.873544, 20.811812], [105.872866, 20.8118], [105.873243, 20.80919], [105.872269, 20.80912], [105.873123, 20.802758], [105.872932, 20.797115], [105.872118, 20.795384], [105.869851, 20.796806], [105.859497, 20.800054], [105.858334, 20.799499], [105.857529, 20.799694], [105.853005, 20.801933], [105.851732, 20.801603], [105.847157, 20.798347], [105.842562, 20.796174], [105.838919, 20.795371], [105.834181, 20.795074], [105.834016, 20.798301], [105.833183, 20.79847], [105.833181, 20.800565], [105.836702, 20.800352], [105.836729, 20.805064], [105.838621, 20.80507], [105.839534, 20.809935], [105.839032, 20.809938], [105.839113, 20.811535], [105.838382, 20.811571], [105.838961, 20.814224], [105.841055, 20.813919], [105.841232, 20.814704], [105.838474, 20.815712], [105.837231, 20.817052], [105.837172, 20.817683], [105.836625, 20.81763], [105.836337, 20.821794], [105.837273, 20.823784], [105.831329, 20.825325], [105.830221, 20.825309], [105.82772, 20.827201], [105.827942, 20.82771], [105.829054, 20.827359], [105.827625, 20.830284], [105.827964, 20.831823], [105.827105, 20.834392], [105.826252, 20.83571], [105.826991, 20.836442], [105.827581, 20.835997], [105.828252, 20.837515], [105.829237, 20.846128], [105.831817, 20.846399], [105.834956, 20.847736], [105.836634, 20.849712], [105.837434, 20.852391], [105.838927, 20.853369], [105.839306, 20.853403], [105.840068, 20.852744], [105.847187, 20.855028], [105.84745, 20.856228], [105.846608, 20.858467], [105.842337, 20.861386], [105.844648, 20.864219], [105.845925, 20.86334], [105.843909, 20.860924], [105.845191, 20.859764]]]}, "properties": {"ma_xa": "10231", "phuong_moi": NaN, "dien_tich_km2": 28.91, "so_tin_trong": 0, "ty_le_dong_thuan": null}}, {"type": "Feature", "geometry": {"type": "Polygon", "coordinates": [[[105.932694, 20.869591], [105.934752, 20.866395], [105.935476, 20.864697], [105.936104, 20.861568], [105.935978, 20.857712], [105.934743, 20.854316], [105.932399, 20.851225], [105.929561, 20.849077], [105.920816, 20.845244], [105.916642, 20.842197], [105.914365, 20.839316], [105.91291, 20.836808], [105.911544, 20.830482], [105.910908, 20.822773], [105.911601, 20.81823], [105.914143, 20.810087], [105.884462, 20.802253], [105.886454, 20.797687], [105.885324, 20.797375], [105.885259, 20.797854], [105.883089, 20.796692], [105.882999, 20.79582], [105.880125, 20.794743], [105.876011, 20.795416], [105.87266, 20.79655], [105.872932, 20.797115], [105.873123, 20.802758], [105.872269, 20.80912], [105.873243, 20.80919], [105.872866, 20.8118], [105.873544, 20.811812], [105.872712, 20.819432], [105.869186, 20.819323], [105.867764, 20.83034], [105.877264, 20.831411], [105.883914, 20.833943], [105.883433, 20.836768], [105.88489, 20.836843], [105.88455, 20.840486], [105.88837, 20.841009], [105.888451, 20.842052], [105.890235, 20.842127], [105.890544, 20.842506], [105.889474, 20.846662], [105.889676, 20.848075], [105.89061, 20.848123], [105.891272, 20.84905], [105.889963, 20.849589], [105.890059, 20.850778], [105.889, 20.850643], [105.888253, 20.851157], [105.888423, 20.852146], [105.888581, 20.851616], [105.889807, 20.851662], [105.889915, 20.851209], [105.890524, 20.851309], [105.891297, 20.850066], [105.894874, 20.851968], [105.895115, 20.852663], [105.89479, 20.856327], [105.895267, 20.858098], [105.895866, 20.858708], [105.897058, 20.85892], [105.89708, 20.85961], [105.898049, 20.86005], [105.898015, 20.86047], [105.899719, 20.861022], [105.899884, 20.860569], [105.900138, 20.860582], [105.900133, 20.861036], [105.900717, 20.86079], [105.900829, 20.861625], [105.901168, 20.861621], [105.901345, 20.865101], [105.901888, 20.868162], [105.902173, 20.868203], [105.902364, 20.86887], [105.90506, 20.869157], [105.905022, 20.868655], [105.91149, 20.867281], [105.911437, 20.866626], [105.912441, 20.866564], [105.912366, 20.866059], [105.91554, 20.865768], [105.916381, 20.868153], [105.917263, 20.86805], [105.918447, 20.869986], [105.919223, 20.869628], [105.921061, 20.870821], [105.924577, 20.87774], [105.92765, 20.87495], [105.932694, 20.869591]]]}, "properties": {"ma_xa": "10237", "phuong_moi": NaN, "dien_tich_km2": 28.89, "so_tin_trong": 0, "ty_le_dong_thuan": null}}, {"type": "Feature", "geometry": {"type": "Polygon", "coordinates": [[[105.918446, 20.797805], [105.922492, 20.790956], [105.925875, 20.78785], [105.928746, 20.78595], [105.939824, 20.78291], [105.95477, 20.780582], [105.960627, 20.778934], [105.962061, 20.778286], [105.96426, 20.776541], [105.966882, 20.773811], [105.968343, 20.771839], [105.969249, 20.769524], [105.969338, 20.767697], [105.967582, 20.760367], [105.967312, 20.756177], [105.967806, 20.742415], [105.962911, 20.742514], [105.953398, 20.743576], [105.952464, 20.742093], [105.94453, 20.739186], [105.944997, 20.731457], [105.94179, 20.731565], [105.940249, 20.728545], [105.935804, 20.730055], [105.935867, 20.731686], [105.931738, 20.731738], [105.931842, 20.735254], [105.925309, 20.735272], [105.921318, 20.730497], [105.916961, 20.732681], [105.916816, 20.73038], [105.916372, 20.729969], [105.915249, 20.73028], [105.915182, 20.729777], [105.914321, 20.7296], [105.912415, 20.730354], [105.912415, 20.729022], [105.912102, 20.729027], [105.911301, 20.729753], [105.911373, 20.730719], [105.91093, 20.731101], [105.910458, 20.731003], [105.909392, 20.730108], [105.910114, 20.729389], [105.909937, 20.728706], [105.908787, 20.729401], [105.907231, 20.727416], [105.905825, 20.72492], [105.904983, 20.725177], [105.90517, 20.722237], [105.904389, 20.722311], [105.904751, 20.721567], [105.904607, 20.719402], [105.904438, 20.71876], [105.903829, 20.718687], [105.903493, 20.722148], [105.900986, 20.720931], [105.899858, 20.72315], [105.898425, 20.722628], [105.897168, 20.725736], [105.891732, 20.725546], [105.893681, 20.731535], [105.892147, 20.731831], [105.891251, 20.731662], [105.886592, 20.729888], [105.884002, 20.727882], [105.883051, 20.728193], [105.881827, 20.730154], [105.881798, 20.730821], [105.883352, 20.731833], [105.886917, 20.736172], [105.888691, 20.741679], [105.886029, 20.742458], [105.885438, 20.741146], [105.883769, 20.741341], [105.883991, 20.742606], [105.883326, 20.742626], [105.884107, 20.745686], [105.88273, 20.748446], [105.874867, 20.756337], [105.875814, 20.756746], [105.875766, 20.757165], [105.874918, 20.756757], [105.874795, 20.756981], [105.875417, 20.759446], [105.875885, 20.759341], [105.877814, 20.765028], [105.877135, 20.765281], [105.878184, 20.767522], [105.877665, 20.768373], [105.878525, 20.769281], [105.878211, 20.769649], [105.879173, 20.769988], [105.879572, 20.769675], [105.881074, 20.773054], [105.882516, 20.772959], [105.882726, 20.773227], [105.883378, 20.773008], [105.885919, 20.771268], [105.886969, 20.772431], [105.888229, 20.771435], [105.889808, 20.772208], [105.886893, 20.781333], [105.884776, 20.780624], [105.884181, 20.782643], [105.881884, 20.781728], [105.878993, 20.783526], [105.880475, 20.784273], [105.877832, 20.786023], [105.876544, 20.785125], [105.86831, 20.789736], [105.871546, 20.794494], [105.869358, 20.795887], [105.869836, 20.796778], [105.872118, 20.795384], [105.87266, 20.79655], [105.876011, 20.795416], [105.880125, 20.794743], [105.882999, 20.79582], [105.883089, 20.796692], [105.885259, 20.797854], [105.885324, 20.797375], [105.886454, 20.797687], [105.884462, 20.802253], [105.914143, 20.810087], [105.918446, 20.797805]]]}, "properties": {"ma_xa": "10273", "phuong_moi": NaN, "dien_tich_km2": 60.02, "so_tin_trong": 1, "ty_le_dong_thuan": 1.0}}, {"type": "Feature", "geometry": {"type": "Polygon", "coordinates": [[[105.824252, 20.806726], [105.824692, 20.80634], [105.825767, 20.80661], [105.826622, 20.805734], [105.831608, 20.80626], [105.832607, 20.8006], [105.833181, 20.800565], [105.833183, 20.79847], [105.834016, 20.798301], [105.834181, 20.795074], [105.838919, 20.795371], [105.842562, 20.796174], [105.847157, 20.798347], [105.851732, 20.801603], [105.853005, 20.801933], [105.857852, 20.799595], [105.858632, 20.799561], [105.859497, 20.800054], [105.869851, 20.796806], [105.869358, 20.795887], [105.871546, 20.794494], [105.86831, 20.789736], [105.876544, 20.785125], [105.877832, 20.786023], [105.880475, 20.784273], [105.878993, 20.783526], [105.881884, 20.781728], [105.884181, 20.782643], [105.884776, 20.780624], [105.886893, 20.781333], [105.889808, 20.772208], [105.888229, 20.771435], [105.886969, 20.772431], [105.885919, 20.771268], [105.883378, 20.773008], [105.882726, 20.773227], [105.882516, 20.772959], [105.881074, 20.773054], [105.879572, 20.769675], [105.879173, 20.769988], [105.878211, 20.769649], [105.878525, 20.769281], [105.877665, 20.768373], [105.878184, 20.767522], [105.877135, 20.765281], [105.877814, 20.765028], [105.875885, 20.759341], [105.873866, 20.76017], [105.870838, 20.762725], [105.869159, 20.762737], [105.868759, 20.762022], [105.868184, 20.762335], [105.868028, 20.761719], [105.86738, 20.761283], [105.867333, 20.762], [105.866073, 20.762304], [105.863285, 20.761832], [105.858156, 20.759239], [105.85729, 20.759615], [105.856413, 20.758396], [105.855317, 20.757828], [105.849585, 20.758371], [105.849144, 20.756045], [105.849423, 20.753376], [105.850176, 20.751925], [105.853287, 20.748076], [105.851813, 20.747207], [105.851447, 20.74623], [105.849697, 20.745557], [105.84519, 20.745194], [105.845309, 20.744281], [105.844493, 20.742815], [105.843683, 20.742138], [105.843985, 20.741741], [105.842782, 20.741203], [105.842703, 20.740789], [105.837129, 20.739937], [105.837197, 20.739541], [105.836757, 20.739491], [105.836727, 20.740659], [105.834091, 20.740139], [105.831871, 20.7395], [105.831929, 20.739214], [105.830304, 20.7389], [105.826285, 20.73712], [105.824802, 20.737833], [105.825524, 20.738913], [105.822012, 20.741705], [105.820475, 20.739165], [105.815262, 20.741791], [105.815457, 20.742127], [105.81371, 20.743288], [105.813814, 20.744148], [105.813288, 20.744754], [105.811171, 20.746027], [105.809941, 20.744449], [105.807825, 20.745553], [105.803311, 20.75075], [105.798461, 20.749314], [105.79465, 20.749484], [105.794676, 20.75069], [105.793601, 20.750525], [105.793975, 20.757376], [105.79376, 20.758948], [105.792271, 20.75866], [105.792171, 20.761583], [105.791799, 20.761603], [105.792071, 20.762577], [105.796079, 20.761701], [105.797255, 20.766003], [105.798142, 20.766018], [105.799665, 20.7715], [105.800378, 20.770758], [105.803627, 20.771352], [105.803385, 20.775315], [105.805365, 20.775721], [105.804511, 20.778779], [105.80287, 20.778522], [105.8027, 20.779606], [105.80524, 20.779687], [105.807286, 20.78098], [105.808834, 20.784583], [105.810767, 20.787411], [105.810461, 20.78794], [105.810788, 20.788267], [105.80835, 20.792258], [105.809739, 20.794695], [105.808711, 20.796817], [105.809135, 20.797745], [105.809858, 20.798731], [105.813841, 20.801912], [105.818454, 20.794105], [105.820793, 20.795166], [105.816926, 20.804552], [105.824252, 20.806726]]]}, "properties": {"ma_xa": "10279", "phuong_moi": NaN, "dien_tich_km2": 44.69, "so_tin_trong": 0, "ty_le_dong_thuan": null}}, {"type": "Feature", "geometry": {"type": "Polygon", "coordinates": [[[105.869159, 20.762737], [105.870838, 20.762725], [105.873866, 20.76017], [105.875449, 20.759502], [105.874783, 20.756898], [105.875766, 20.757165], [105.875814, 20.756746], [105.874859, 20.756349], [105.882543, 20.748747], [105.884051, 20.745874], [105.883326, 20.742626], [105.883991, 20.742606], [105.883769, 20.741341], [105.885438, 20.741146], [105.886029, 20.742458], [105.888691, 20.741679], [105.886917, 20.736172], [105.883352, 20.731833], [105.881798, 20.730821], [105.881827, 20.730154], [105.883051, 20.728193], [105.88432, 20.727988], [105.886592, 20.729888], [105.891251, 20.731662], [105.892147, 20.731831], [105.893681, 20.731535], [105.891732, 20.725546], [105.897168, 20.725736], [105.898425, 20.722628], [105.899858, 20.72315], [105.900986, 20.720931], [105.903493, 20.722148], [105.903849, 20.718256], [105.902206, 20.71531], [105.903072, 20.715206], [105.903283, 20.71589], [105.904278, 20.715866], [105.905425, 20.712823], [105.904723, 20.711509], [105.905716, 20.711303], [105.906385, 20.710564], [105.910805, 20.711405], [105.910212, 20.705176], [105.910787, 20.69566], [105.914682, 20.696133], [105.917379, 20.696118], [105.918563, 20.695659], [105.919898, 20.694095], [105.922815, 20.687382], [105.922407, 20.685588], [105.92076, 20.683331], [105.918211, 20.678159], [105.918162, 20.676996], [105.918497, 20.676311], [105.919957, 20.675908], [105.918112, 20.673299], [105.91743, 20.674324], [105.914649, 20.672711], [105.914755, 20.672321], [105.907604, 20.66875], [105.907461, 20.668931], [105.905498, 20.668409], [105.90412, 20.670755], [105.90151, 20.672358], [105.895132, 20.675261], [105.894532, 20.68021], [105.893485, 20.679161], [105.888475, 20.676378], [105.886225, 20.675715], [105.88553, 20.679067], [105.883363, 20.677938], [105.88237, 20.685423], [105.884135, 20.68574], [105.884308, 20.688449], [105.886122, 20.691422], [105.887137, 20.690811], [105.890577, 20.691648], [105.891433, 20.692551], [105.892062, 20.692368], [105.891426, 20.693459], [105.889249, 20.692141], [105.88904, 20.693172], [105.888409, 20.69332], [105.887724, 20.695663], [105.887197, 20.69588], [105.887485, 20.696463], [105.876933, 20.702467], [105.87741, 20.703219], [105.87526, 20.704284], [105.875482, 20.704706], [105.874832, 20.704987], [105.874455, 20.70467], [105.872053, 20.705869], [105.872641, 20.706816], [105.872183, 20.707061], [105.873534, 20.71003], [105.870351, 20.709247], [105.868472, 20.709442], [105.867477, 20.709879], [105.863812, 20.714117], [105.860053, 20.715017], [105.8602, 20.718526], [105.858828, 20.7164], [105.858039, 20.717226], [105.85912, 20.719146], [105.855514, 20.720952], [105.854879, 20.721819], [105.857348, 20.725093], [105.854429, 20.731496], [105.852835, 20.731601], [105.852826, 20.732372], [105.849658, 20.732827], [105.850523, 20.737682], [105.848473, 20.737707], [105.846019, 20.737049], [105.845592, 20.741183], [105.844918, 20.741087], [105.843683, 20.742138], [105.844493, 20.742815], [105.845309, 20.744281], [105.84519, 20.745194], [105.849697, 20.745557], [105.851447, 20.74623], [105.851813, 20.747207], [105.853287, 20.748076], [105.850176, 20.751925], [105.849423, 20.753376], [105.849144, 20.756045], [105.849585, 20.758371], [105.855317, 20.757828], [105.856413, 20.758396], [105.85729, 20.759615], [105.858156, 20.759239], [105.863285, 20.761832], [105.866073, 20.762304], [105.867333, 20.762], [105.86738, 20.761283], [105.868028, 20.761719], [105.868184, 20.762335], [105.868759, 20.762022], [105.869159, 20.762737]]]}, "properties": {"ma_xa": "10330", "phuong_moi": NaN, "dien_tich_km2": 35.54, "so_tin_trong": 0, "ty_le_dong_thuan": null}}, {"type": "Feature", "geometry": {"type": "Polygon", "coordinates": [[[105.953398, 20.743576], [105.964275, 20.742406], [105.967806, 20.742415], [105.968701, 20.737455], [105.965367, 20.730807], [105.966264, 20.730869], [105.966774, 20.730548], [105.964134, 20.724913], [105.973275, 20.700544], [105.975206, 20.699496], [105.97951, 20.699135], [105.985259, 20.700976], [105.987026, 20.701968], [105.989561, 20.70421], [106.003299, 20.703618], [106.002295, 20.70146], [106.001607, 20.700894], [105.995702, 20.697412], [105.997966, 20.693507], [105.997608, 20.693101], [105.998045, 20.692315], [105.993011, 20.690011], [105.993107, 20.689627], [105.991866, 20.689202], [105.994026, 20.683405], [105.996023, 20.681747], [105.997496, 20.67844], [105.994615, 20.67716], [105.992211, 20.678525], [105.994645, 20.681755], [105.9935, 20.682484], [105.992602, 20.681359], [105.990441, 20.68242], [105.990608, 20.683619], [105.990018, 20.684582], [105.988691, 20.682581], [105.985813, 20.680704], [105.984672, 20.680483], [105.9784, 20.67385], [105.978929, 20.671678], [105.978685, 20.669632], [105.977492, 20.665569], [105.967238, 20.664787], [105.964107, 20.66359], [105.961722, 20.662179], [105.958559, 20.659268], [105.95763, 20.658007], [105.957021, 20.655817], [105.958355, 20.651613], [105.958073, 20.650818], [105.947898, 20.65366], [105.945607, 20.654922], [105.944402, 20.656491], [105.943463, 20.660132], [105.943423, 20.663158], [105.943945, 20.664365], [105.945554, 20.665658], [105.946495, 20.667204], [105.946923, 20.675855], [105.945397, 20.679923], [105.943552, 20.681665], [105.942698, 20.681906], [105.939378, 20.680622], [105.932072, 20.679833], [105.92653, 20.677738], [105.920688, 20.675994], [105.919112, 20.675959], [105.918497, 20.676311], [105.918132, 20.677453], [105.918462, 20.678887], [105.92076, 20.683331], [105.922797, 20.686455], [105.922797, 20.687472], [105.922165, 20.689214], [105.919803, 20.694275], [105.918345, 20.6958], [105.917343, 20.696122], [105.913845, 20.696119], [105.910787, 20.69566], [105.910212, 20.705176], [105.910805, 20.711405], [105.906323, 20.710578], [105.905716, 20.711303], [105.904723, 20.711509], [105.905425, 20.712823], [105.904278, 20.715866], [105.903283, 20.71589], [105.903072, 20.715206], [105.902206, 20.71531], [105.90375, 20.717812], [105.903829, 20.718687], [105.904438, 20.71876], [105.904764, 20.72125], [105.904389, 20.722311], [105.90517, 20.722237], [105.904983, 20.725177], [105.905825, 20.72492], [105.907231, 20.727416], [105.908787, 20.729401], [105.909937, 20.728706], [105.910114, 20.729389], [105.909392, 20.730108], [105.910458, 20.731003], [105.91093, 20.731101], [105.911373, 20.730719], [105.911301, 20.729753], [105.912102, 20.729027], [105.912415, 20.729022], [105.912415, 20.730354], [105.914321, 20.7296], [105.915182, 20.729777], [105.915249, 20.73028], [105.916372, 20.729969], [105.916816, 20.73038], [105.916961, 20.732681], [105.921318, 20.730497], [105.925309, 20.735272], [105.931842, 20.735254], [105.931738, 20.731738], [105.935867, 20.731686], [105.935804, 20.730055], [105.940254, 20.728546], [105.94179, 20.731565], [105.944997, 20.731457], [105.94453, 20.739186], [105.952464, 20.742093], [105.953398, 20.743576]]]}, "properties": {"ma_xa": "10342", "phuong_moi": NaN, "dien_tich_km2": 51.66, "so_tin_trong": 0, "ty_le_dong_thuan": null}}, {"type": "Feature", "geometry": {"type": "Polygon", "coordinates": [[[105.73522, 20.778024], [105.738588, 20.772295], [105.736059, 20.770539], [105.737872, 20.768127], [105.737242, 20.767032], [105.740215, 20.765091], [105.743726, 20.763623], [105.743956, 20.76378], [105.744796, 20.76292], [105.743471, 20.761755], [105.745104, 20.760808], [105.744473, 20.759702], [105.745769, 20.758984], [105.745365, 20.757743], [105.748655, 20.756825], [105.746572, 20.752123], [105.751349, 20.750167], [105.756322, 20.745245], [105.766255, 20.746862], [105.766641, 20.745969], [105.767043, 20.746019], [105.767555, 20.74428], [105.763637, 20.743665], [105.76412, 20.740867], [105.768472, 20.741502], [105.768857, 20.740112], [105.770567, 20.740409], [105.770918, 20.737221], [105.771411, 20.737238], [105.771537, 20.737604], [105.774563, 20.737512], [105.77643, 20.737847], [105.776427, 20.7376], [105.77916, 20.73749], [105.780475, 20.737005], [105.780943, 20.738683], [105.787785, 20.739552], [105.787378, 20.738453], [105.788052, 20.738337], [105.7894, 20.740229], [105.788427, 20.740816], [105.78907, 20.748448], [105.793535, 20.749402], [105.793601, 20.750525], [105.794676, 20.75069], [105.79465, 20.749484], [105.798308, 20.749297], [105.803311, 20.75075], [105.807593, 20.745713], [105.809941, 20.744449], [105.811171, 20.746027], [105.813288, 20.744754], [105.813814, 20.744148], [105.81371, 20.743288], [105.815457, 20.742127], [105.815262, 20.741791], [105.816844, 20.74099], [105.815266, 20.738709], [105.815799, 20.738349], [105.815609, 20.738174], [105.818416, 20.736396], [105.819733, 20.735097], [105.819457, 20.73471], [105.820355, 20.732496], [105.818957, 20.731555], [105.820145, 20.729648], [105.818637, 20.728849], [105.819187, 20.727986], [105.818314, 20.727643], [105.816261, 20.719945], [105.814975, 20.7167], [105.81535, 20.716422], [105.814594, 20.715899], [105.813547, 20.712513], [105.811143, 20.707619], [105.804659, 20.704139], [105.806995, 20.700898], [105.801702, 20.698016], [105.802999, 20.696045], [105.800883, 20.694859], [105.800531, 20.695649], [105.798856, 20.694533], [105.797948, 20.695528], [105.796667, 20.694721], [105.794632, 20.697369], [105.793257, 20.69684], [105.792057, 20.700595], [105.790806, 20.702568], [105.781819, 20.699096], [105.780305, 20.700546], [105.777362, 20.706693], [105.775005, 20.706537], [105.77525, 20.716813], [105.776109, 20.717208], [105.775239, 20.719421], [105.774307, 20.720691], [105.7739, 20.722481], [105.77327, 20.722555], [105.773027, 20.7223], [105.773182, 20.721245], [105.772606, 20.720286], [105.771533, 20.720541], [105.771522, 20.720903], [105.770805, 20.72154], [105.76946, 20.722382], [105.770764, 20.722803], [105.771045, 20.723507], [105.77087, 20.724308], [105.769864, 20.725871], [105.768344, 20.727268], [105.761724, 20.731473], [105.760159, 20.731501], [105.75545, 20.728731], [105.750469, 20.728153], [105.747606, 20.728247], [105.741833, 20.726776], [105.7357, 20.722315], [105.734689, 20.721923], [105.732847, 20.721798], [105.731087, 20.722293], [105.73046, 20.723089], [105.730962, 20.724591], [105.732487, 20.726163], [105.733068, 20.727524], [105.733447, 20.729671], [105.733096, 20.731524], [105.731845, 20.735818], [105.729114, 20.737656], [105.728134, 20.738147], [105.725303, 20.73863], [105.719388, 20.7403], [105.706434, 20.742882], [105.702699, 20.743079], [105.698102, 20.74171], [105.697402, 20.742208], [105.696437, 20.745766], [105.697239, 20.750444], [105.697846, 20.751276], [105.699489, 20.751616], [105.704953, 20.75156], [105.706369, 20.75193], [105.710783, 20.754123], [105.714911, 20.757475], [105.724264, 20.768113], [105.726151, 20.772601], [105.726402, 20.774624], [105.726064, 20.776077], [105.727873, 20.776925], [105.730673, 20.777033], [105.73522, 20.778024]]]}, "properties": {"ma_xa": "10354", "phuong_moi": NaN, "dien_tich_km2": 41.6, "so_tin_trong": 0, "ty_le_dong_thuan": null}}, {"type": "Feature", "geometry": {"type": "Polygon", "coordinates": [[[105.714772, 20.808332], [105.726942, 20.807531], [105.732558, 20.809196], [105.735869, 20.808889], [105.735706, 20.807489], [105.735997, 20.805753], [105.738268, 20.800704], [105.738373, 20.797986], [105.739202, 20.796988], [105.738322, 20.793253], [105.741495, 20.792026], [105.741373, 20.791405], [105.74536, 20.788936], [105.74636, 20.790435], [105.748355, 20.791913], [105.748927, 20.791445], [105.751301, 20.79268], [105.753031, 20.790392], [105.754479, 20.791442], [105.757231, 20.787403], [105.759549, 20.790258], [105.763616, 20.787967], [105.763222, 20.787215], [105.764456, 20.786648], [105.763616, 20.785423], [105.764971, 20.784313], [105.764488, 20.783648], [105.765924, 20.782504], [105.766513, 20.783179], [105.766809, 20.782991], [105.768519, 20.788146], [105.776173, 20.787946], [105.776783, 20.790534], [105.778338, 20.790338], [105.780069, 20.788859], [105.781502, 20.78967], [105.782372, 20.791353], [105.784476, 20.791765], [105.785699, 20.789064], [105.787214, 20.789458], [105.788334, 20.789309], [105.789724, 20.786227], [105.790098, 20.786103], [105.790673, 20.786462], [105.796009, 20.78317], [105.806607, 20.780329], [105.804807, 20.779602], [105.8027, 20.779606], [105.80287, 20.778522], [105.804511, 20.778779], [105.805365, 20.775721], [105.803385, 20.775315], [105.803627, 20.771352], [105.800378, 20.770758], [105.799665, 20.7715], [105.798142, 20.766018], [105.797255, 20.766003], [105.796079, 20.761701], [105.792103, 20.762674], [105.791799, 20.761603], [105.792171, 20.761583], [105.792271, 20.75866], [105.79376, 20.758948], [105.793961, 20.75762], [105.793535, 20.749402], [105.78907, 20.748448], [105.788427, 20.740816], [105.7894, 20.740229], [105.788052, 20.738337], [105.787378, 20.738453], [105.787785, 20.739552], [105.780943, 20.738683], [105.780475, 20.737005], [105.77916, 20.73749], [105.776427, 20.7376], [105.77643, 20.737847], [105.774563, 20.737512], [105.771537, 20.737604], [105.771411, 20.737238], [105.770918, 20.737221], [105.770567, 20.740409], [105.768857, 20.740112], [105.768472, 20.741502], [105.76412, 20.740867], [105.763637, 20.743665], [105.767555, 20.74428], [105.767043, 20.746019], [105.766641, 20.745969], [105.766255, 20.746862], [105.756322, 20.745245], [105.751349, 20.750167], [105.746572, 20.752123], [105.748655, 20.756825], [105.745365, 20.757743], [105.745769, 20.758984], [105.744473, 20.759702], [105.745104, 20.760808], [105.743471, 20.761755], [105.744796, 20.76292], [105.743956, 20.76378], [105.743726, 20.763623], [105.740215, 20.765091], [105.737242, 20.767032], [105.737872, 20.768127], [105.736059, 20.770539], [105.738588, 20.772295], [105.735199, 20.778056], [105.730673, 20.777033], [105.727873, 20.776925], [105.726064, 20.776077], [105.725016, 20.778013], [105.71735, 20.782713], [105.715862, 20.784534], [105.714067, 20.788103], [105.70894, 20.793609], [105.705545, 20.798243], [105.705244, 20.798969], [105.705364, 20.80002], [105.709099, 20.809641], [105.714772, 20.808332]]]}, "properties": {"ma_xa": "10369", "phuong_moi": NaN, "dien_tich_km2": 38.4, "so_tin_trong": 0, "ty_le_dong_thuan": null}}, {"type": "Feature", "geometry": {"type": "Polygon", "coordinates": [[[105.844888, 20.741103], [105.845592, 20.741183], [105.846019, 20.737049], [105.848473, 20.737707], [105.850523, 20.737682], [105.849658, 20.732827], [105.852826, 20.732372], [105.852835, 20.731601], [105.854429, 20.731496], [105.857348, 20.725093], [105.854879, 20.721819], [105.855514, 20.720952], [105.85912, 20.719146], [105.858039, 20.717226], [105.858828, 20.7164], [105.8602, 20.718526], [105.860053, 20.715017], [105.863812, 20.714117], [105.867477, 20.709879], [105.868472, 20.709442], [105.870351, 20.709247], [105.873534, 20.71003], [105.872183, 20.707061], [105.872641, 20.706816], [105.872053, 20.705869], [105.874455, 20.70467], [105.874832, 20.704987], [105.875482, 20.704706], [105.87526, 20.704284], [105.87741, 20.703219], [105.876933, 20.702467], [105.887485, 20.696463], [105.887197, 20.69588], [105.887724, 20.695663], [105.888409, 20.69332], [105.88904, 20.693172], [105.889249, 20.692141], [105.891426, 20.693459], [105.892062, 20.692368], [105.891433, 20.692551], [105.890577, 20.691648], [105.887137, 20.690811], [105.886122, 20.691422], [105.884308, 20.688449], [105.884135, 20.68574], [105.88237, 20.685423], [105.883363, 20.677938], [105.88553, 20.679067], [105.886225, 20.675715], [105.888475, 20.676378], [105.893485, 20.679161], [105.894532, 20.68021], [105.895132, 20.675261], [105.90151, 20.672358], [105.90412, 20.670755], [105.905498, 20.668409], [105.90564, 20.664663], [105.903216, 20.664536], [105.898642, 20.66839], [105.896117, 20.668822], [105.895839, 20.66607], [105.896478, 20.651774], [105.895589, 20.651505], [105.892005, 20.648515], [105.88365, 20.644468], [105.879738, 20.64322], [105.876871, 20.643131], [105.872889, 20.643684], [105.867378, 20.64541], [105.864676, 20.645442], [105.859258, 20.64466], [105.856613, 20.645223], [105.855105, 20.646092], [105.852822, 20.648146], [105.849185, 20.653228], [105.848345, 20.652473], [105.843081, 20.656182], [105.842982, 20.656004], [105.840222, 20.657179], [105.840629, 20.658464], [105.840375, 20.658533], [105.840499, 20.659018], [105.839454, 20.659367], [105.839589, 20.65972], [105.833826, 20.661726], [105.83331, 20.660559], [105.831648, 20.66122], [105.831172, 20.661514], [105.831305, 20.662241], [105.828754, 20.66294], [105.828942, 20.663643], [105.826867, 20.664717], [105.826359, 20.665376], [105.825224, 20.66601], [105.825644, 20.667151], [105.822514, 20.679321], [105.81982, 20.678946], [105.819642, 20.679589], [105.817745, 20.679238], [105.814747, 20.678051], [105.814962, 20.677456], [105.805376, 20.67064], [105.799484, 20.676916], [105.797321, 20.675356], [105.796906, 20.675751], [105.800115, 20.678345], [105.797165, 20.681842], [105.796464, 20.681265], [105.795881, 20.681947], [105.794169, 20.684305], [105.795564, 20.685333], [105.79109, 20.690123], [105.793177, 20.691491], [105.792289, 20.691621], [105.790684, 20.694041], [105.79048, 20.69507], [105.793389, 20.696405], [105.793257, 20.69684], [105.794632, 20.697369], [105.796667, 20.694721], [105.797948, 20.695528], [105.798856, 20.694533], [105.800531, 20.695649], [105.800883, 20.694859], [105.802985, 20.696034], [105.801702, 20.698016], [105.806995, 20.700898], [105.804659, 20.704139], [105.81103, 20.707538], [105.81176, 20.708833], [105.813547, 20.712513], [105.814594, 20.715899], [105.81535, 20.716422], [105.814975, 20.7167], [105.816261, 20.719945], [105.818314, 20.727643], [105.819187, 20.727986], [105.818637, 20.728849], [105.820145, 20.729648], [105.818957, 20.731555], [105.820355, 20.732496], [105.819457, 20.73471], [105.819733, 20.735097], [105.818416, 20.736396], [105.815609, 20.738174], [105.815799, 20.738349], [105.815266, 20.738709], [105.816844, 20.74099], [105.820475, 20.739165], [105.822012, 20.741705], [105.825524, 20.738913], [105.824802, 20.737833], [105.826285, 20.73712], [105.830304, 20.7389], [105.831929, 20.739214], [105.831871, 20.7395], [105.835906, 20.740541], [105.836727, 20.740659], [105.836757, 20.739491], [105.837197, 20.739541], [105.837129, 20.739937], [105.842805, 20.740814], [105.842782, 20.741203], [105.843985, 20.741741], [105.844888, 20.741103]]]}, "properties": {"ma_xa": "10402", "phuong_moi": NaN, "dien_tich_km2": 67.8, "so_tin_trong": 0, "ty_le_dong_thuan": null}}, {"type": "Feature", "geometry": {"type": "Polygon", "coordinates": [[[105.774363, 20.720586], [105.775239, 20.719421], [105.776109, 20.717208], [105.77525, 20.716813], [105.775005, 20.706537], [105.777362, 20.706693], [105.78035, 20.700474], [105.781872, 20.699096], [105.790806, 20.702568], [105.792057, 20.700595], [105.793389, 20.696405], [105.79048, 20.69507], [105.790684, 20.694041], [105.792289, 20.691621], [105.793177, 20.691491], [105.79109, 20.690123], [105.795564, 20.685333], [105.794169, 20.684305], [105.795881, 20.681947], [105.796464, 20.681265], [105.797165, 20.681842], [105.800115, 20.678345], [105.796906, 20.675751], [105.797321, 20.675356], [105.799484, 20.676916], [105.805376, 20.67064], [105.814962, 20.677456], [105.814747, 20.678051], [105.817745, 20.679238], [105.819642, 20.679589], [105.81982, 20.678946], [105.822514, 20.679321], [105.825644, 20.667151], [105.825224, 20.66601], [105.826359, 20.665376], [105.826867, 20.664717], [105.828942, 20.663643], [105.828843, 20.66343], [105.826123, 20.664224], [105.8261, 20.663863], [105.823039, 20.664468], [105.823, 20.662059], [105.82169, 20.662148], [105.819862, 20.661306], [105.819531, 20.660807], [105.822506, 20.657779], [105.825285, 20.6539], [105.826403, 20.652855], [105.827825, 20.651941], [105.832815, 20.649961], [105.833566, 20.649397], [105.833959, 20.648529], [105.833308, 20.64646], [105.831471, 20.644411], [105.826503, 20.641419], [105.818837, 20.637486], [105.813694, 20.633411], [105.813341, 20.633434], [105.811365, 20.62947], [105.811104, 20.628036], [105.811661, 20.628126], [105.812182, 20.625868], [105.8132, 20.625919], [105.813117, 20.625215], [105.814561, 20.624939], [105.814542, 20.624555], [105.813399, 20.62389], [105.813312, 20.622177], [105.813671, 20.621633], [105.813546, 20.621016], [105.814855, 20.619803], [105.814892, 20.618773], [105.814525, 20.618548], [105.813905, 20.618965], [105.812821, 20.618622], [105.811965, 20.618901], [105.81054, 20.618818], [105.807184, 20.61754], [105.804513, 20.615292], [105.803811, 20.613148], [105.801819, 20.612002], [105.798166, 20.611816], [105.796778, 20.612091], [105.792004, 20.615488], [105.784661, 20.6181], [105.78234, 20.620038], [105.780468, 20.62212], [105.777273, 20.623672], [105.777035, 20.624565], [105.777901, 20.625798], [105.779642, 20.626674], [105.781043, 20.626992], [105.784158, 20.627342], [105.792786, 20.627411], [105.794428, 20.627787], [105.797485, 20.629121], [105.802353, 20.633153], [105.803302, 20.63487], [105.803601, 20.63601], [105.80355, 20.638195], [105.803057, 20.6399], [105.802064, 20.641764], [105.800274, 20.642983], [105.796749, 20.644209], [105.792561, 20.646423], [105.789277, 20.649734], [105.783844, 20.657946], [105.776469, 20.664346], [105.771282, 20.669604], [105.757132, 20.678742], [105.751724, 20.682647], [105.745574, 20.687388], [105.743771, 20.689175], [105.742832, 20.690845], [105.742584, 20.692467], [105.742777, 20.694298], [105.744646, 20.695918], [105.747217, 20.696962], [105.755314, 20.697878], [105.758264, 20.699286], [105.760936, 20.702007], [105.762557, 20.705307], [105.763155, 20.707378], [105.763111, 20.710338], [105.762038, 20.71636], [105.762643, 20.718569], [105.763647, 20.720023], [105.766962, 20.721999], [105.76946, 20.722382], [105.770805, 20.72154], [105.771522, 20.720903], [105.771533, 20.720541], [105.772606, 20.720286], [105.773182, 20.721245], [105.773027, 20.7223], [105.77327, 20.722555], [105.7739, 20.722481], [105.774363, 20.720586]]]}, "properties": {"ma_xa": "10417", "phuong_moi": NaN, "dien_tich_km2": 40.42, "so_tin_trong": 0, "ty_le_dong_thuan": null}}, {"type": "Feature", "geometry": {"type": "Polygon", "coordinates": [[[105.745539, 20.711826], [105.746369, 20.711098], [105.746769, 20.71136], [105.754371, 20.705031], [105.754546, 20.705217], [105.754825, 20.704965], [105.756828, 20.706826], [105.758203, 20.705787], [105.759226, 20.706868], [105.761294, 20.706027], [105.761081, 20.705597], [105.762431, 20.705006], [105.760437, 20.701335], [105.758877, 20.699747], [105.757239, 20.698712], [105.754829, 20.697753], [105.747217, 20.696962], [105.744646, 20.695918], [105.742777, 20.694298], [105.742692, 20.691584], [105.74346, 20.689591], [105.745574, 20.687388], [105.757132, 20.678742], [105.771282, 20.669604], [105.777072, 20.663807], [105.772773, 20.660304], [105.773308, 20.659977], [105.771151, 20.659604], [105.770959, 20.655482], [105.769598, 20.655577], [105.769408, 20.654], [105.766837, 20.654279], [105.766705, 20.651777], [105.765468, 20.653061], [105.765083, 20.654105], [105.764933, 20.652516], [105.762483, 20.652775], [105.762326, 20.650489], [105.757319, 20.651056], [105.756196, 20.649944], [105.757845, 20.647444], [105.756819, 20.646995], [105.755923, 20.647675], [105.755147, 20.646989], [105.756134, 20.646136], [105.754271, 20.644119], [105.75246, 20.645882], [105.752902, 20.646307], [105.750569, 20.648724], [105.752339, 20.650205], [105.752416, 20.65145], [105.750976, 20.653224], [105.751419, 20.653692], [105.750497, 20.654567], [105.746404, 20.649432], [105.745555, 20.649267], [105.744876, 20.649501], [105.745456, 20.650739], [105.746663, 20.651264], [105.748294, 20.652806], [105.746303, 20.653294], [105.748865, 20.655646], [105.747243, 20.657469], [105.750239, 20.660113], [105.743714, 20.666722], [105.744477, 20.667338], [105.743675, 20.667976], [105.744386, 20.668861], [105.744126, 20.669273], [105.743669, 20.669377], [105.742901, 20.668874], [105.741741, 20.667502], [105.741201, 20.667942], [105.740316, 20.666383], [105.729285, 20.675306], [105.72356, 20.67172], [105.723708, 20.671374], [105.722755, 20.670917], [105.725955, 20.664197], [105.722827, 20.661944], [105.722919, 20.661339], [105.721808, 20.660934], [105.721189, 20.66042], [105.721305, 20.660155], [105.720619, 20.659799], [105.720077, 20.660728], [105.716725, 20.659106], [105.716453, 20.657946], [105.715653, 20.656667], [105.71509, 20.654096], [105.71528, 20.653436], [105.715788, 20.653205], [105.717904, 20.653915], [105.718202, 20.653719], [105.718455, 20.653285], [105.718053, 20.652501], [105.718439, 20.651943], [105.717483, 20.651421], [105.717979, 20.650431], [105.717826, 20.649676], [105.71866, 20.648316], [105.718244, 20.647667], [105.721003, 20.64416], [105.72172, 20.64061], [105.723591, 20.639589], [105.723845, 20.639148], [105.723927, 20.638769], [105.722743, 20.638111], [105.722402, 20.63643], [105.723026, 20.634392], [105.72547, 20.631509], [105.725676, 20.630084], [105.722227, 20.626583], [105.722917, 20.625636], [105.723813, 20.625775], [105.725326, 20.624449], [105.726333, 20.624021], [105.72531, 20.622648], [105.724696, 20.620234], [105.722735, 20.61875], [105.722489, 20.618117], [105.722732, 20.617432], [105.72037, 20.615718], [105.720497, 20.615155], [105.719915, 20.613683], [105.719087, 20.613406], [105.718269, 20.611287], [105.717332, 20.610487], [105.720145, 20.609314], [105.721349, 20.609337], [105.722044, 20.608058], [105.725108, 20.606499], [105.725631, 20.605812], [105.726874, 20.605579], [105.721649, 20.599271], [105.718709, 20.597056], [105.716724, 20.598295], [105.715198, 20.597795], [105.709676, 20.599568], [105.708078, 20.598682], [105.706468, 20.600626], [105.704089, 20.602339], [105.703701, 20.602978], [105.703752, 20.6036], [105.705273, 20.605701], [105.70463, 20.607438], [105.705167, 20.609144], [105.704957, 20.609726], [105.7036, 20.610894], [105.704136, 20.612628], [105.703696, 20.613533], [105.704933, 20.61403], [105.700933, 20.621766], [105.698677, 20.622281], [105.697594, 20.620411], [105.696018, 20.620137], [105.691988, 20.622085], [105.691041, 20.621242], [105.690895, 20.621469], [105.690402, 20.621175], [105.688965, 20.619483], [105.688071, 20.61898], [105.68694, 20.615933], [105.685125, 20.616889], [105.682964, 20.616382], [105.681572, 20.617884], [105.68128, 20.61768], [105.680923, 20.617945], [105.679634, 20.617245], [105.677543, 20.617692], [105.67776, 20.616679], [105.676969, 20.616148], [105.675271, 20.61692], [105.674512, 20.616235], [105.67334, 20.615954], [105.672652, 20.616478], [105.670887, 20.616878], [105.669491, 20.617803], [105.668294, 20.617479], [105.667137, 20.61673], [105.666516, 20.616786], [105.66597, 20.618016], [105.665814, 20.619343], [105.665974, 20.621082], [105.667072, 20.621847], [105.666988, 20.623623], [105.664533, 20.626313], [105.663787, 20.628209], [105.664374, 20.628416], [105.665934, 20.630312], [105.666262, 20.629683], [105.667488, 20.629504], [105.667672, 20.629008], [105.668785, 20.629539], [105.669378, 20.630158], [105.669605, 20.631173], [105.670996, 20.632688], [105.672022, 20.632164], [105.673294, 20.62914], [105.675147, 20.629192], [105.675643, 20.629877], [105.676719, 20.630323], [105.677283, 20.63004], [105.67837, 20.628545], [105.679438, 20.629227], [105.681246, 20.629637], [105.681183, 20.630067], [105.682045, 20.630452], [105.682434, 20.630849], [105.682211, 20.631156], [105.684504, 20.633122], [105.683383, 20.635477], [105.685407, 20.637177], [105.68683, 20.637933], [105.685577, 20.638906], [105.684502, 20.639209], [105.684095, 20.639957], [105.683185, 20.639955], [105.682731, 20.640372], [105.682236, 20.63985], [105.68223, 20.640302], [105.680214, 20.642811], [105.679793, 20.644683], [105.679075, 20.645552], [105.679201, 20.646342], [105.678891, 20.64744], [105.681242, 20.652345], [105.679631, 20.654342], [105.68026, 20.655097], [105.680569, 20.656189], [105.680047, 20.656562], [105.679731, 20.657525], [105.678579, 20.659128], [105.678636, 20.659896], [105.679176, 20.661229], [105.681858, 20.662343], [105.680863, 20.663019], [105.679225, 20.665074], [105.679431, 20.667159], [105.679182, 20.668319], [105.678014, 20.66901], [105.67725, 20.670047], [105.676457, 20.670229], [105.676311, 20.667588], [105.67706, 20.667562], [105.677435, 20.665629], [105.676814, 20.665409], [105.676913, 20.664767], [105.676256, 20.664354], [105.6763, 20.664067], [105.675409, 20.663785], [105.674451, 20.664956], [105.673702, 20.664854], [105.672202, 20.667983], [105.673475, 20.670151], [105.671949, 20.671622], [105.672134, 20.672084], [105.671317, 20.67308], [105.671109, 20.674549], [105.670038, 20.675061], [105.669799, 20.675813], [105.671951, 20.67655], [105.673472, 20.67619], [105.673331, 20.67479], [105.674933, 20.674428], [105.674163, 20.671738], [105.677016, 20.671597], [105.677919, 20.670984], [105.680237, 20.667887], [105.682363, 20.667706], [105.683887, 20.66839], [105.689553, 20.666609], [105.690728, 20.666568], [105.693302, 20.67274], [105.697203, 20.672151], [105.69672, 20.672258], [105.697209, 20.672151], [105.698395, 20.671654], [105.699962, 20.671678], [105.699149, 20.67446], [105.69954, 20.674539], [105.700041, 20.674041], [105.702947, 20.674509], [105.702023, 20.680653], [105.70998, 20.683992], [105.710744, 20.682632], [105.711215, 20.682847], [105.71164, 20.682175], [105.717411, 20.685441], [105.719498, 20.682709], [105.721329, 20.683558], [105.718522, 20.687204], [105.720276, 20.687282], [105.715973, 20.692716], [105.720339, 20.698881], [105.724384, 20.696102], [105.728329, 20.700646], [105.73253, 20.70486], [105.733601, 20.703917], [105.736655, 20.706955], [105.736785, 20.706757], [105.74141, 20.709102], [105.745539, 20.711826]]]}, "properties": {"ma_xa": "10441", "phuong_moi": NaN, "dien_tich_km2": 52.73, "so_tin_trong": 1, "ty_le_dong_thuan": 1.0}}, {"type": "Feature", "geometry": {"type": "Polygon", "coordinates": [[[105.709695, 20.829975], [105.710642, 20.827707], [105.710491, 20.826602], [105.709749, 20.826094], [105.707562, 20.825529], [105.706865, 20.824915], [105.706729, 20.824125], [105.707232, 20.81878], [105.709464, 20.814936], [105.709806, 20.812232], [105.709099, 20.809641], [105.705541, 20.800552], [105.705244, 20.798969], [105.70894, 20.793609], [105.714067, 20.788103], [105.715862, 20.784534], [105.71735, 20.782713], [105.725281, 20.777695], [105.726402, 20.774624], [105.726151, 20.772601], [105.724962, 20.769277], [105.722379, 20.765704], [105.718877, 20.76198], [105.717167, 20.763041], [105.716503, 20.7622], [105.715809, 20.762247], [105.714278, 20.760847], [105.711048, 20.763771], [105.708863, 20.761968], [105.705856, 20.760163], [105.703553, 20.763594], [105.703096, 20.76355], [105.70281, 20.762357], [105.702958, 20.761592], [105.701991, 20.761931], [105.702046, 20.762939], [105.701367, 20.763035], [105.701332, 20.762659], [105.700855, 20.762709], [105.701147, 20.76442], [105.690588, 20.765306], [105.68842, 20.757888], [105.685724, 20.759115], [105.683515, 20.760539], [105.6831, 20.748451], [105.683787, 20.748294], [105.684999, 20.74726], [105.684706, 20.74608], [105.685395, 20.745367], [105.68538, 20.745001], [105.68581, 20.744861], [105.683376, 20.743023], [105.682044, 20.742576], [105.681984, 20.739352], [105.679643, 20.733761], [105.678646, 20.733191], [105.677349, 20.734211], [105.675056, 20.732601], [105.674622, 20.732676], [105.673209, 20.735479], [105.67169, 20.736148], [105.670893, 20.737077], [105.669096, 20.736957], [105.667056, 20.735058], [105.665583, 20.73507], [105.663606, 20.736293], [105.662663, 20.737673], [105.661455, 20.7386], [105.66131, 20.739386], [105.660488, 20.739679], [105.659896, 20.740467], [105.659425, 20.740709], [105.658599, 20.740402], [105.657695, 20.741015], [105.657489, 20.74278], [105.657017, 20.743786], [105.655563, 20.745219], [105.654975, 20.746238], [105.654911, 20.747065], [105.654403, 20.747612], [105.653563, 20.751254], [105.653782, 20.752655], [105.652967, 20.753447], [105.651165, 20.753903], [105.651315, 20.755609], [105.650941, 20.756213], [105.651016, 20.758071], [105.6503, 20.759132], [105.649289, 20.762037], [105.649822, 20.764477], [105.648985, 20.765203], [105.648708, 20.765948], [105.648367, 20.76924], [105.649033, 20.769802], [105.648734, 20.770505], [105.649217, 20.771269], [105.648861, 20.77486], [105.649547, 20.776019], [105.649004, 20.776389], [105.647779, 20.77626], [105.647699, 20.776614], [105.647801, 20.777924], [105.648476, 20.778825], [105.648174, 20.779553], [105.648377, 20.786207], [105.648037, 20.786949], [105.648434, 20.787785], [105.648251, 20.78993], [105.648664, 20.790909], [105.647631, 20.79361], [105.650451, 20.794363], [105.650512, 20.794773], [105.650088, 20.804277], [105.649424, 20.809528], [105.6562, 20.808971], [105.658347, 20.808205], [105.660166, 20.808601], [105.662855, 20.808346], [105.659478, 20.814247], [105.66068, 20.813819], [105.662941, 20.814111], [105.663228, 20.81382], [105.66421, 20.81376], [105.664896, 20.814076], [105.663881, 20.814977], [105.662754, 20.815233], [105.663362, 20.81535], [105.665175, 20.814243], [105.665984, 20.813152], [105.667393, 20.812788], [105.668528, 20.813805], [105.668029, 20.815807], [105.668533, 20.815844], [105.668937, 20.81467], [105.669512, 20.814538], [105.669549, 20.815675], [105.669116, 20.816105], [105.669378, 20.816506], [105.670662, 20.815744], [105.671434, 20.813943], [105.672947, 20.813965], [105.673316, 20.814591], [105.674271, 20.814886], [105.67662, 20.814345], [105.677282, 20.814755], [105.677812, 20.814703], [105.679767, 20.814475], [105.680615, 20.813609], [105.681026, 20.813615], [105.681348, 20.812965], [105.682004, 20.813024], [105.68174, 20.814506], [105.685992, 20.81381], [105.686171, 20.812778], [105.688553, 20.813028], [105.688629, 20.812786], [105.689941, 20.812758], [105.689867, 20.812311], [105.693824, 20.812583], [105.694907, 20.814235], [105.695318, 20.815844], [105.696662, 20.81585], [105.696631, 20.816665], [105.696956, 20.817219], [105.697406, 20.817706], [105.698467, 20.818072], [105.698346, 20.819129], [105.697936, 20.819647], [105.698285, 20.820365], [105.695891, 20.826257], [105.697167, 20.826503], [105.696876, 20.828437], [105.706139, 20.828934], [105.706191, 20.829705], [105.708865, 20.829628], [105.708878, 20.829989], [105.709695, 20.829975]]]}, "properties": {"ma_xa": "10459", "phuong_moi": NaN, "dien_tich_km2": 49.31, "so_tin_trong": 0, "ty_le_dong_thuan": null}}, {"type": "Feature", "geometry": {"type": "Polygon", "coordinates": [[[105.70092, 20.762692], [105.701332, 20.762659], [105.701367, 20.763035], [105.702046, 20.762939], [105.701991, 20.761931], [105.702958, 20.761592], [105.70281, 20.762357], [105.703096, 20.76355], [105.703553, 20.763594], [105.705856, 20.760163], [105.708863, 20.761968], [105.711048, 20.763771], [105.714278, 20.760847], [105.715809, 20.762247], [105.716503, 20.7622], [105.717167, 20.763041], [105.718877, 20.76198], [105.714911, 20.757475], [105.710783, 20.754123], [105.7092, 20.753191], [105.704953, 20.75156], [105.699489, 20.751616], [105.697846, 20.751276], [105.697239, 20.750444], [105.696437, 20.745766], [105.697402, 20.742208], [105.698102, 20.74171], [105.702699, 20.743079], [105.706434, 20.742882], [105.719388, 20.7403], [105.725303, 20.73863], [105.728134, 20.738147], [105.729114, 20.737656], [105.732036, 20.735503], [105.733447, 20.729671], [105.732819, 20.726814], [105.730701, 20.724088], [105.73046, 20.723089], [105.731087, 20.722293], [105.732847, 20.721798], [105.734689, 20.721923], [105.736834, 20.722963], [105.738182, 20.724263], [105.741833, 20.726776], [105.747606, 20.728247], [105.750469, 20.728153], [105.75545, 20.728731], [105.759361, 20.731109], [105.76105, 20.731644], [105.762076, 20.731287], [105.768729, 20.726987], [105.770407, 20.7252], [105.771036, 20.723855], [105.770996, 20.723171], [105.770517, 20.722646], [105.766962, 20.721999], [105.764466, 20.720725], [105.762643, 20.718569], [105.762038, 20.71636], [105.763219, 20.708257], [105.762431, 20.705006], [105.761081, 20.705597], [105.761294, 20.706027], [105.759226, 20.706868], [105.758203, 20.705787], [105.756828, 20.706826], [105.754825, 20.704965], [105.754546, 20.705217], [105.754371, 20.705031], [105.746769, 20.71136], [105.746369, 20.711098], [105.745468, 20.71194], [105.74141, 20.709102], [105.736785, 20.706757], [105.736655, 20.706955], [105.733601, 20.703917], [105.73253, 20.70486], [105.728329, 20.700646], [105.724384, 20.696102], [105.720339, 20.698881], [105.715973, 20.692716], [105.720276, 20.687282], [105.718522, 20.687204], [105.721329, 20.683558], [105.719498, 20.682709], [105.717411, 20.685441], [105.71164, 20.682175], [105.711215, 20.682847], [105.710744, 20.682632], [105.70998, 20.683992], [105.702023, 20.680653], [105.702947, 20.674509], [105.700041, 20.674041], [105.69954, 20.674539], [105.699149, 20.67446], [105.699962, 20.671678], [105.698395, 20.671654], [105.697209, 20.672151], [105.69672, 20.672258], [105.697203, 20.672151], [105.693302, 20.67274], [105.690728, 20.666568], [105.689553, 20.666609], [105.683887, 20.66839], [105.682363, 20.667706], [105.680508, 20.667827], [105.677919, 20.670984], [105.677016, 20.671597], [105.674163, 20.671738], [105.674933, 20.674428], [105.673331, 20.67479], [105.673472, 20.67619], [105.671951, 20.67655], [105.669799, 20.675813], [105.667933, 20.6801], [105.66875, 20.680095], [105.668619, 20.680479], [105.669245, 20.680851], [105.672322, 20.679985], [105.673195, 20.681329], [105.674002, 20.680843], [105.674675, 20.682048], [105.676043, 20.681805], [105.676237, 20.682211], [105.677221, 20.682235], [105.677689, 20.684048], [105.67915, 20.684066], [105.67993, 20.687597], [105.67928, 20.689399], [105.679692, 20.689815], [105.67855, 20.690813], [105.67958, 20.691394], [105.680386, 20.691164], [105.680865, 20.691769], [105.681057, 20.693588], [105.682068, 20.695331], [105.682108, 20.695718], [105.681424, 20.696303], [105.681036, 20.697256], [105.681851, 20.698896], [105.681124, 20.699365], [105.680239, 20.699321], [105.679802, 20.700723], [105.678918, 20.701559], [105.676476, 20.70337], [105.675355, 20.703218], [105.674521, 20.70407], [105.674283, 20.704872], [105.67299, 20.705794], [105.672494, 20.707042], [105.671534, 20.707529], [105.670672, 20.708758], [105.670099, 20.709968], [105.670265, 20.710858], [105.668291, 20.711813], [105.668552, 20.712813], [105.667988, 20.712931], [105.667815, 20.713309], [105.668182, 20.713902], [105.667739, 20.714193], [105.667916, 20.715929], [105.666107, 20.715643], [105.665264, 20.716098], [105.664851, 20.718557], [105.663238, 20.719288], [105.662925, 20.720186], [105.663098, 20.721047], [105.66126, 20.722003], [105.660757, 20.723669], [105.66199, 20.724416], [105.662286, 20.72566], [105.663003, 20.725801], [105.662839, 20.727383], [105.663787, 20.728479], [105.666251, 20.733913], [105.669096, 20.736957], [105.670893, 20.737077], [105.67169, 20.736148], [105.673209, 20.735479], [105.674085, 20.733911], [105.674036, 20.733466], [105.674808, 20.732609], [105.677349, 20.734211], [105.678646, 20.733191], [105.679643, 20.733761], [105.681984, 20.739352], [105.682044, 20.742576], [105.683376, 20.743023], [105.68581, 20.744861], [105.68538, 20.745001], [105.685395, 20.745367], [105.684706, 20.74608], [105.684999, 20.74726], [105.683787, 20.748294], [105.6831, 20.748451], [105.683515, 20.760539], [105.685724, 20.759115], [105.68842, 20.757888], [105.690588, 20.765306], [105.701147, 20.76442], [105.70092, 20.762692]]]}, "properties": {"ma_xa": "10465", "phuong_moi": NaN, "dien_tich_km2": 54.38, "so_tin_trong": 0, "ty_le_dong_thuan": null}}, {"type": "Feature", "geometry": {"type": "Polygon", "coordinates": [[[105.729285, 20.675306], [105.740316, 20.666383], [105.741201, 20.667942], [105.741741, 20.667502], [105.742901, 20.668874], [105.743669, 20.669377], [105.744126, 20.669273], [105.744386, 20.668861], [105.743675, 20.667976], [105.744477, 20.667338], [105.743714, 20.666722], [105.750239, 20.660113], [105.747243, 20.657469], [105.748865, 20.655646], [105.746303, 20.653294], [105.748294, 20.652806], [105.746663, 20.651264], [105.745456, 20.650739], [105.744876, 20.649501], [105.745555, 20.649267], [105.746404, 20.649432], [105.750497, 20.654567], [105.751419, 20.653692], [105.750976, 20.653224], [105.752416, 20.65145], [105.752339, 20.650205], [105.750569, 20.648724], [105.752902, 20.646307], [105.75246, 20.645882], [105.754271, 20.644119], [105.756134, 20.646136], [105.755147, 20.646989], [105.755923, 20.647675], [105.756819, 20.646995], [105.757845, 20.647444], [105.756196, 20.649944], [105.757319, 20.651056], [105.762326, 20.650489], [105.762483, 20.652775], [105.764933, 20.652516], [105.765083, 20.654105], [105.765625, 20.652837], [105.766752, 20.651797], [105.766837, 20.654279], [105.769408, 20.654], [105.769598, 20.655577], [105.770959, 20.655482], [105.771151, 20.659604], [105.773308, 20.659977], [105.772773, 20.660304], [105.777072, 20.663807], [105.783844, 20.657946], [105.789277, 20.649734], [105.790803, 20.647995], [105.79406, 20.645452], [105.801201, 20.642486], [105.802551, 20.641014], [105.803659, 20.637171], [105.802953, 20.634035], [105.801671, 20.632496], [105.797485, 20.629121], [105.794428, 20.627787], [105.792786, 20.627411], [105.784158, 20.627342], [105.781043, 20.626992], [105.779642, 20.626674], [105.777901, 20.625798], [105.777035, 20.624565], [105.777273, 20.623672], [105.780468, 20.62212], [105.78234, 20.620038], [105.784661, 20.6181], [105.792004, 20.615488], [105.795426, 20.612862], [105.79739, 20.611933], [105.801093, 20.611916], [105.80284, 20.612388], [105.803811, 20.613148], [105.804513, 20.615292], [105.807184, 20.61754], [105.81054, 20.618818], [105.811965, 20.618901], [105.812821, 20.618622], [105.812865, 20.617125], [105.811734, 20.615537], [105.807384, 20.612564], [105.806517, 20.611787], [105.805837, 20.610554], [105.805829, 20.609017], [105.807473, 20.606578], [105.809407, 20.605293], [105.811347, 20.604588], [105.810596, 20.603748], [105.810839, 20.603391], [105.808457, 20.602235], [105.80764, 20.601144], [105.807258, 20.60008], [105.808831, 20.599508], [105.808458, 20.598494], [105.80866, 20.598438], [105.807994, 20.597253], [105.807144, 20.597323], [105.806593, 20.59885], [105.806178, 20.599185], [105.804842, 20.599245], [105.803715, 20.598802], [105.803386, 20.597519], [105.803769, 20.596157], [105.803596, 20.595679], [105.803076, 20.595438], [105.803105, 20.592831], [105.802321, 20.592264], [105.802235, 20.591368], [105.801357, 20.590675], [105.800952, 20.589284], [105.801168, 20.588287], [105.80095, 20.586712], [105.801461, 20.585887], [105.801442, 20.585203], [105.800962, 20.584558], [105.801473, 20.583965], [105.800085, 20.582033], [105.79934, 20.58185], [105.799249, 20.579887], [105.798452, 20.578329], [105.798428, 20.577367], [105.798762, 20.576908], [105.79744, 20.575534], [105.796924, 20.574174], [105.797777, 20.573924], [105.797082, 20.572539], [105.797085, 20.571228], [105.796526, 20.570533], [105.79654, 20.569652], [105.794831, 20.568157], [105.794611, 20.567359], [105.791567, 20.567061], [105.790246, 20.566404], [105.784431, 20.566517], [105.782894, 20.565939], [105.782149, 20.564734], [105.78155, 20.565616], [105.778753, 20.565806], [105.777292, 20.564283], [105.77626, 20.56473], [105.768664, 20.565271], [105.76783, 20.569867], [105.766703, 20.572477], [105.765789, 20.573485], [105.765226, 20.575303], [105.76365, 20.577396], [105.763104, 20.579031], [105.760448, 20.580314], [105.759392, 20.581472], [105.757326, 20.58217], [105.757147, 20.582603], [105.756317, 20.583016], [105.75592, 20.584378], [105.755092, 20.584585], [105.753919, 20.58763], [105.752151, 20.589781], [105.747346, 20.59135], [105.745062, 20.596684], [105.743703, 20.59851], [105.74284, 20.599051], [105.737229, 20.598313], [105.736389, 20.598927], [105.73402, 20.59971], [105.73243, 20.599795], [105.731031, 20.600547], [105.729794, 20.601659], [105.729348, 20.602741], [105.726998, 20.604431], [105.726874, 20.605579], [105.725631, 20.605812], [105.725108, 20.606499], [105.722044, 20.608058], [105.721349, 20.609337], [105.720145, 20.609314], [105.717332, 20.610487], [105.718269, 20.611287], [105.719087, 20.613406], [105.719915, 20.613683], [105.720497, 20.615155], [105.72037, 20.615718], [105.722732, 20.617432], [105.722489, 20.618117], [105.722735, 20.61875], [105.724696, 20.620234], [105.72531, 20.622648], [105.726333, 20.624021], [105.725326, 20.624449], [105.723813, 20.625775], [105.722917, 20.625636], [105.722227, 20.626583], [105.722825, 20.627405], [105.723586, 20.62783], [105.724265, 20.628918], [105.725362, 20.629601], [105.725676, 20.630084], [105.725624, 20.631056], [105.723026, 20.634392], [105.722402, 20.63643], [105.722743, 20.638111], [105.723927, 20.638769], [105.723766, 20.639344], [105.72172, 20.64061], [105.721003, 20.64416], [105.718244, 20.647667], [105.71866, 20.648316], [105.717826, 20.649676], [105.717979, 20.650431], [105.717483, 20.651421], [105.718411, 20.65188], [105.718049, 20.65258], [105.718455, 20.653285], [105.717904, 20.653915], [105.715974, 20.653205], [105.715422, 20.653301], [105.71514, 20.653771], [105.715653, 20.656667], [105.716453, 20.657946], [105.716725, 20.659106], [105.720077, 20.660728], [105.720619, 20.659799], [105.721305, 20.660155], [105.721189, 20.66042], [105.721808, 20.660934], [105.722919, 20.661339], [105.722827, 20.661944], [105.725955, 20.664197], [105.722755, 20.670917], [105.723708, 20.671374], [105.72356, 20.67172], [105.729285, 20.675306]]]}, "properties": {"ma_xa": "10489", "phuong_moi": NaN, "dien_tich_km2": 69.11, "so_tin_trong": 0, "ty_le_dong_thuan": null}}, {"type": "Feature", "geometry": {"type": "Polygon", "coordinates": [[[105.751702, 21.421997], [105.752599, 21.421941], [105.753582, 21.422548], [105.754497, 21.423479], [105.754646, 21.424661], [105.755447, 21.425498], [105.756975, 21.426651], [105.758063, 21.426892], [105.758741, 21.427759], [105.761591, 21.429878], [105.762891, 21.429442], [105.764838, 21.427601], [105.767554, 21.426566], [105.770501, 21.423542], [105.77081, 21.42249], [105.771959, 21.421768], [105.77317, 21.421813], [105.773197, 21.421196], [105.776294, 21.41969], [105.776987, 21.42113], [105.777886, 21.421359], [105.778676, 21.420901], [105.780103, 21.420757], [105.781352, 21.421422], [105.781286, 21.422735], [105.782537, 21.423735], [105.782704, 21.424407], [105.785465, 21.421425], [105.785613, 21.422137], [105.785311, 21.422518], [105.7851, 21.42422], [105.785846, 21.424537], [105.788801, 21.424105], [105.789269, 21.424849], [105.79018, 21.424297], [105.79072, 21.422909], [105.790639, 21.422159], [105.791715, 21.420835], [105.791799, 21.419923], [105.793841, 21.41986], [105.794733, 21.420547], [105.795062, 21.420477], [105.795314, 21.41979], [105.796487, 21.419764], [105.796287, 21.419091], [105.796908, 21.417212], [105.796839, 21.416515], [105.797973, 21.415892], [105.798125, 21.415361], [105.799112, 21.415131], [105.801799, 21.415011], [105.803015, 21.41599], [105.804958, 21.415017], [105.805449, 21.415694], [105.807374, 21.41579], [105.808954, 21.415109], [105.809182, 21.415311], [105.809317, 21.414812], [105.810055, 21.414872], [105.81062, 21.414427], [105.811128, 21.415052], [105.812213, 21.414844], [105.812505, 21.414355], [105.812264, 21.413658], [105.812925, 21.413471], [105.813431, 21.412654], [105.81388, 21.41269], [105.81424, 21.413819], [105.814569, 21.413073], [105.815349, 21.413502], [105.81592, 21.413057], [105.817065, 21.413191], [105.817374, 21.412568], [105.818983, 21.412505], [105.819074, 21.412863], [105.818204, 21.4142], [105.819426, 21.414803], [105.82026, 21.416183], [105.820847, 21.415507], [105.821529, 21.416084], [105.822389, 21.415655], [105.823022, 21.415858], [105.823072, 21.414567], [105.82393, 21.414509], [105.825666, 21.415785], [105.826115, 21.41662], [105.827147, 21.416349], [105.827564, 21.417847], [105.828071, 21.418342], [105.829199, 21.416962], [105.828995, 21.415122], [105.829395, 21.413615], [105.829963, 21.412942], [105.830044, 21.411173], [105.831639, 21.409551], [105.834331, 21.408149], [105.833334, 21.406612], [105.834047, 21.405786], [105.834275, 21.40593], [105.834711, 21.405547], [105.832653, 21.404286], [105.832817, 21.403623], [105.833561, 21.401973], [105.83465, 21.401008], [105.837303, 21.397214], [105.838572, 21.396554], [105.839381, 21.396556], [105.840435, 21.398161], [105.842024, 21.397765], [105.842313, 21.39731], [105.842267, 21.396096], [105.843442, 21.39556], [105.845986, 21.395524], [105.848357, 21.395014], [105.851951, 21.396233], [105.852819, 21.39616], [105.853371, 21.395744], [105.853419, 21.39411], [105.852574, 21.392465], [105.850815, 21.390609], [105.850131, 21.387063], [105.850099, 21.3824], [105.851885, 21.379749], [105.852138, 21.378479], [105.851552, 21.37806], [105.850176, 21.378419], [105.848006, 21.38087], [105.847088, 21.38097], [105.846097, 21.380338], [105.846323, 21.378265], [105.846887, 21.37742], [105.844878, 21.377258], [105.844614, 21.376979], [105.843078, 21.377447], [105.841685, 21.377571], [105.8405, 21.377171], [105.839571, 21.37743], [105.838554, 21.376484], [105.837719, 21.376417], [105.837407, 21.376713], [105.836205, 21.375347], [105.836027, 21.374268], [105.835084, 21.3734], [105.833998, 21.373719], [105.833955, 21.372956], [105.833733, 21.372969], [105.833089, 21.373488], [105.831765, 21.373353], [105.831527, 21.373785], [105.831769, 21.37426], [105.831273, 21.37415], [105.830966, 21.374589], [105.830398, 21.374628], [105.830736, 21.375197], [105.83033, 21.375704], [105.829791, 21.375211], [105.828948, 21.376085], [105.825326, 21.376782], [105.823464, 21.378239], [105.821382, 21.377943], [105.821064, 21.379409], [105.819107, 21.380046], [105.818413, 21.380643], [105.818318, 21.381131], [105.816638, 21.381941], [105.81648, 21.383049], [105.816117, 21.382764], [105.8148, 21.383151], [105.813663, 21.382854], [105.813305, 21.382212], [105.8134, 21.380991], [105.812751, 21.380603], [105.811556, 21.381887], [105.810302, 21.381837], [105.807485, 21.382968], [105.806539, 21.382712], [105.805641, 21.382882], [105.804863, 21.382373], [105.80364, 21.383941], [105.803939, 21.384481], [105.801687, 21.384681], [105.801496, 21.385333], [105.800871, 21.38539], [105.799643, 21.383567], [105.798972, 21.381504], [105.79779, 21.38237], [105.796665, 21.382535], [105.796575, 21.382275], [105.797078, 21.381936], [105.796616, 21.381821], [105.796772, 21.381089], [105.795254, 21.381236], [105.795331, 21.380704], [105.794806, 21.379678], [105.794371, 21.37985], [105.793491, 21.379394], [105.792302, 21.379513], [105.792357, 21.378993], [105.79179, 21.378521], [105.79124, 21.378561], [105.791079, 21.378107], [105.790182, 21.377917], [105.789326, 21.375994], [105.788001, 21.375849], [105.789673, 21.373301], [105.787763, 21.371869], [105.787182, 21.372013], [105.786896, 21.370775], [105.786079, 21.371002], [105.785821, 21.370454], [105.786872, 21.366739], [105.786458, 21.365804], [105.786527, 21.364447], [105.785844, 21.362455], [105.78578, 21.361099], [105.784674, 21.35964], [105.783267, 21.360084], [105.781106, 21.360057], [105.780167, 21.359669], [105.775383, 21.361111], [105.775214, 21.362725], [105.774504, 21.364838], [105.774027, 21.365347], [105.774821, 21.367572], [105.772933, 21.369654], [105.773128, 21.370664], [105.769825, 21.370906], [105.769474, 21.373357], [105.768807, 21.374015], [105.768638, 21.374969], [105.766827, 21.375258], [105.763958, 21.376604], [105.761363, 21.376705], [105.760531, 21.377161], [105.759829, 21.378138], [105.759699, 21.378488], [105.76041, 21.38028], [105.761174, 21.38095], [105.761914, 21.382821], [105.762171, 21.385409], [105.763231, 21.386785], [105.763355, 21.387435], [105.764988, 21.388522], [105.765906, 21.389605], [105.765431, 21.390265], [105.765128, 21.392196], [105.765495, 21.392697], [105.764354, 21.394202], [105.764253, 21.395726], [105.763576, 21.396709], [105.763516, 21.397522], [105.76391, 21.398381], [105.763038, 21.400046], [105.763019, 21.401361], [105.761306, 21.402958], [105.758957, 21.405991], [105.758538, 21.406964], [105.757604, 21.407068], [105.755744, 21.409176], [105.755902, 21.410542], [105.751686, 21.41376], [105.74967, 21.416035], [105.745413, 21.41619], [105.739332, 21.414682], [105.737497, 21.412491], [105.736138, 21.411376], [105.733374, 21.409954], [105.729181, 21.40932], [105.726908, 21.411144], [105.722165, 21.413775], [105.720952, 21.416154], [105.723746, 21.415698], [105.725293, 21.415985], [105.72683, 21.415775], [105.730916, 21.417397], [105.734155, 21.420661], [105.736292, 21.421216], [105.738618, 21.422802], [105.740552, 21.423243], [105.743779, 21.425431], [105.748507, 21.430088], [105.749854, 21.429539], [105.751212, 21.427854], [105.751087, 21.426172], [105.7515, 21.425441], [105.752312, 21.424902], [105.752417, 21.424428], [105.751485, 21.42271], [105.751702, 21.421997]]]}, "properties": {"ma_xa": "05881", "phuong_moi": NaN, "dien_tich_km2": 43.45, "so_tin_trong": 0, "ty_le_dong_thuan": null}}, {"type": "Feature", "geometry": {"type": "Polygon", "coordinates": [[[105.911231, 21.433153], [105.911839, 21.431975], [105.910843, 21.430911], [105.910304, 21.429607], [105.910576, 21.429051], [105.910246, 21.428482], [105.911329, 21.426826], [105.912581, 21.426303], [105.912679, 21.425604], [105.913955, 21.425492], [105.914128, 21.423837], [105.913431, 21.422934], [105.914428, 21.421552], [105.914616, 21.420701], [105.913787, 21.420212], [105.914331, 21.419667], [105.91352, 21.419302], [105.914985, 21.416576], [105.914849, 21.415759], [105.915845, 21.415883], [105.916283, 21.414812], [105.917505, 21.413346], [105.918596, 21.413304], [105.919608, 21.414729], [105.92032, 21.414625], [105.920224, 21.414033], [105.921206, 21.414218], [105.921721, 21.413699], [105.922911, 21.414152], [105.923519, 21.41341], [105.924246, 21.41342], [105.925399, 21.412854], [105.927093, 21.41306], [105.927381, 21.412657], [105.927945, 21.412905], [105.928183, 21.411886], [105.929697, 21.411032], [105.929515, 21.410188], [105.929845, 21.409703], [105.930233, 21.409768], [105.931692, 21.40569], [105.932522, 21.404593], [105.933936, 21.403297], [105.934902, 21.401898], [105.935353, 21.401773], [105.935746, 21.401004], [105.937959, 21.400992], [105.940916, 21.398985], [105.941011, 21.397873], [105.941829, 21.3961], [105.942163, 21.394461], [105.944535, 21.392188], [105.94511, 21.39038], [105.945058, 21.388194], [105.944131, 21.384948], [105.943711, 21.379201], [105.940809, 21.373651], [105.9388, 21.372275], [105.937419, 21.371816], [105.93603, 21.37178], [105.930218, 21.373134], [105.926343, 21.373681], [105.922543, 21.374743], [105.920882, 21.374334], [105.917819, 21.372634], [105.916607, 21.372653], [105.913821, 21.375111], [105.913916, 21.376444], [105.912712, 21.377411], [105.913568, 21.378764], [105.911145, 21.379915], [105.910774, 21.380955], [105.910139, 21.381398], [105.910108, 21.383014], [105.909172, 21.383574], [105.908719, 21.384657], [105.909045, 21.386344], [105.90737, 21.38663], [105.907272, 21.385548], [105.906466, 21.385398], [105.906469, 21.384778], [105.905492, 21.385741], [105.904597, 21.385743], [105.90468, 21.385438], [105.903139, 21.385666], [105.903149, 21.38609], [105.904251, 21.386226], [105.903952, 21.388263], [105.902639, 21.388923], [105.902293, 21.389929], [105.900804, 21.389991], [105.900599, 21.389487], [105.899837, 21.390132], [105.898923, 21.39006], [105.898885, 21.390712], [105.897492, 21.390722], [105.896509, 21.391476], [105.89685, 21.392433], [105.896255, 21.392824], [105.896704, 21.393453], [105.896398, 21.394114], [105.895587, 21.393518], [105.895995, 21.39266], [105.895754, 21.392095], [105.89604, 21.391445], [105.895556, 21.391279], [105.895252, 21.392041], [105.893838, 21.391228], [105.893502, 21.390558], [105.894122, 21.390148], [105.89308, 21.389523], [105.892516, 21.384911], [105.890076, 21.38419], [105.889783, 21.382881], [105.888708, 21.38239], [105.888552, 21.381903], [105.888103, 21.38202], [105.887473, 21.38079], [105.887523, 21.378935], [105.886776, 21.378671], [105.886477, 21.378175], [105.885725, 21.378705], [105.885386, 21.378344], [105.883324, 21.378393], [105.882377, 21.37704], [105.882063, 21.377415], [105.881407, 21.376988], [105.881694, 21.375542], [105.880464, 21.375141], [105.880021, 21.372658], [105.878607, 21.373165], [105.878154, 21.374169], [105.877602, 21.374276], [105.878288, 21.375525], [105.877807, 21.376433], [105.877139, 21.376676], [105.877156, 21.376124], [105.877832, 21.375828], [105.877605, 21.375154], [105.874673, 21.374996], [105.874191, 21.37457], [105.873227, 21.374918], [105.873509, 21.376081], [105.873021, 21.376146], [105.872841, 21.375246], [105.872383, 21.375202], [105.872529, 21.374473], [105.871774, 21.374405], [105.869822, 21.373054], [105.869015, 21.373521], [105.868786, 21.375103], [105.867437, 21.375025], [105.866196, 21.3767], [105.865154, 21.37661], [105.864353, 21.377341], [105.8652, 21.378928], [105.861898, 21.379059], [105.861763, 21.380365], [105.860727, 21.38038], [105.860386, 21.379928], [105.859355, 21.380794], [105.858697, 21.380919], [105.858881, 21.38058], [105.857824, 21.380207], [105.858537, 21.379914], [105.85822, 21.379423], [105.858586, 21.379195], [105.858262, 21.378781], [105.858774, 21.378224], [105.858176, 21.378006], [105.855963, 21.378134], [105.855078, 21.377905], [105.85416, 21.378593], [105.852197, 21.37914], [105.850099, 21.3824], [105.850131, 21.387063], [105.850815, 21.390609], [105.852574, 21.392465], [105.853524, 21.394492], [105.853472, 21.395535], [105.852819, 21.39616], [105.85352, 21.397465], [105.852983, 21.397353], [105.852901, 21.39818], [105.852404, 21.397805], [105.852203, 21.398833], [105.852793, 21.399057], [105.853449, 21.398735], [105.854018, 21.399155], [105.853563, 21.400127], [105.853748, 21.401626], [105.853072, 21.401934], [105.852895, 21.402473], [105.851854, 21.402532], [105.851774, 21.403533], [105.850761, 21.403707], [105.850816, 21.404089], [105.84964, 21.404091], [105.849649, 21.404566], [105.848867, 21.404705], [105.848895, 21.405088], [105.849978, 21.406115], [105.849738, 21.406337], [105.850276, 21.407341], [105.851302, 21.408368], [105.851805, 21.408635], [105.85226, 21.408341], [105.856881, 21.40814], [105.857421, 21.407414], [105.858925, 21.408359], [105.858703, 21.407075], [105.85897, 21.406703], [105.858545, 21.40614], [105.859064, 21.406273], [105.859232, 21.406747], [105.860252, 21.406437], [105.860623, 21.406714], [105.861716, 21.406001], [105.862203, 21.406357], [105.862311, 21.407253], [105.862892, 21.407418], [105.862918, 21.407878], [105.863359, 21.407864], [105.863485, 21.408556], [105.864094, 21.408725], [105.864646, 21.409552], [105.865784, 21.409914], [105.867191, 21.409187], [105.867304, 21.409396], [105.868524, 21.409118], [105.868764, 21.407884], [105.869573, 21.407478], [105.871241, 21.408271], [105.872575, 21.40805], [105.872566, 21.407726], [105.872918, 21.407695], [105.872925, 21.407973], [105.873674, 21.407739], [105.873901, 21.408144], [105.874333, 21.40804], [105.874523, 21.408338], [105.876092, 21.407339], [105.876631, 21.407848], [105.876625, 21.408627], [105.876924, 21.408629], [105.877687, 21.422776], [105.878602, 21.422782], [105.878717, 21.421936], [105.879903, 21.421393], [105.8804, 21.420225], [105.880165, 21.419577], [105.880661, 21.419522], [105.882229, 21.417865], [105.882257, 21.41882], [105.88159, 21.418881], [105.881668, 21.41941], [105.882274, 21.419365], [105.882374, 21.421743], [105.883685, 21.4212], [105.883938, 21.421748], [105.884629, 21.421974], [105.884864, 21.423072], [105.885994, 21.424202], [105.885803, 21.425219], [105.88952, 21.425217], [105.888878, 21.431054], [105.904659, 21.431254], [105.904694, 21.433568], [105.90656, 21.43388], [105.907205, 21.432825], [105.907461, 21.433075], [105.909355, 21.432807], [105.911231, 21.433153]]]}, "properties": {"ma_xa": "05890", "phuong_moi": NaN, "dien_tich_km2": 40.2, "so_tin_trong": 0, "ty_le_dong_thuan": null}}, {"type": "Feature", "geometry": {"type": "Polygon", "coordinates": [[[105.896509, 21.391476], [105.897492, 21.390722], [105.898885, 21.390712], [105.898923, 21.39006], [105.899837, 21.390132], [105.900599, 21.389487], [105.900692, 21.389916], [105.901352, 21.390127], [105.901625, 21.389771], [105.902346, 21.389882], [105.902639, 21.388923], [105.903952, 21.388263], [105.904283, 21.387319], [105.903998, 21.38703], [105.904251, 21.386226], [105.903149, 21.38609], [105.903139, 21.385666], [105.90468, 21.385438], [105.904597, 21.385743], [105.905492, 21.385741], [105.906469, 21.384778], [105.906466, 21.385398], [105.907272, 21.385548], [105.90737, 21.38663], [105.908941, 21.386433], [105.909168, 21.385941], [105.908719, 21.384657], [105.909172, 21.383574], [105.910108, 21.383014], [105.910139, 21.381398], [105.910774, 21.380955], [105.911145, 21.379915], [105.913568, 21.378764], [105.912712, 21.377411], [105.913916, 21.376444], [105.913821, 21.375111], [105.9113, 21.375807], [105.909031, 21.374015], [105.905991, 21.367362], [105.905016, 21.363887], [105.901127, 21.357048], [105.8998, 21.355461], [105.896093, 21.353021], [105.895527, 21.351949], [105.895729, 21.350761], [105.896593, 21.349976], [105.898759, 21.349563], [105.900857, 21.350274], [105.904164, 21.352173], [105.90703, 21.352357], [105.90818, 21.351806], [105.908323, 21.35017], [105.906031, 21.3469], [105.904176, 21.34527], [105.902054, 21.344279], [105.898408, 21.343157], [105.896355, 21.342888], [105.89397, 21.343217], [105.888783, 21.34596], [105.887093, 21.346028], [105.88625, 21.345374], [105.884571, 21.342356], [105.881499, 21.338529], [105.88114, 21.337402], [105.881299, 21.336308], [105.882205, 21.335156], [105.885075, 21.333137], [105.886, 21.331693], [105.887113, 21.328916], [105.887966, 21.327956], [105.889954, 21.326774], [105.892395, 21.326084], [105.891284, 21.325738], [105.889325, 21.325767], [105.885993, 21.326597], [105.883898, 21.327473], [105.875565, 21.327885], [105.871394, 21.329661], [105.870571, 21.329464], [105.869263, 21.327428], [105.868747, 21.327035], [105.868144, 21.327078], [105.866622, 21.32846], [105.865934, 21.330723], [105.865708, 21.333557], [105.863206, 21.336402], [105.862948, 21.337804], [105.861574, 21.338299], [105.859588, 21.337938], [105.858244, 21.338471], [105.857677, 21.339181], [105.856786, 21.341674], [105.855789, 21.342648], [105.855731, 21.34447], [105.856522, 21.345964], [105.858368, 21.345227], [105.858795, 21.345456], [105.858654, 21.345829], [105.857033, 21.346979], [105.853073, 21.348334], [105.852322, 21.349283], [105.852628, 21.350876], [105.854655, 21.352452], [105.854122, 21.353729], [105.851854, 21.35553], [105.851706, 21.357453], [105.852439, 21.358582], [105.853696, 21.359419], [105.853443, 21.362509], [105.85469, 21.364621], [105.854944, 21.366586], [105.855354, 21.367309], [105.856002, 21.367823], [105.857178, 21.367686], [105.858129, 21.368627], [105.857894, 21.371539], [105.858433, 21.374604], [105.856129, 21.37605], [105.849842, 21.374402], [105.84895, 21.374468], [105.846323, 21.378265], [105.846097, 21.380338], [105.847088, 21.38097], [105.848006, 21.38087], [105.850507, 21.37828], [105.851782, 21.37807], [105.852197, 21.37914], [105.85416, 21.378593], [105.855078, 21.377905], [105.858774, 21.378224], [105.858262, 21.378781], [105.858586, 21.379195], [105.85822, 21.379423], [105.858537, 21.379914], [105.857818, 21.380152], [105.858881, 21.38058], [105.858697, 21.380919], [105.859355, 21.380794], [105.860386, 21.379928], [105.860727, 21.38038], [105.861763, 21.380365], [105.861898, 21.379059], [105.8652, 21.378928], [105.864353, 21.377341], [105.865154, 21.37661], [105.866196, 21.3767], [105.867437, 21.375025], [105.868786, 21.375103], [105.869015, 21.373521], [105.869822, 21.373054], [105.871774, 21.374405], [105.872529, 21.374473], [105.872383, 21.375202], [105.872841, 21.375246], [105.873021, 21.376146], [105.873509, 21.376081], [105.873227, 21.374918], [105.874191, 21.37457], [105.874673, 21.374996], [105.877605, 21.375154], [105.877832, 21.375828], [105.877156, 21.376124], [105.877139, 21.376676], [105.877807, 21.376433], [105.878288, 21.375525], [105.877602, 21.374276], [105.878154, 21.374169], [105.878607, 21.373165], [105.880021, 21.372658], [105.880464, 21.375141], [105.881694, 21.375542], [105.881407, 21.376988], [105.882063, 21.377415], [105.882377, 21.37704], [105.883324, 21.378393], [105.885386, 21.378344], [105.885725, 21.378705], [105.886477, 21.378175], [105.886776, 21.378671], [105.887523, 21.378935], [105.887473, 21.38079], [105.888103, 21.38202], [105.888552, 21.381903], [105.888708, 21.38239], [105.889783, 21.382881], [105.890076, 21.38419], [105.892516, 21.384911], [105.89308, 21.389523], [105.894122, 21.390148], [105.893502, 21.390558], [105.893838, 21.391228], [105.895252, 21.392041], [105.895556, 21.391279], [105.89604, 21.391445], [105.895754, 21.392095], [105.895995, 21.39266], [105.895587, 21.393518], [105.896398, 21.394114], [105.896704, 21.393453], [105.896255, 21.392824], [105.89685, 21.392433], [105.896509, 21.391476]]]}, "properties": {"ma_xa": "05899", "phuong_moi": NaN, "dien_tich_km2": 25.84, "so_tin_trong": 0, "ty_le_dong_thuan": null}}]}