nhom,osm_id,ten,lat,lon
cho_sieu_thi,node/442977400,WinMart,21.0115759,105.8495236
cho_sieu_thi,node/446043788,chợ Lo,20.622683,105.231634
cho_sieu_thi,node/668997667,,21.2804183,105.4729326
cho_sieu_thi,node/724829580,Circle K,21.0319823,105.8525735
cho_sieu_thi,node/977640029,Media Mart Cầu Giấy,21.035431,105.791874
cho_sieu_thi,node/977647385,Japan Supermarket,21.0294273,105.8458111
cho_sieu_thi,node/977668079,Siêu Thị Hapro,21.0307067,105.8482851
cho_sieu_thi,node/993037622,Shop & Go,21.0293607,105.8478856
cho_sieu_thi,node/997997579,,21.0329186,105.8529571
cho_sieu_thi,node/998227534,Siêu Thị Hapro,21.0321684,105.8523953
cho_sieu_thi,node/1008752679,,21.0195122,105.8495385
cho_sieu_thi,node/1008752987,,21.0178141,105.8484027
cho_sieu_thi,node/1274538623,Chợ Đục Đá,20.5914536,105.9270085
cho_sieu_thi,node/1685291681,Chợ Chiều Thắng Lợi,20.9723698,105.7455509
cho_sieu_thi,node/1711447442,Siêu thị Thành Sơn,21.1389727,105.5072008
cho_sieu_thi,node/1724947875,,21.0341584,105.8000567
cho_sieu_thi,node/1858361604,PHÚC YÊN PLAZA,21.2404629,105.7064471
cho_sieu_thi,node/2021225711,,21.024243,105.81112
cho_sieu_thi,node/2136318858,Chợ Hoa Quảng Bá,21.0682495,105.8272643
cho_sieu_thi,node/2136318878,,21.0770945,105.8360083
cho_sieu_thi,node/2290037023,,21.0250151,105.8479567
cho_sieu_thi,node/2297911469,,21.0596487,105.8927714
cho_sieu_thi,node/2471647464,Chợ Phùng Khoang,20.9858966,105.7937986
cho_sieu_thi,node/3150526966,WinMart,21.029586,105.8553923
cho_sieu_thi,node/3389007927,Chợ Nhân Chính,20.9983875,105.8093027
cho_sieu_thi,node/3471347683,SFarm©,21.0451847,105.7992667
cho_sieu_thi,node/3644820386,Hệ Thống Siêu Thị Mái Ấm Online,21.1183065,105.8142732
cho_sieu_thi,node/3684940919,Xưởng tranh kính nghệ thuật,21.1108861,105.4856939
cho_sieu_thi,node/3787800313,Siêu thị Lan Chi,20.6439596,105.9247533
cho_sieu_thi,node/3799178113,Cửa Hàng Tiện Ích Bảo Long,20.9648945,105.8320905
cho_sieu_thi,node/3844123780,Siêu Thị Xe Đạp Điện Thành Tuyến Sơn Tây,21.1213151,105.499349
cho_sieu_thi,node/3844127179,Siêu Thị Điện Máy Thành Tuyến - Sơn Tây,21.1210538,105.4991669
cho_sieu_thi,node/3937714031,Pet Mart Kim Mã,21.0318491,105.8246645
cho_sieu_thi,node/3937714032,Pet Mart Đại Cồ Việt,21.0084427,105.8511563
cho_sieu_thi,node/4091988292,Pizza Hut,20.9804803,105.8447867
cho_sieu_thi,node/4092475537,VLXD XuânƯớc - Showroom 2,20.6430587,105.9126841
cho_sieu_thi,node/4092489305,GạchỐp Lát XuânƯớc - Showroom 1,20.6407287,105.9156643
cho_sieu_thi,node/4155614990,Street Market,21.026708,105.8387225
cho_sieu_thi,node/4235629390,,21.431525,105.2922666
cho_sieu_thi,node/4285828706,VNJ,20.9863879,105.8052876
cho_sieu_thi,node/4304794291,Xuan Mai Market,20.9010961,105.5795156
cho_sieu_thi,node/4304794292,Siêu Thị Lan Chi,20.8931071,105.5812071
cho_sieu_thi,node/4388678293,Chợ Phúc Đồng,21.0397757,105.9027786
cho_sieu_thi,node/4423192389,Circle K,21.0356608,105.8509028
cho_sieu_thi,node/4423192489,,21.0301114,105.8501184
cho_sieu_thi,node/4424707089,Circle K,21.0325813,105.8539001
cho_sieu_thi,node/4458010392,,21.0357863,105.8534205
cho_sieu_thi,node/4486260995,Circle K,21.0359408,105.8527988
cho_sieu_thi,node/4489385889,Chợ Đêm Hàng Đào – Đồng Xuân,21.0335078,105.8509571
cho_sieu_thi,node/4531037510,WinMart+,21.0238652,105.841142
cho_sieu_thi,node/4532462397,Chợ Đêm,21.1473208,105.5021092
cho_sieu_thi,node/4554110090,Big C,21.0155361,105.7781996
cho_sieu_thi,node/4572907889,Chợ Đêm,21.0332192,105.8523763
cho_sieu_thi,node/4578730790,Siêu thị V+,20.9994822,105.870358
cho_sieu_thi,node/4581111293,,21.0322208,105.8511797
cho_sieu_thi,node/4613627889,Oriberry Coffee,21.0288471,105.8486547
cho_sieu_thi,node/4625392008,Nội Thất Đồ Gỗ Được Phát,21.1400505,105.9075773
cho_sieu_thi,node/4631390667,Siêu Thị Đầm Trấu,21.0122959,105.8647486
cho_sieu_thi,node/4689984989,Tạp hóa Trần An,21.4184524,105.8963295
cho_sieu_thi,node/4698571049,,21.0248258,105.9911384
cho_sieu_thi,node/4703081289,Đại Lý Dũng Liên,21.0369331,105.8707718
cho_sieu_thi,node/4712969789,,20.9750222,105.9117762
cho_sieu_thi,node/4727944090,Đại lý Gas & Bếp Gas Tiến Du,21.2553724,105.5480242
cho_sieu_thi,node/4727976397,Trọng Nhung,21.2553413,105.5480598
cho_sieu_thi,node/4728815199,HT-Mart,21.0348472,105.8516567
cho_sieu_thi,node/4731841821,Circle K,21.0420295,105.8471361
cho_sieu_thi,node/4735592623,yến vân,20.9869525,105.8138152
cho_sieu_thi,node/4735592624,vpp cô thuỷ,20.9923319,105.8161313
cho_sieu_thi,node/4737415321,Cửa Hàng Bibi Mart,20.9983427,105.8186263
cho_sieu_thi,node/4737431921,yến anh,20.997628,105.8181726
cho_sieu_thi,node/4737497821,thanh hảo,20.9973574,105.8181824
cho_sieu_thi,node/4738218154,,21.0325843,105.8473316
cho_sieu_thi,node/4739081345,thành lộc,20.996237,105.8209543
cho_sieu_thi,node/4739081346,thanh tâm,20.9966877,105.8280734
cho_sieu_thi,node/4739081347,Đại Lý Tuyết Minh,20.996102,105.8196238
cho_sieu_thi,node/4739103926,Bách Hóa An,20.995441,105.8287591
cho_sieu_thi,node/4739103928,wold mart 31/69a,20.9959109,105.8282148
cho_sieu_thi,node/4739122725,Đại Lý 169,20.9975773,105.82326
cho_sieu_thi,node/4739182233,zoo mart,20.9987259,105.8201203
cho_sieu_thi,node/4739262922,vinamart,20.9978679,105.8227031
cho_sieu_thi,node/4741290033,tạp hóa,20.9979916,105.8465381
cho_sieu_thi,node/4741290037,Tạp hóa Anh Lộc,20.9866663,105.8658782
cho_sieu_thi,node/4741290347,Cửa Hàng Tự Chọn GT Mart,21.0040643,105.8465822
cho_sieu_thi,node/4741290352,Thanh xuân,21.0008398,105.8604224
cho_sieu_thi,node/4741290353,Tuấn anh,21.0030844,105.8460772
cho_sieu_thi,node/4741290359,Thanh dung,21.0027721,105.8548238
cho_sieu_thi,node/4741290361,Thuỷ Linh,21.0014053,105.8719278
cho_sieu_thi,node/4741290366,Trung Dũng,20.9976701,105.8708974
cho_sieu_thi,node/4741290368,tạp hóa,20.9974812,105.8712286
cho_sieu_thi,node/4741290523,Tạp hóa,20.9940747,105.8446401
cho_sieu_thi,node/4741290525,Thanh tú,20.9970324,105.8709259
cho_sieu_thi,node/4741290526,Tạp hóa,21.0087929,105.8522023
cho_sieu_thi,node/4741290527,tạp hóa,20.9874455,105.8651815
cho_sieu_thi,node/4741290528,Tâm Bính,20.9885506,105.8635475
cho_sieu_thi,node/4744265530,tạp hóa,20.9853459,105.8638433
cho_sieu_thi,node/4744265929,tuyết huân,20.9881201,105.8262322
cho_sieu_thi,node/4744278222,tạp hóa bánh kẹo,20.9946369,105.8309847
cho_sieu_thi,node/4744317224,tạp hóa,20.9863814,105.8652418
cho_sieu_thi,node/4744349468,Mini Mart,20.9919168,105.7938416
cho_sieu_thi,node/4744370123,Thu Trang,20.9866137,105.8684907
cho_sieu_thi,node/4744376523,Tiếp Nghiệp,21.2391408,105.5576331
cho_sieu_thi,node/4744445629,phú gia mini mart,20.9991222,105.806906
cho_sieu_thi,node/4744474221,Tạp Hóa 106,20.9982567,105.805559
cho_sieu_thi,node/4746124222,Orimart,21.0136299,105.8638435
cho_sieu_thi,node/4746321322,tạp hóa,21.0236141,105.8436112
cho_sieu_thi,node/4748547425,tạp hóa,21.0014921,105.8464378
cho_sieu_thi,node/4750070422,Bà mây (trung hậu),21.248147,105.55071
cho_sieu_thi,node/4750100821,,21.2457111,105.5415346
cho_sieu_thi,node/4750100822,Oanh Hoà,21.257911,105.56199
cho_sieu_thi,node/4750152424,Siêu thị gia đình,20.9986173,105.8525636
cho_sieu_thi,node/4750159121,Shop tự chọn,21.0019575,105.8533704
cho_sieu_thi,node/4750412022,thanh loan,20.9985899,105.859911
cho_sieu_thi,node/4752400022,Tạp hóa,20.9924346,105.849864
cho_sieu_thi,node/4752424821,tạp hóa,20.9923199,105.8523617
cho_sieu_thi,node/4753868926,Tiêu dùng 24h,21.0031491,105.8687313
cho_sieu_thi,node/4753868927,Tạp hóa,20.9941523,105.8463196
cho_sieu_thi,node/4753886922,Trí Anh,20.9940038,105.8495939
cho_sieu_thi,node/4753886923,tạp hóa,20.9937463,105.8495688
cho_sieu_thi,node/4753886924,Thắng Quang,20.9932903,105.8495198
cho_sieu_thi,node/4753890821,tạp hóa,20.9934976,105.849563
cho_sieu_thi,node/4753948425,Tạp hóa,20.9945524,105.8469772
cho_sieu_thi,node/4756017823,Đại Lý Minh Dũng,20.9955668,105.8272924
cho_sieu_thi,node/4758991222,Tạp hóa,21.0129902,105.8620066
cho_sieu_thi,node/4758991321,Quán trà đá,21.0051618,105.8650498
cho_sieu_thi,node/4759470153,Nam Keo,21.241855,105.55047
cho_sieu_thi,node/4759473023,,21.251735,105.54623
cho_sieu_thi,node/4759497564,Tâm Thành Mart,21.0090109,105.8659779
cho_sieu_thi,node/4760841724,,21.237681,105.58141
cho_sieu_thi,node/4761248521,Circle K,21.0292046,105.8453421
cho_sieu_thi,node/4768934425,song linh 46/25/358,20.9830344,105.8187579
cho_sieu_thi,node/4768960522,phú thắg,20.9882827,105.8183831
cho_sieu_thi,node/4769001133,phương uyên,20.9906505,105.8174536
cho_sieu_thi,node/4771180248,Trường Hường,20.9959537,105.8588767
cho_sieu_thi,node/4771180249,Trà sữa trân châu,20.9962457,105.8587327
cho_sieu_thi,node/4771209934,Ngọc Vân,21.0131035,105.8663343
cho_sieu_thi,node/4771210125,Tạp hóa,20.9989713,105.8533562
cho_sieu_thi,node/4772076822,Tạp hóa,21.0007414,105.8560602
cho_sieu_thi,node/4772076826,Vpp Hồng Hạnh,20.9976082,105.8439977
cho_sieu_thi,node/4772082122,tạp hóa,21.0032412,105.8537316
cho_sieu_thi,node/4772250422,Ngọc Sơn,20.9918862,105.8456633
cho_sieu_thi,node/4772277524,Tạp hóa,21.0033242,105.8527533
cho_sieu_thi,node/4772285421,Tạp hóa,20.9976548,105.8436877
cho_sieu_thi,node/4774073422,Siêu Thị Tiện Lợi Moon Mart,21.0152876,105.8481995
cho_sieu_thi,node/4774238130,Tạp hóa,20.9934026,105.8636578
cho_sieu_thi,node/4774239123,Thuỳ dung,20.9994161,105.8565015
cho_sieu_thi,node/4774243223,Tuấn ngọc,20.9906031,105.8598611
cho_sieu_thi,node/4774243225,Tiện ích gia đình,20.9874707,105.86177
cho_sieu_thi,node/4774264723,Thu nga,20.9929529,105.8587543
cho_sieu_thi,node/4774280736,Tạp Hóa Green Land,21.0098132,105.8641942
cho_sieu_thi,node/4776220022,Siêu Thị Hapro,21.0245405,105.8416221
cho_sieu_thi,node/4776306721,Siêu Thị An An,20.9981294,105.7994278
cho_sieu_thi,node/4776452022,Việt anh,21.0004413,105.8610775
cho_sieu_thi,node/4776519921,Cửa Hàng Bánh Kẹo Thanh Hà,21.008424,105.86433
cho_sieu_thi,node/4776554322,Tạp hóa,21.0079048,105.8640404
cho_sieu_thi,node/4776564022,Tạp hóa,21.0074668,105.8647632
cho_sieu_thi,node/4780227622,Phú Thanh,20.9963379,105.8518563
cho_sieu_thi,node/4780871833,tạp hóa,21.0099893,105.8642628
cho_sieu_thi,node/4780932821,tạo hóa,21.012859,105.8610047
cho_sieu_thi,node/4781116321,,21.0351507,105.8500272
cho_sieu_thi,node/4782186121,TN MART,20.9879091,105.8622412
cho_sieu_thi,node/4782188221,tạp hóa,21.0163926,105.8555285
cho_sieu_thi,node/4782213521,Siêu Thị Aki,21.01709,105.8543279
cho_sieu_thi,node/4785483621,Sữa tươi mộc châu,21.0151407,105.8581049
cho_sieu_thi,node/4785492821,phúc hưng,21.0179506,105.8568398
cho_sieu_thi,node/4785798523,Siêu Thị Hapro,21.0189202,105.8583853
cho_sieu_thi,node/4785823821,Tạp hóa,21.0083072,105.8467955
cho_sieu_thi,node/4785836731,"Rượu bia, bánh kẹo",21.0098037,105.849833
cho_sieu_thi,node/4787493322,Tạp hóa,21.0082863,105.8551965
cho_sieu_thi,node/4787502122,Tạp hóa,21.0066279,105.8544553
cho_sieu_thi,node/4787516823,Tr mart,21.009407,105.8553287
cho_sieu_thi,node/4787572722,phở bò gà,21.0108625,105.854718
cho_sieu_thi,node/4787580725,Thái lan,21.0103228,105.8547341
cho_sieu_thi,node/4789255122,Tạp hóa,21.0011671,105.842807
cho_sieu_thi,node/4789255421,Tạp hóa,20.9965849,105.841666
cho_sieu_thi,node/4789274633,Thúy mỵ,20.991084,105.8403287
cho_sieu_thi,node/4789300821,Tạp hóa,20.9965308,105.8453276
cho_sieu_thi,node/4790970122,Tạp hóa,21.0357154,105.85329
cho_sieu_thi,node/4790970123,Quán nước,21.0356477,105.853318
cho_sieu_thi,node/4790977322,Tạp phẩm,21.0354566,105.8534607
cho_sieu_thi,node/4790979121,Tạp phẩm 39 mã mây,21.035485,105.8536015
cho_sieu_thi,node/4791002622,Chợ Sạch,21.0301765,105.8474866
cho_sieu_thi,node/4791019823,,21.0295384,105.8478841
cho_sieu_thi,node/4791019824,uni mart,21.0396297,105.8461835
cho_sieu_thi,node/4791041922,tạp hóa,21.0386661,105.8458531
cho_sieu_thi,node/4791072527,Thanh hà,21.0296949,105.8489541
cho_sieu_thi,node/4791093921,Siêu Thị Mini Best Mart,21.0309796,105.8486064
cho_sieu_thi,node/4859979223,,21.0324493,105.842501
cho_sieu_thi,node/4859996722,,21.0271861,105.84399
cho_sieu_thi,node/4877067121,Siêu thị Hằng Vui,20.9653352,105.8327165
cho_sieu_thi,node/4900694693,Chợ Quế,20.5757389,105.8728946
cho_sieu_thi,node/4907004322,,21.028469,105.8378919
cho_sieu_thi,node/4911699022,Trông Đang,21.2590229,105.566201
cho_sieu_thi,node/5003334222,Co-op Mart,21.0452716,105.8663369
cho_sieu_thi,node/5050433991,Như ý,20.8907855,105.7636437
cho_sieu_thi,node/5059466323,,20.9640138,105.749619
cho_sieu_thi,node/5093985521,Sơn Phượng,20.9782127,105.6507811
cho_sieu_thi,node/5099674522,Chợ Chúc Sơn,20.9190214,105.7029956
cho_sieu_thi,node/5100036522,Vinh hoa,20.9206968,105.6964137
cho_sieu_thi,node/5100036523,Oanh xinh,20.878649,105.702105
cho_sieu_thi,node/5100037222,Tuấn vinh,20.887268,105.7000881
cho_sieu_thi,node/5101080625,Thiện chiến,20.7958938,105.6714447
cho_sieu_thi,node/5101080628,Sang hà,20.7994977,105.6724396
cho_sieu_thi,node/5101098723,Thế lan,20.8250728,105.7138933
cho_sieu_thi,node/5101131727,Sự tích,20.8194485,105.7140696
cho_sieu_thi,node/5101131728,Thế an,20.8167117,105.7159682
cho_sieu_thi,node/5101131729,Thanh nụ,20.8147282,105.7107884
cho_sieu_thi,node/5101131730,Thứ nhất,20.8109572,105.7116325
cho_sieu_thi,node/5101309321,Phú mỹ,20.8191596,105.6461727
cho_sieu_thi,node/5103114233,Ý an,20.8076309,105.7296464
cho_sieu_thi,node/5103114240,,20.8162477,105.7751024
cho_sieu_thi,node/5103114243,Tự  hạnh,20.8139198,105.7836264
cho_sieu_thi,node/5103125323,Thế  tâm,20.8159501,105.7706533
cho_sieu_thi,node/5103138221,Tự hà,20.8176586,105.6443087
cho_sieu_thi,node/5103138223,Thế  mĩ,20.8141094,105.6452183
cho_sieu_thi,node/5103138232,Tâm mart,20.8274321,105.763735
cho_sieu_thi,node/5103138721,,20.8080084,105.6657972
cho_sieu_thi,node/5103151021,,20.742958,105.7693569
cho_sieu_thi,node/5103151024,Quán dung,20.7603792,105.7664103
cho_sieu_thi,node/5103167423,Vịnh tuân,20.7085654,105.765983
cho_sieu_thi,node/5103167922,Quốc Anh,20.733166,105.7703356
cho_sieu_thi,node/5104693524,Thế  mơ,20.6938586,105.7693251
cho_sieu_thi,node/5104713622,Ngân khánh,20.6845905,105.7426908
cho_sieu_thi,node/5104713922,Túy nhiên,20.685894,105.7408725
cho_sieu_thi,node/5106560321,Phan,20.9428687,105.8432742
cho_sieu_thi,node/5106584621,Ngọc Linh,20.9343406,105.837044
cho_sieu_thi,node/5106601821,Vũ Hương,20.9325432,105.8297063
cho_sieu_thi,node/5114569957,WinMart+,21.0642167,105.8011152
cho_sieu_thi,node/5123787182,Siêu thị Đức Thành,20.9839016,105.859713
cho_sieu_thi,node/5125898469,,21.0628081,105.8072956
cho_sieu_thi,node/5160174622,FamilyMart,21.0428076,105.6786202
cho_sieu_thi,node/5162504921,Phương di,21.0468776,105.7184345
cho_sieu_thi,node/5162599421,Vân sinh,21.0400825,105.6806991
cho_sieu_thi,node/5162644821,Tùng tiến,21.0428951,105.6795877
cho_sieu_thi,node/5164292621,Thu hiền,21.0694468,105.707577
cho_sieu_thi,node/5170532222,Thủy Tiên,21.0408938,105.7595077
cho_sieu_thi,node/5170542622,Phương uyên,21.0368429,105.7350447
cho_sieu_thi,node/5174002621,Thực phẩm sạch,21.0348573,105.758441
cho_sieu_thi,node/5174279121,Việt anh,21.0507909,105.7382918
cho_sieu_thi,node/5175691021,Phương linh,21.0647177,105.718709
cho_sieu_thi,node/5175700021,Việt hải,21.0866982,105.6644748
cho_sieu_thi,node/5175766622,Nhung hợi,21.0753217,105.6429802
cho_sieu_thi,node/5175878122,Phương dung,21.0556391,105.7021641
cho_sieu_thi,node/5182828524,Vân dũng,21.0773915,105.6644786
cho_sieu_thi,node/5182878322,Phạm thịnh,21.0467572,105.6746667
cho_sieu_thi,node/5185193721,Thanh hợi,21.0467247,105.6765318
cho_sieu_thi,node/5187593621,Mini Mart,21.0471696,105.7033843
cho_sieu_thi,node/5187652622,Tiến hòa,21.0532315,105.67536
cho_sieu_thi,node/5199242923,Mini Mart,21.0487259,105.70519
cho_sieu_thi,node/5199664121,Ninh nam,21.0332786,105.6096658
cho_sieu_thi,node/5199686023,Phượng mai,21.0383346,105.6002019
cho_sieu_thi,node/5203421922,Thanh nhàn,21.0604297,105.7238736
cho_sieu_thi,node/5205741622,Gấu Bon Sumo,21.0343991,105.8314415
cho_sieu_thi,node/5226412723,Sợi bien,21.0255059,105.8455012
cho_sieu_thi,node/5278890521,,20.8710407,105.5287695
cho_sieu_thi,node/5302018622,WinMart,21.0419364,105.8699299
cho_sieu_thi,node/5332620421,,21.0422916,105.8402
cho_sieu_thi,node/5367178321,Circle K,21.0323894,105.8508423
cho_sieu_thi,node/5367505221,,21.3129445,105.6141032
cho_sieu_thi,node/5385354021,,21.0181071,105.8528637
cho_sieu_thi,node/5392693923,,20.7556234,105.4665561
cho_sieu_thi,node/5395342823,,21.3806173,105.3361178
cho_sieu_thi,node/5395503522,,21.3775345,105.3352022
cho_sieu_thi,node/5400515221,GS25,21.0301371,105.8449139
cho_sieu_thi,node/5405052160,Circle K,21.0319988,105.8468624
cho_sieu_thi,node/5436612021,Strassenmarkt,21.0387182,105.8510354
cho_sieu_thi,node/5455945522,Tạp hóa Minh Châu,21.0308446,105.7841754
cho_sieu_thi,node/5482299821,Hmart - Chợ Mới Phú Diễn,21.0519874,105.7578854
cho_sieu_thi,node/5485635080,Circle K,21.0367742,105.7792733
cho_sieu_thi,node/5485648586,WinMart+,21.0447347,105.7623394
cho_sieu_thi,node/5485651759,Chợ Sáng Trần Quang Diệu,21.0170546,105.8270102
cho_sieu_thi,node/5485657266,Chợ Tình Sapa,21.008478,105.8133716
cho_sieu_thi,node/5485660083,Chợ Láng Thượng,21.0236535,105.8048715
cho_sieu_thi,node/5485665267,Chợ Hoa Quảng An,21.0679022,105.8272796
cho_sieu_thi,node/5485666060,Siêu thị điện máy Mediamart,21.029254,105.8123132
cho_sieu_thi,node/5485698745,Circle K,21.0139905,105.7981453
cho_sieu_thi,node/5485711487,,21.0282006,105.841697
cho_sieu_thi,node/5485793231,Mỹ Phẩm Jesse Store,21.0771397,105.7737717
cho_sieu_thi,node/5485798269,WinMart+,20.974579,105.8360778
cho_sieu_thi,node/5485804469,Siêu Thị T-Mart,20.9753211,105.8361347
cho_sieu_thi,node/5485816793,Siêu thị Minh Hoa,21.013239,105.822998
cho_sieu_thi,node/5485830477,Siêu Thị T-Mart,20.9713145,105.8361596
cho_sieu_thi,node/5485847900,T Mart,21.0644931,105.7826551
cho_sieu_thi,node/5485850279,FPT Shop,21.0201337,105.8020389
cho_sieu_thi,node/5485879595,Siêu thị điện máy Trần Anh,21.024315,105.7984778
cho_sieu_thi,node/5508424021,Viet Aroma,21.0329929,105.8525505
cho_sieu_thi,node/5521484621,WinMart+,20.9940532,105.8422004
cho_sieu_thi,node/5521934621,WinMart+,20.9899775,105.853948
cho_sieu_thi,node/5521966864,WinMart+,20.9874802,105.8586452
cho_sieu_thi,node/5524076321,WinMart+,20.9907935,105.8683417
cho_sieu_thi,node/5524136421,WinMart+,20.9949153,105.8696571
cho_sieu_thi,node/5524164121,WinMart+,20.9962507,105.869305
cho_sieu_thi,node/5524374724,WinMart+,20.9651138,105.8314656
cho_sieu_thi,node/5524406424,WinMart+,20.9793506,105.8352243
cho_sieu_thi,node/5524415421,WinMart+,20.9664803,105.7773435
cho_sieu_thi,node/5524416021,WinMart+,20.967607,105.7804673
cho_sieu_thi,node/5524504722,WinMart+,21.0027517,105.8547414
cho_sieu_thi,node/5524546526,WinMart+,20.9985177,105.8601992
cho_sieu_thi,node/5526720821,WinMart+,20.9750659,105.8256365
cho_sieu_thi,node/5526721139,WinMart+,20.9689657,105.8235382
cho_sieu_thi,node/5526778624,WinMart,20.9641395,105.8225074
cho_sieu_thi,node/5527017122,WinMart+,20.9716771,105.8495638
cho_sieu_thi,node/5527017721,WinMart+,20.9718286,105.8475171
cho_sieu_thi,node/5527121921,WinMart+,20.981325,105.8438362
cho_sieu_thi,node/5529868823,WinMart+,20.9973923,105.8580953
cho_sieu_thi,node/5529906121,WinMart+,21.0121421,105.8604574
cho_sieu_thi,node/5529931421,WinMart+,21.017935,105.8645092
cho_sieu_thi,node/5529940221,WinMart+,21.0188997,105.8637633
cho_sieu_thi,node/5529954421,WinMart+,21.0248226,105.8620452
cho_sieu_thi,node/5530044723,WinMart+,21.0141362,105.8348616
cho_sieu_thi,node/5534965725,WinMart+,20.9687932,105.7692286
cho_sieu_thi,node/5534998122,WinMart+,20.9991371,105.8730925
cho_sieu_thi,node/5535117704,WinMart+,21.0118508,105.8540074
cho_sieu_thi,node/5539146420,WinMart+,21.0302468,105.8252872
cho_sieu_thi,node/5539170923,WinMart+,21.0278119,105.8420999
cho_sieu_thi,node/5541592921,WinMart+,21.0333071,105.8168085
cho_sieu_thi,node/5541597524,WinMart+,21.0358391,105.8104796
cho_sieu_thi,node/5541602222,WinMart+,21.0469892,105.8092104
cho_sieu_thi,node/5541655321,WinMart+,21.0405905,105.8130841
cho_sieu_thi,node/5544481325,WinMart+,21.0459691,105.8430817
cho_sieu_thi,node/5544496221,WinMart+,21.0460667,105.8463489
cho_sieu_thi,node/5546796221,WinMart+,21.0435391,105.8197014
cho_sieu_thi,node/5546847122,WinMart+,21.041131,105.8271005
cho_sieu_thi,node/5546863021,WinMart+,21.0470816,105.8111922
cho_sieu_thi,node/5546867021,WinMart+,21.0470534,105.8076981
cho_sieu_thi,node/5546925321,WinMart+,21.0554142,105.8391549
cho_sieu_thi,node/5546965877,WinMart+,21.0632399,105.8326873
cho_sieu_thi,node/5546978224,WinMart+,21.068251,105.8249443
cho_sieu_thi,node/5546978225,WinMart+,21.0672079,105.8227552
cho_sieu_thi,node/5548442872,Media Mart,21.1723924,106.0628358
cho_sieu_thi,node/5549335326,WinMart+,21.0464605,105.8709575
cho_sieu_thi,node/5549536021,WinMart+,21.0649863,105.9081713
cho_sieu_thi,node/5549537624,WinMart+,21.0551392,105.8968314
cho_sieu_thi,node/5555535422,WinMart+,21.0360945,105.9110153
cho_sieu_thi,node/5555548622,WinMart+,21.0271448,105.910931
cho_sieu_thi,node/5555548921,WinMart+,21.0224981,105.905024
cho_sieu_thi,node/5555548922,WinMart+,21.032474,105.9131742
cho_sieu_thi,node/5555549422,WinMart+,21.0591628,105.9147147
cho_sieu_thi,node/5558082627,WinMart+,20.9742681,105.9245101
cho_sieu_thi,node/5558186321,WinMart+,21.0178916,105.9649315
cho_sieu_thi,node/5558209621,WinMart+,21.0315466,105.9425698
cho_sieu_thi,node/5563344821,WinMart+,21.0521933,105.8859586
cho_sieu_thi,node/5563387021,WinMart+,21.0388952,105.866054
cho_sieu_thi,node/5563433022,WinMart+,21.0496249,105.8660677
cho_sieu_thi,node/5563449322,WinMart+,21.0574118,105.8690137
cho_sieu_thi,node/5563525221,WinMart+,21.0607293,105.9151485
cho_sieu_thi,node/5563555022,WinMart+,21.0385801,105.9042802
cho_sieu_thi,node/5572434321,WinMart+,20.9936646,105.8570998
cho_sieu_thi,node/5572535721,WinMart+,21.0083713,105.8475617
cho_sieu_thi,node/5573308822,WinMart+,20.9156079,105.8690979
cho_sieu_thi,node/5575925625,,21.2302584,105.8498142
cho_sieu_thi,node/5579554621,Seikamart,21.0115978,105.8477851
cho_sieu_thi,node/5579660621,WinMart,21.050733,105.9162056
cho_sieu_thi,node/5583575123,WinMart+,21.0373183,105.8520942
cho_sieu_thi,node/5583587721,SIÊU THỊ TRƯỜNG GIANG,21.1490369,105.9274578
cho_sieu_thi,node/5583614621,WinMart+,21.032991,105.852719
cho_sieu_thi,node/5593636925,WinMart,20.9794717,105.8443272
cho_sieu_thi,node/5593660421,Siêu thị Mường Thanh H1,20.9642759,105.8259662
cho_sieu_thi,node/5593662121,Siêu thị Mường Thanh H2,20.9648992,105.8273063
cho_sieu_thi,node/5593898821,Siêu Thị Hapro,21.0281849,105.8328793
cho_sieu_thi,node/5595959521,WinMart,21.0060945,105.8321759
cho_sieu_thi,node/5597751821,WinMart+,21.0428368,105.8082123
cho_sieu_thi,node/5603389634,Qmart Vĩnh Hưng,20.9990338,105.8800623
cho_sieu_thi,node/5603479821,Siêu thị Minh Hoa Thái Hà,21.013353,105.8197131
cho_sieu_thi,node/5603611822,Siêu thị Hoàng Cầu,21.0176252,105.8258285
cho_sieu_thi,node/5603651723,WinMart+,21.027613,105.8090228
cho_sieu_thi,node/5603707722,WinMart+,21.0605553,105.895288
cho_sieu_thi,node/5603809224,Siêu Thị Intimex,21.0293755,105.8177924
cho_sieu_thi,node/5603878921,Siêu Thị Intimex,21.028135,105.8251982
cho_sieu_thi,node/5603879232,Unimart Giảng Võ,21.0260451,105.8226439
cho_sieu_thi,node/5603888230,WinMart+,21.0275782,105.8239325
cho_sieu_thi,node/5605957125,Siêu thị Thành Đô - Hồ Tùng Mậu,21.0407173,105.7648694
cho_sieu_thi,node/5606015141,WinMart+,21.0374466,105.9001495
cho_sieu_thi,node/5606053423,WinMart+,21.0484973,105.7693263
cho_sieu_thi,node/5606457121,Npp Sơn Tây,21.1522365,105.5053026
cho_sieu_thi,node/5606598224,Tops Market,20.9998667,105.8286292
cho_sieu_thi,node/5608461621,BRG Mart,21.0063252,105.8351653
cho_sieu_thi,node/5609997886,WinMart+,21.0002256,105.8220396
cho_sieu_thi,node/5609997894,WinMart+,21.0895344,105.791854
cho_sieu_thi,node/5609997897,WinMart+,21.0026473,105.8667418
cho_sieu_thi,node/5609997902,WinMart+,21.0790442,105.8164821
cho_sieu_thi,node/5609997918,WinMart+,21.0536406,105.9004624
cho_sieu_thi,node/5609998324,WinMart+,21.0363734,105.7922792
cho_sieu_thi,node/5609998332,WinMart+,21.0575017,105.7773593
cho_sieu_thi,node/5609998342,WinMart+,21.037822,105.808203
cho_sieu_thi,node/5609998355,WinMart+,21.0030924,105.8692088
cho_sieu_thi,node/5609998358,WinMart+,20.9904944,105.7878349
cho_sieu_thi,node/5609998362,WinMart+,21.0416557,105.8400345
cho_sieu_thi,node/5609998366,WinMart+,21.0449266,105.7764348
cho_sieu_thi,node/5609998367,WinMart+,20.9929718,105.7975856
cho_sieu_thi,node/5609998373,WinMart+,21.0676745,105.8997915
cho_sieu_thi,node/5609998375,WinMart+,21.0026593,105.8586218
cho_sieu_thi,node/5609998380,WinMart+,20.9990263,105.8114174
cho_sieu_thi,node/5609998383,WinMart+,21.0030661,105.8637092
cho_sieu_thi,node/5609998407,WinMart+,21.067127,105.7882477
cho_sieu_thi,node/5609998414,WinMart+,21.0152063,105.852804
cho_sieu_thi,node/5609998416,WinMart+,21.0010103,105.8720124
cho_sieu_thi,node/5609998722,WinMart+,21.0698035,105.8815449
cho_sieu_thi,node/5609998728,WinMart+,21.0181307,105.77629
cho_sieu_thi,node/5609998730,WinMart+,21.0145621,105.8510751
cho_sieu_thi,node/5609998733,WinMart+,21.0351342,105.7961242
cho_sieu_thi,node/5609998735,WinMart+,21.0480782,105.8757059
cho_sieu_thi,node/5609998739,WinMart+,21.0186405,105.857025
cho_sieu_thi,node/5609998741,WinMart+,21.0409514,105.7792812
cho_sieu_thi,node/5609998744,WinMart+,20.9823231,105.8159267
cho_sieu_thi,node/5609998748,WinMart+,21.0272458,105.8144167
cho_sieu_thi,node/5609998750,WinMart+,20.9644373,105.8266958
cho_sieu_thi,node/5609998757,WinMart+,20.9962554,105.7930785
cho_sieu_thi,node/5609998764,WinMart+,21.0114072,105.8087605
cho_sieu_thi,node/5609998765,WinMart+,21.0020899,105.8082262
cho_sieu_thi,node/5609998780,WinMart+,21.0452986,105.7675346
cho_sieu_thi,node/5609998781,WinMart+,21.0437108,105.7967736
cho_sieu_thi,node/5609998785,WinMart+,21.0275159,105.8389173
cho_sieu_thi,node/5609998790,WinMart+,21.078797,105.8186831
cho_sieu_thi,node/5609998797,WinMart+,21.026929,105.8013492
cho_sieu_thi,node/5609998816,WinMart+,20.9916784,105.849043
cho_sieu_thi,node/5609999021,WinMart+,20.9924735,105.8136051
cho_sieu_thi,node/5609999026,WinMart+,21.0188447,105.7930485
cho_sieu_thi,node/5609999029,WinMart+,21.0006738,105.8691768
cho_sieu_thi,node/5609999034,WinMart+,21.0533316,105.8369451
cho_sieu_thi,node/5609999040,WinMart+,21.0406982,105.7755872
cho_sieu_thi,node/5609999043,WinMart+,21.0342809,105.8040867
cho_sieu_thi,node/5609999044,WinMart+,21.0476098,105.795593
cho_sieu_thi,node/5609999046,WinMart+,21.0444272,105.7993084
cho_sieu_thi,node/5609999058,WinMart+,21.017788,105.8528958
cho_sieu_thi,node/5609999070,WinMart+,21.0183388,105.8529172
cho_sieu_thi,node/5609999077,WinMart+,20.9962028,105.8383862
cho_sieu_thi,node/5609999084,WinMart+,20.9628824,105.7681476
cho_sieu_thi,node/5609999089,WinMart+,21.0234013,105.7943861
cho_sieu_thi,node/5609999094,WinMart+,21.0465336,105.8786214
cho_sieu_thi,node/5609999095,WinMart+,20.9992201,105.8504476
cho_sieu_thi,node/5609999098,WinMart+,20.9978781,105.8623465
cho_sieu_thi,node/5609999099,WinMart+,20.9940076,105.8877878
cho_sieu_thi,node/5609999102,WinMart+,21.0292203,105.8405114
cho_sieu_thi,node/5609999106,WinMart+,21.0251458,105.7983034
cho_sieu_thi,node/5609999107,WinMart+,20.9872483,105.8500781
cho_sieu_thi,node/5609999114,Circle K,21.0111154,105.8305996
cho_sieu_thi,node/5609999115,WinMart+,21.0107843,105.8025447
cho_sieu_thi,node/5609999120,WinMart+,20.995768,105.8684824
cho_sieu_thi,node/5609999927,WinMart+,20.9740685,105.8412617
cho_sieu_thi,node/5609999929,WinMart+,21.0636298,105.8954946
cho_sieu_thi,node/5609999931,WinMart+,21.044089,105.8430288
cho_sieu_thi,node/5609999932,WinMart+,21.0687481,105.786552
cho_sieu_thi,node/5609999947,WinMart+,21.0620714,105.8962953
cho_sieu_thi,node/5609999952,WinMart+,21.0431784,105.8220517
cho_sieu_thi,node/5609999960,WinMart+,20.9940542,105.8683539
cho_sieu_thi,node/5609999961,WinMart+,21.0491799,105.7488924
cho_sieu_thi,node/5609999964,WinMart+,21.0449663,105.8741281
cho_sieu_thi,node/5609999979,WinMart+,21.0074851,105.8499971
cho_sieu_thi,node/5609999983,K Mart,21.073807,105.8009323
cho_sieu_thi,node/5609999988,WinMart+,21.0490709,105.8409425
cho_sieu_thi,node/5609999990,WinMart+,20.9784091,105.8427004
cho_sieu_thi,node/5609999993,WinMart+,21.011237,105.8377154
cho_sieu_thi,node/5609999995,WinMart+,20.9744364,105.824725
cho_sieu_thi,node/5609999997,WinMart+,21.0351827,105.8210759
cho_sieu_thi,node/5609999998,WinMart+,21.0009096,105.8454402
cho_sieu_thi,node/5610000004,WinMart+,21.0721567,105.7986089
cho_sieu_thi,node/5610000007,WinMart+,20.9861779,105.8510681
cho_sieu_thi,node/5610000008,WinMart+,20.9776107,105.7836585
cho_sieu_thi,node/5610000020,WinMart+,21.00928,105.7930928
cho_sieu_thi,node/5610000235,WinMart+,21.0314391,105.7745256
cho_sieu_thi,node/5610000241,WinMart+,20.9913515,105.8064234
cho_sieu_thi,node/5610000249,WinMart+,20.9729489,105.9276382
cho_sieu_thi,node/5610000258,WinMart+,20.9952851,105.8542441
cho_sieu_thi,node/5610000265,WinMart+,21.0455271,105.7974384
cho_sieu_thi,node/5610000271,WinMart+,20.9978058,105.8023265
cho_sieu_thi,node/5610000308,WinMart+,21.0387077,105.8710078
cho_sieu_thi,node/5610722821,,21.0340241,105.8499841
cho_sieu_thi,node/5611266121,Siêu thị Thành Công,20.9987006,105.828332
cho_sieu_thi,node/5616318622,WinMart+,21.0345057,105.8296113
cho_sieu_thi,node/5616362521,Cửa Hàng Tiện Lợi Huy Mart,21.0053119,105.8016442
cho_sieu_thi,node/5616868222,WinMart,20.9746026,105.7892184
cho_sieu_thi,node/5618095144,Chợ Chờ,21.1945675,105.9557221
cho_sieu_thi,node/5618765421,Siêu thị Đức Thành,20.9727956,105.75863
cho_sieu_thi,node/5619162221,Siêu thị Mường Thanh,20.9601717,105.7998171
cho_sieu_thi,node/5619165232,Siêu Thị Hapro,21.0226588,105.8157284
cho_sieu_thi,node/5621495822,Siêu Thị Intimex,21.0515919,105.8080023
cho_sieu_thi,node/5627922722,Siêu thị Mega Ngọc Hồi,20.9143597,105.8521478
cho_sieu_thi,node/5628801047,HC,21.3212584,105.5996047
cho_sieu_thi,node/5631579221,WinMart+,20.9940823,105.8693329
cho_sieu_thi,node/5632029722,WinMart,20.9997316,105.8374033
cho_sieu_thi,node/5634016421,Xuân Độ,20.8319961,105.7434619
cho_sieu_thi,node/5634035921,Tú Hải,20.8328452,105.7477506
cho_sieu_thi,node/5634044221,Căng Tin Số 1 TDTT,20.936535,105.7096295
cho_sieu_thi,node/5634047221,Tiến Nhung,20.8307201,105.7533031
cho_sieu_thi,node/5634047222,Căng Tin Tạp Hóa Anh Kết,20.933774,105.7081627
cho_sieu_thi,node/5634067121,Tân Hậu,20.8310014,105.7551294
cho_sieu_thi,node/5634096822,Phương Linh,20.9248956,105.707135
cho_sieu_thi,node/5634358121,Thanh Hương ( Lê Thị Mai Hương ),20.8823411,105.578304
cho_sieu_thi,node/5634358122,WinMart+,20.9839479,105.7786601
cho_sieu_thi,node/5634427721,Cửa Hàng Thanh Miên,20.8994867,105.6989955
cho_sieu_thi,node/5634577121,Phương Lâm ( Lê Thị Dung ),20.813132,105.6447726
cho_sieu_thi,node/5634669121,Thúy Mạnh ( Nguyễn Thị Thúy ),20.8138968,105.6453187
cho_sieu_thi,node/5636374321,WinMart+,21.0264467,105.8931582
cho_sieu_thi,node/5638848622,Unik mart Thuỵ Khuê,21.0432384,105.8229993
cho_sieu_thi,node/5639988476,Co.opmart,20.9825538,105.7902001
cho_sieu_thi,node/5639988477,Tops Market,20.9789425,105.7854355
cho_sieu_thi,node/5641539689,Chợ Phương Lâm,20.8203616,105.3403319
cho_sieu_thi,node/5652822322,WinMart+,21.0489239,105.8457566
cho_sieu_thi,node/5679236105,WinMart+,20.9952833,105.8684916
cho_sieu_thi,node/5680518550,Circle K,21.0233855,105.8060528
cho_sieu_thi,node/5686499421,WinMart+,21.0366148,105.7592887
cho_sieu_thi,node/5686732824,WinMart+,21.0320474,105.7526052
cho_sieu_thi,node/5694009523,WinMart+,21.1627093,105.8495301
cho_sieu_thi,node/5694009524,WinMart+,21.1378796,105.8594595
cho_sieu_thi,node/5694009529,WinMart+,21.0064003,105.8357193
cho_sieu_thi,node/5694054022,WinMart+,21.0541817,105.8090056
cho_sieu_thi,node/5694054023,WinMart+,21.0620416,105.8079758
cho_sieu_thi,node/5694054027,Vin+ 38 Đào Cam Mộc,21.1412624,105.8685287
cho_sieu_thi,node/5694054028,Vin+ Tổ 25 Đ.Anh,21.1708102,105.8443361
cho_sieu_thi,node/5694054122,Vin +19 T22 Đ.Anh,21.1696205,105.8568805
cho_sieu_thi,node/5703805521,WinMart+,21.0632981,105.8608567
cho_sieu_thi,node/5710048627,WinMart+,20.9857746,105.8118142
cho_sieu_thi,node/5710063921,Thịnh Lam,20.7296637,105.7562386
cho_sieu_thi,node/5713823886,Circle K,21.0316803,105.8506699
cho_sieu_thi,node/5724668721,WinMart+,20.9606168,105.8012014
cho_sieu_thi,node/5745157621,,20.7660675,105.7530903
cho_sieu_thi,node/5757756521,Siêu thị Thành Đô 193 Vĩnh Hưng,20.9881788,105.8774569
cho_sieu_thi,node/5757769521,Siêu thị Thành Đô - 285 Lĩnh Nam,20.9840472,105.8744379
cho_sieu_thi,node/5769414953,WinMart+,20.9907839,105.8693903
cho_sieu_thi,node/5769451454,Siêu Thị Intimex,21.0441004,105.87763
cho_sieu_thi,node/5814793053,Brgmart,21.0288967,105.850622
cho_sieu_thi,node/5819514453,WinMart+,20.9834913,105.8665639
cho_sieu_thi,node/5908014489,L’s Place,21.0298041,105.8567249
cho_sieu_thi,node/5918039687,Siêu Thị Hàng Đức,21.0528046,105.834472
cho_sieu_thi,node/5918145085,WinMart+,20.9565554,105.8466685
cho_sieu_thi,node/5920578385,Siêu Thị Unikmart sảnh D,20.9976544,105.8027216
cho_sieu_thi,node/5926449185,WinMart+,21.0482526,105.8865976
cho_sieu_thi,node/6004077187,WinMart+,21.0478157,105.9230991
cho_sieu_thi,node/6014427285,Siêu Thị Hapro,21.0302694,105.8473135
cho_sieu_thi,node/6017147489,,21.0673913,105.822333
cho_sieu_thi,node/6024114885,H Mart,21.0165116,105.8592192
cho_sieu_thi,node/6031199885,Siêu Thị Hapro,21.0013398,105.8613508
cho_sieu_thi,node/6101734566,WinMart+,20.9706781,105.8786782
cho_sieu_thi,node/6120794885,Siêu Thị Hapro,21.1292221,105.7751531
cho_sieu_thi,node/6134580891,Tuấn Hương,20.9820999,105.7882489
cho_sieu_thi,node/6136316985,Sơn Hà,21.0021596,105.8086362
cho_sieu_thi,node/6138494585,Siêu Thị Happy Mart,21.0623263,105.8975194
cho_sieu_thi,node/6138540585,Viet Hung Mart,21.0539382,105.9024828
cho_sieu_thi,node/6138546485,Tiến Mai,21.060872,105.8950174
cho_sieu_thi,node/6141484438,Tuấn Hiên,20.9709793,105.8310925
cho_sieu_thi,node/6144069485,Siêu Thị Lan Chi,20.9815051,105.8303856
cho_sieu_thi,node/6144088285,Vina Mart,20.9822471,105.8328415
cho_sieu_thi,node/6144160285,Siêu Thị Đức Thành,20.9862427,105.8331892
cho_sieu_thi,node/6146643485,V-Mart,20.9636611,105.8313644
cho_sieu_thi,node/6146683685,Siêu thị gia đình,20.9671608,105.8334761
cho_sieu_thi,node/6146706186,Tiện ích Minh Đức,20.9639261,105.826169
cho_sieu_thi,node/6147079886,Tạp hóa Bác Thơm,20.9658893,105.8227762
cho_sieu_thi,node/6148880885,Đại Lý Mr Tuấn,20.9544134,105.8304781
cho_sieu_thi,node/6149016785,Siêu Thị Tiện Lợi Mai Phương,20.9927726,105.8507754
cho_sieu_thi,node/6150765487,H Mart,20.9786193,105.8428829
cho_sieu_thi,node/6150801285,WinMart+,20.9965883,105.8709529
cho_sieu_thi,node/6153029886,K-Mart,20.9807772,105.8496634
cho_sieu_thi,node/6155720287,K Market,21.0323778,105.8506108
cho_sieu_thi,node/6160566286,Nơ 2-Kđt Đồng Tàu,20.9710419,105.8462507
cho_sieu_thi,node/6169690585,Lan Thu Viện Bỏng,20.9639976,105.7939538
cho_sieu_thi,node/6189951213,WinMart+,21.0022642,105.7921951
cho_sieu_thi,node/6202700285,WinMart+,20.9994526,105.8018216
cho_sieu_thi,node/6206888191,AV Food,20.9974193,105.8029066
cho_sieu_thi,node/6215289789,WinMart+,20.9856383,105.8760318
cho_sieu_thi,node/6215313485,WinMart+,21.0500636,105.7992988
cho_sieu_thi,node/6215315685,WinMart+,21.0453524,105.7950599
cho_sieu_thi,node/6223959585,Siêu thị Thành Đô 23 Tả Thanh Oai,20.9543037,105.8099682
cho_sieu_thi,node/6231485886,WinMart+,21.0812339,105.9130531
cho_sieu_thi,node/6235316207,WinMart+,21.0265111,105.8498111
cho_sieu_thi,node/6243854385,WinMart+,20.9967647,105.7941461
cho_sieu_thi,node/6243862587,Unikmart,21.0027355,105.8021921
cho_sieu_thi,node/6243894386,WinMart+,21.000001,105.8046505
cho_sieu_thi,node/6294787286,tạp hóa,20.9909683,105.8012004
cho_sieu_thi,node/6344640485,Circle K,21.0299118,105.8448666
cho_sieu_thi,node/6373396052,Cutepets - Siêu Thị Chó Mèo,20.9791873,105.7800263
cho_sieu_thi,node/6377364391,Cửa Hàng K Plus,21.0250711,105.8494613
cho_sieu_thi,node/6419223349,Thanh Do,21.0029358,105.8654104
cho_sieu_thi,node/6437524885,,21.028295,105.8505197
cho_sieu_thi,node/6449316846,Kho Hàng sieuthitranh.net,21.1206202,105.9675955
cho_sieu_thi,node/6466347086,Circle K,21.034678,105.8524279
cho_sieu_thi,node/6505293886,Circle K,21.0220778,105.8261291
cho_sieu_thi,node/6516239486,WinMart+,20.9796119,105.7480081
cho_sieu_thi,node/6533685988,Circle K,21.009973,105.8056127
cho_sieu_thi,node/6544108215,WinMart+,21.1122306,105.9512676
cho_sieu_thi,node/6545240632,WinMart+,21.1811052,106.0623556
cho_sieu_thi,node/6562730385,WinMart+,21.0294047,105.8351896
cho_sieu_thi,node/6565932786,Circle K,21.0290501,105.7760648
cho_sieu_thi,node/6573674285,Siêu Thị Easy Mart,20.9946631,105.8058362
cho_sieu_thi,node/6597286754,WinMart+,21.0715351,105.8063384
cho_sieu_thi,node/6621648085,K-market Xuân Diệ,21.0662921,105.8264692
cho_sieu_thi,node/6621785885,WinMart,21.0407594,105.8259918
cho_sieu_thi,node/6624573732,WinMart+,21.0589697,105.9071302
cho_sieu_thi,node/6624900019,WinMart+,20.9915203,105.844478
cho_sieu_thi,node/6629416898,Circle K,21.0688634,105.8241226
cho_sieu_thi,node/6630407485,Tops Market,20.9832736,105.8085208
cho_sieu_thi,node/6644607981,WinMart+,21.081308,105.8189512
cho_sieu_thi,node/6648228631,WinMart+,20.9956907,105.7459674
cho_sieu_thi,node/6652529904,Fuji Mart,21.0184193,105.841208
cho_sieu_thi,node/6658038255,WinMart+,21.0223947,105.8626125
cho_sieu_thi,node/6658577897,WinMart,21.0284021,105.7687784
cho_sieu_thi,node/6658873518,WinMart+,21.0004555,105.8506326
cho_sieu_thi,node/6659047609,WinMart+,21.0055964,105.8511002
cho_sieu_thi,node/6661014058,WinMart+,20.9847441,105.8388667
cho_sieu_thi,node/6661635851,WinMart+,21.0042514,105.8394943
cho_sieu_thi,node/6662289411,Circle K,21.0220875,105.848823
cho_sieu_thi,node/6670338797,WinMart+,21.0348776,105.7369038
cho_sieu_thi,node/6670677778,WinMart+,20.9959836,105.7720616
cho_sieu_thi,node/6670733867,WinMart+,21.0429568,105.7520945
cho_sieu_thi,node/6672382904,Circle K,21.0448824,105.7757033
cho_sieu_thi,node/6676669199,WinMart+,21.0266867,105.8416454
cho_sieu_thi,node/6677802684,WinMart+,21.0067141,105.8118528
cho_sieu_thi,node/6677854926,WinMart+,21.0230451,105.8268893
cho_sieu_thi,node/6684445888,WinMart+,20.9986764,105.85238
cho_sieu_thi,node/6684445891,WinMart+,21.0319529,105.7663622
cho_sieu_thi,node/6684445892,WinMart+,21.0147593,105.8096717
cho_sieu_thi,node/6684445894,WinMart+,21.0189515,105.8308253
cho_sieu_thi,node/6684445897,WinMart+,21.0142629,105.7685443
cho_sieu_thi,node/6684445985,WinMart+,21.0350695,105.7607818
cho_sieu_thi,node/6684445987,WinMart+,21.0003698,105.8555393
cho_sieu_thi,node/6684445988,WinMart+,21.0024837,105.8611569
cho_sieu_thi,node/6684445992,WinMart+,21.0008743,105.7831025
cho_sieu_thi,node/6684445993,WinMart+,21.0052896,105.7199113
cho_sieu_thi,node/6684445994,WinMart+,21.0110036,105.7778293
cho_sieu_thi,node/6684445997,WinMart+,21.0258422,105.8345747
cho_sieu_thi,node/6684446000,WinMart+,21.0146469,105.8484359
cho_sieu_thi,node/6684446001,WinMart+,21.0052381,105.7784332
cho_sieu_thi,node/6684446285,WinMart+,21.0214842,105.7598746
cho_sieu_thi,node/6684446286,WinMart+,21.0183375,105.772058
cho_sieu_thi,node/6684446287,WinMart+,21.0099421,105.8304248
cho_sieu_thi,node/6684446387,WinMart+,21.0211181,105.8350312
cho_sieu_thi,node/6684446586,WinMart+,20.9929253,105.7891443
cho_sieu_thi,node/6684446587,WinMart+,21.0053161,105.8254123
cho_sieu_thi,node/6684446589,WinMart+,21.034122,105.7725881
cho_sieu_thi,node/6684446590,WinMart+,21.0062977,105.7695282
cho_sieu_thi,node/6684446592,WinMart+,21.0274478,105.8041618
cho_sieu_thi,node/6684446685,WinMart+,21.0007644,105.7843836
cho_sieu_thi,node/6684446687,WinMart+,21.0029768,105.8344506
cho_sieu_thi,node/6684446689,WinMart+,21.0315679,105.7646272
cho_sieu_thi,node/6684446690,WinMart+,21.0161053,105.7815312
cho_sieu_thi,node/6684446692,WinMart+,21.013769,105.8222805
cho_sieu_thi,node/6684446694,WinMart+,20.9901964,105.7838643
cho_sieu_thi,node/6684446696,WinMart+,20.9983571,105.7214769
cho_sieu_thi,node/6684446886,WinMart+,21.0032156,105.8492201
cho_sieu_thi,node/6684447087,WinMart+,20.9951438,105.7580895
cho_sieu_thi,node/6684448089,WinMart+,21.0050395,105.7281994
cho_sieu_thi,node/6684450185,WinMart+,21.0171805,105.8103331
cho_sieu_thi,node/6685404399,Viet Mark,21.0066433,105.8614475
cho_sieu_thi,node/6685429311,,21.0370876,105.7655417
cho_sieu_thi,node/6685506998,,21.0201039,105.8010869
cho_sieu_thi,node/6685558879,WinMart,21.0143653,105.796293
cho_sieu_thi,node/6687492085,WinMart+,21.0044324,105.8281804
cho_sieu_thi,node/6688293360,Circle K,20.9943485,105.8067668
cho_sieu_thi,node/6689294300,WinMart+,21.0095793,105.8673605
cho_sieu_thi,node/6689704243,Cửa Hàng Tiện Lợi Mimart,21.0192752,105.8326849
cho_sieu_thi,node/6689794098,WinMart+,21.0137224,105.8627625
cho_sieu_thi,node/6691245500,WinMart+,21.0270182,105.822345
cho_sieu_thi,node/6694100185,WinMart+,21.035922,105.7673075
cho_sieu_thi,node/6694192038,K-Market,21.0801628,105.7914132
cho_sieu_thi,node/6694271386,WinMart+,21.0224226,105.7745401
cho_sieu_thi,node/6696155685,WinMart+,20.9903157,105.7254327
cho_sieu_thi,node/6696264985,WinMart+,20.9955626,105.7540947
cho_sieu_thi,node/6696644285,WinMart+,21.0159902,105.8236775
cho_sieu_thi,node/6698303585,WinMart+,21.0276262,105.8299226
cho_sieu_thi,node/6698307385,WinMart+,21.026793,105.8260234
cho_sieu_thi,node/6707840585,WinMart+,21.0150591,105.8070425
cho_sieu_thi,node/6711374886,WinMart+,21.0403575,105.7640633
cho_sieu_thi,node/6714083188,WinMart+,20.9899945,105.7901937
cho_sieu_thi,node/6714375285,WinMart+,20.9952069,105.7794707
cho_sieu_thi,node/6714498188,WinMart+,20.9945111,105.7787346
cho_sieu_thi,node/6714669985,WinMart+,20.992609,105.779152
cho_sieu_thi,node/6715369161,Circle K,21.0126738,105.8326173
cho_sieu_thi,node/6722131885,WinMart+,21.0663916,105.7069929
cho_sieu_thi,node/6725510486,WinMart,20.9702249,105.8781521
cho_sieu_thi,node/6742139187,Tap Hoa Thuy Hien,21.0462522,105.8416986
cho_sieu_thi,node/6751651385,WinMart+,21.0010398,105.8474877
cho_sieu_thi,node/6754857785,WinMart+,21.0289656,105.7662729
cho_sieu_thi,node/6754874485,WinMart+,21.0271965,105.7783953
cho_sieu_thi,node/6755728285,WinMart+,20.9895618,105.7729177
cho_sieu_thi,node/6758450685,WinMart+,21.0085572,105.7299543
cho_sieu_thi,node/6758465385,WinMart+,21.0063247,105.7268414
cho_sieu_thi,node/6758514285,WinMart+,20.9861504,105.7676259
cho_sieu_thi,node/6776142185,WinMart+,21.0090392,105.7214343
cho_sieu_thi,node/6776174785,WinMart+,21.0270396,105.7405392
cho_sieu_thi,node/6776200385,WinMart+,21.0343065,105.7450975
cho_sieu_thi,node/6791833885,WinMart+,21.0372425,105.7639468
cho_sieu_thi,node/6794340541,Siêu Thị Minh Đức Green,20.9706077,105.8296484
cho_sieu_thi,node/6795015291,Siêu Thị Tiện Lợi KT Mart,21.0476134,105.7920778
cho_sieu_thi,node/6797839085,WinMart+,21.0272196,105.8401097
cho_sieu_thi,node/6811944357,Smarttabuy Mart,21.0005166,105.783675
cho_sieu_thi,node/6811944360,K-Market,21.0012178,105.7834359
cho_sieu_thi,node/6813726385,WinMart+,21.0080295,105.7665948
cho_sieu_thi,node/6815241485,Circle K,21.0372921,105.849202
cho_sieu_thi,node/6824611385,,21.0341784,105.8531437
cho_sieu_thi,node/6842624998,Circle K,21.0340009,105.851053
cho_sieu_thi,node/6846177885,,21.0347583,105.845865
cho_sieu_thi,node/6846697886,,21.0339924,105.8527803
cho_sieu_thi,node/6849107785,WinMart+,21.0527078,105.7308978
cho_sieu_thi,node/6849181831,Chợ Xanh Linh Đàm,20.9658478,105.83422
cho_sieu_thi,node/6849247785,,20.9799936,105.8429811
cho_sieu_thi,node/6876699485,WinMart+,21.0884185,105.9031835
cho_sieu_thi,node/6894363885,WinMart+,21.0363825,105.7411408
cho_sieu_thi,node/6917933675,,21.0637936,105.9114894
cho_sieu_thi,node/6917941516,True Mart+,21.0595919,105.9139557
cho_sieu_thi,node/6917941521,WinMart+,21.0640903,105.91096
cho_sieu_thi,node/6917941591,Siêu Thị Hapro,21.0657753,105.9073563
cho_sieu_thi,node/6919550087,WinMart+,21.0041054,105.7427357
cho_sieu_thi,node/6924038647,Sói Biên,21.0627267,105.9109651
cho_sieu_thi,node/6924951786,Circle K,21.0455372,105.8432583
cho_sieu_thi,node/6924951787,Circle K,21.0494975,105.8390897
cho_sieu_thi,node/6939042599,Circle K,21.0299577,105.8491746
cho_sieu_thi,node/6944128985,WinMart+,21.0792745,105.8680876
cho_sieu_thi,node/6952977085,WinMart+,21.0018244,105.7582382
cho_sieu_thi,node/6953131185,WinMart+,21.0165644,105.7394771
cho_sieu_thi,node/6968319585,Siêu Thị Annam Gourmet,21.0639402,105.8280816
cho_sieu_thi,node/6979569185,,21.0033595,105.8163946
cho_sieu_thi,node/6986697627,Circle K,21.0133359,105.8159117
cho_sieu_thi,node/6992010985,BRGMart,21.0388469,105.8514357
cho_sieu_thi,node/7052244687,Circle K,21.0365242,105.8470083
cho_sieu_thi,node/7052260185,Circle K,21.0302322,105.8467011
cho_sieu_thi,node/7055950136,WinMart+,20.985573,105.8291245
cho_sieu_thi,node/7055963989,WinMart+,20.9849138,105.8330094
cho_sieu_thi,node/7055975987,TK mark,20.9891267,105.8080635
cho_sieu_thi,node/7056057519,siêu thị 24h ninja mark,20.982949,105.809927
cho_sieu_thi,node/7056067491,Cửa Hàng Tự Chọn Nga-Nhật-Úc,20.989332,105.8129267
cho_sieu_thi,node/7061733386,,21.032155,105.8125797
cho_sieu_thi,node/7074068386,Siêu Thị Lan Chi,21.0982919,105.4970012
cho_sieu_thi,node/7076699459,WinMart+,21.0287861,105.8457136
cho_sieu_thi,node/7081798885,WinMart+,21.0599697,105.8878182
cho_sieu_thi,node/7094805085,TH MART ĐỘI 3 Lạc Thị,20.92349,105.8346774
cho_sieu_thi,node/7133135768,Circle K,21.0321513,105.852571
cho_sieu_thi,node/7134960186,WinMart,21.0074716,105.801833
cho_sieu_thi,node/7138134061,Tin Tin Au Vietnam Tourist Shop,20.4980698,105.9197658
cho_sieu_thi,node/7146496441,Chợ Ba Hàng,21.4127855,105.8754383
cho_sieu_thi,node/7146496601,Chợ CHÃ,21.3712379,105.9061657
cho_sieu_thi,node/7147892985,WinMart,21.0067651,105.7961018
cho_sieu_thi,node/7147967420,Siêu thị Lan Chi Mart,21.4246076,105.8684766
cho_sieu_thi,node/7147967422,Siêu thị điện máy MediaMart,21.4249172,105.8683907
cho_sieu_thi,node/7148520378,Chợ Thôn Hoành,20.8014384,105.6765966
cho_sieu_thi,node/7159315199,Circle K,21.06626,105.8264003
cho_sieu_thi,node/7160697330,K-Mart,21.0324437,105.8554545
cho_sieu_thi,node/7162751067,Circle K,21.0277902,105.8580026
cho_sieu_thi,node/7168878552,,21.0316512,105.8457848
cho_sieu_thi,node/7176657652,,21.0291663,105.8479207
cho_sieu_thi,node/7176678866,,21.0272997,105.8447231
cho_sieu_thi,node/7178788723,,21.1114707,105.8766965
cho_sieu_thi,node/7178794304,,21.1097898,105.8776953
cho_sieu_thi,node/7178796703,,21.0361546,105.8507661
cho_sieu_thi,node/7178803968,,21.0365437,105.8507473
cho_sieu_thi,node/7178806762,,21.1098019,105.8772089
cho_sieu_thi,node/7178812671,,21.1117177,105.8765973
cho_sieu_thi,node/7180005472,,21.0512242,105.8788127
cho_sieu_thi,node/7180038751,,21.0512505,105.8788788
cho_sieu_thi,node/7180042736,,21.0513153,105.8789982
cho_sieu_thi,node/7180051923,,21.0513877,105.8791267
cho_sieu_thi,node/7180053385,,21.0513508,105.879063
cho_sieu_thi,node/7202554793,,21.032633,105.8530217
cho_sieu_thi,node/7229303135,,20.9013465,105.7179216
cho_sieu_thi,node/7230076587,The Oasis,21.0611067,105.8320611
cho_sieu_thi,node/7365666585,WinMart+,21.0086205,105.7944962
cho_sieu_thi,node/7540706340,Tovi Mart,21.0411449,105.8237941
cho_sieu_thi,node/7657313796,TH Mart Nguyễn Lân,20.9950659,105.8364139
cho_sieu_thi,node/7763514085,AEON MaxValu,20.9533568,105.9389933
cho_sieu_thi,node/7788139069,Siêu thị Tòa nhà Huy Hoàng,20.9927898,105.8079419
cho_sieu_thi,node/7843976764,Circle K,21.0016115,105.8465426
cho_sieu_thi,node/7843976807,Circle K,21.0027113,105.8448554
cho_sieu_thi,node/7848826898,Siêu Thị Lanchi Mart,20.9288418,105.7129633
cho_sieu_thi,node/7860662389,Tạp hóa Minh Đức,20.9486994,105.7036994
cho_sieu_thi,node/7900194381,Shop Giày Thế Thao Huy Sneaker,21.4185706,105.5143181
cho_sieu_thi,node/8140616824,Nhà sách Sư phạm TVHL,21.0280272,105.7386453
cho_sieu_thi,node/8148011917,Vincom Bắc Ninh,21.178488,106.0720107
cho_sieu_thi,node/8185432737,Chợ Trước Cổng Trung Tâm Y Tế,20.9680682,105.7788857
cho_sieu_thi,node/8201928010,TotalEnergies,21.0922205,105.9606164
cho_sieu_thi,node/8204154517,Siêu Thị Hapro,21.0459882,105.870501
cho_sieu_thi,node/8211720692,WinMart+,21.0019191,105.8424356
cho_sieu_thi,node/8213622643,Tạp hóa,21.0011292,105.8426558
cho_sieu_thi,node/8213664340,Tạp hóa,21.0007921,105.842174
cho_sieu_thi,node/8218053070,WinMart+,20.9996047,105.841671
cho_sieu_thi,node/8232981105,WinMart+,21.0312782,105.9151712
cho_sieu_thi,node/8267269060,Mega Market,20.9857415,105.8406422
cho_sieu_thi,node/8282900558,,20.9038065,105.7232177
cho_sieu_thi,node/8334822633,,21.0714041,105.7727685
cho_sieu_thi,node/8336847666,,21.0747604,105.7729693
cho_sieu_thi,node/8348032117,Siêu thị gia đình Thúy tĩnh,21.0838054,105.7780219
cho_sieu_thi,node/8349804708,Circle K,21.0160502,105.8578776
cho_sieu_thi,node/8354756783,,21.0707826,105.7772691
cho_sieu_thi,node/8354997807,,21.0741834,105.7736832
cho_sieu_thi,node/8354997815,Circle K,21.0747408,105.7722023
cho_sieu_thi,node/8356702103,,21.0681574,105.7772475
cho_sieu_thi,node/8359608322,,21.0700638,105.777606
cho_sieu_thi,node/8360335974,Sản Vật Việt Bắc,21.065421,105.7619606
cho_sieu_thi,node/8360966481,WinMart+,21.0810363,105.7849635
cho_sieu_thi,node/8361021993,Siêu thị bếp gas Sinh Viên,21.0536682,105.7344516
cho_sieu_thi,node/8389055279,Tinh Dầu 100,21.003113,105.8622289
cho_sieu_thi,node/8509323922,CHỢ Gia Áo,21.3663178,105.2458803
cho_sieu_thi,node/8577311117,Siêu Thị BRG,21.1383517,105.8567809
cho_sieu_thi,node/8577357417,Siêu Thị BRG,21.1114121,105.8768821
cho_sieu_thi,node/8618217365,Hazu Shop,21.0348579,105.7728934
cho_sieu_thi,node/8656346641,WinMart+,21.0474112,105.7968251
cho_sieu_thi,node/8763403938,Big C,21.1863594,105.7826693
cho_sieu_thi,node/8793721940,Điện máy xanh Phổ Yên,21.4172253,105.8707292
cho_sieu_thi,node/8793754100,Chợ ký túc xá Samsung Thái NGuyên,21.4194994,105.8973186
cho_sieu_thi,node/8819931618,WinMart+,20.9790995,105.8206071
cho_sieu_thi,node/8831932484,Chợ Xanh Văn Quán,20.9742689,105.7914454
cho_sieu_thi,node/8883048016,WinMart+,21.055796,105.8052906
cho_sieu_thi,node/8887233359,,21.0445526,105.7753232
cho_sieu_thi,node/8897049818,Circle K,20.9924391,105.8156902
cho_sieu_thi,node/8900260998,WinMart,21.0791125,105.8137396
cho_sieu_thi,node/8906137304,K-Market,21.0678847,105.8015644
cho_sieu_thi,node/8906146640,WinMart+,21.0684473,105.8023371
cho_sieu_thi,node/8911759234,WinMart+,20.9878691,105.8128848
cho_sieu_thi,node/8929112749,Circle K,20.9988468,105.8203626
cho_sieu_thi,node/8929112750,Circle K,20.9732572,105.8208569
cho_sieu_thi,node/8929710417,K-Market,20.9871963,105.7861003
cho_sieu_thi,node/8936032775,WinMart+,21.01322,105.8007024
cho_sieu_thi,node/8937618771,Circle K,20.9997582,105.8278619
cho_sieu_thi,node/8937676976,Luckin Mart,20.9799249,105.8189905
cho_sieu_thi,node/8938435127,Vitalmart,21.0115909,105.7961933
cho_sieu_thi,node/8940145717,Siêu thị Đức Thành,20.9833531,105.8523693
cho_sieu_thi,node/8940736848,Siêu Thị Tiện Lợi Huy Hùng,20.9394093,106.0415839
cho_sieu_thi,node/8943522451,Circle K,21.0166344,105.8110667
cho_sieu_thi,node/8943684244,WinMart,21.02091,105.8278952
cho_sieu_thi,node/8956733283,AEON MaxValu,20.990925,105.8142339
cho_sieu_thi,node/8961553518,WinMart+,21.1983848,105.8234597
cho_sieu_thi,node/8982736848,Tmart,20.9913639,105.8132939
cho_sieu_thi,node/8984048765,Tmart,20.9865313,105.8140295
cho_sieu_thi,node/8984048766,Circle K,21.0002047,105.8220944
cho_sieu_thi,node/9237323769,WinMart+,21.0312576,105.8888139
cho_sieu_thi,node/9237323772,Chợ Tư Đình,21.0273881,105.8871527
cho_sieu_thi,node/9265542534,WinMart+,21.0271177,105.7734088
cho_sieu_thi,node/9342743556,Siêu thị Lanchi Mart,21.085962,105.6635783
cho_sieu_thi,node/9383075018,L's Place,21.0153211,105.7749992
cho_sieu_thi,node/9383559997,L's Place,21.0358212,105.7829859
cho_sieu_thi,node/9383604425,L's Place,21.073887,105.8013741
cho_sieu_thi,node/9395684499,Hico Trung Tâm Mua Sắm Online Uy Tín,21.0171575,105.8047926
cho_sieu_thi,node/9584173017,WinMart,21.1775877,106.0674417
cho_sieu_thi,node/9584173019,WinMart,21.1676386,106.0644744
cho_sieu_thi,node/9584173020,WinMart,21.1953852,106.0649402
cho_sieu_thi,node/9584173117,WinMart,21.1706917,106.0627031
cho_sieu_thi,node/9584173118,WinMart+,21.1691749,106.0542082
cho_sieu_thi,node/9584173217,WinMart,21.1870919,106.0677958
cho_sieu_thi,node/9584173317,WinMart,21.1785722,106.0612555
cho_sieu_thi,node/9584817367,Siêu Thị K,21.0150675,105.7768155
cho_sieu_thi,node/9587087000,Chợ Xanh Định Công,20.9848352,105.833731
cho_sieu_thi,node/9593560395,K-Market - Splendora,21.0159966,105.7230641
cho_sieu_thi,node/9667846383,Circle K,21.0428338,105.8714907
cho_sieu_thi,node/9699432517,Tran Phu Market,21.0316437,105.8432837
cho_sieu_thi,node/9738862198,AEON MaxValu Linh Đàm,20.9640845,105.8230327
cho_sieu_thi,node/9811836130,WinMart+,21.0091352,105.738362
cho_sieu_thi,node/9811836141,Sakuko Japanese Store,21.0082198,105.7374138
cho_sieu_thi,node/9811836143,Daily Mart,21.0079794,105.7379071
cho_sieu_thi,node/9811836144,Green Mart,21.0047245,105.7398919
cho_sieu_thi,node/9844633824,Chợ Hòa Lạc,21.02722,105.5188858
cho_sieu_thi,node/9976457521,WinMart+,21.0111682,105.8322584
cho_sieu_thi,node/9976457533,Chợ Trung Tự,21.0086201,105.8330627
cho_sieu_thi,node/9976457534,Chợ Nam Đồng,21.0117663,105.8283958
cho_sieu_thi,node/9979214770,,21.0862607,105.3757471
cho_sieu_thi,node/9980248118,GO!,21.0075494,105.793202
cho_sieu_thi,node/10002340409,GO!,21.0508114,105.8932747
cho_sieu_thi,node/10035906583,WinMart,21.0200135,105.7815895
cho_sieu_thi,node/10053861998,WinMart+,21.0434554,105.7815178
cho_sieu_thi,node/10080990017,WinMart+,21.0611895,105.576682
cho_sieu_thi,node/10103203452,L's Place,21.0243493,105.8465325
cho_sieu_thi,node/10134844429,Golden Ring - Russian Food,21.0569134,105.8359634
cho_sieu_thi,node/10166537622,Quán tạp hóa,21.0697305,105.7615789
cho_sieu_thi,node/10211329493,Circle K,21.017914,105.7790565
cho_sieu_thi,node/10211329494,Circle K,21.0168174,105.775364
cho_sieu_thi,node/10223164766,,21.0160616,105.7221254
cho_sieu_thi,node/10229783479,"Máy Photocopy TNT, đại lý máy photo giá rẻ",20.9711523,105.8260919
cho_sieu_thi,node/10248628308,,21.0447347,105.7845872
cho_sieu_thi,node/10248661410,,21.0450951,105.7845237
cho_sieu_thi,node/10248661414,,21.045337,105.7855778
cho_sieu_thi,node/10255177794,Shop 10k Nga Ngố,21.0740589,105.7746032
cho_sieu_thi,node/10255708073,Cửa Hàng Tâm Thu,21.0730713,105.772644
cho_sieu_thi,node/10255708079,Cửa Hàng Rẻ Lắm,21.0717821,105.7729563
cho_sieu_thi,node/10255708085,Circle K,21.0712462,105.7771493
cho_sieu_thi,node/10562128542,Circle K,21.0009138,105.8498253
cho_sieu_thi,node/10621408635,WinMart,21.0233096,105.8094935
cho_sieu_thi,node/10621408645,WinMart,21.0312281,105.815145
cho_sieu_thi,node/10648151771,Trung tâm kính cường lực cũ Phúc Trung Kiên,21.0571467,105.7732403
cho_sieu_thi,node/10651129980,L's Place,21.03532,105.8141712
cho_sieu_thi,node/10653373905,,21.0284379,105.8436493
cho_sieu_thi,node/10694764089,Huyen Trang Minimart,21.0407758,105.8459305
cho_sieu_thi,node/10701214905,WinMart+,21.0329954,105.7876339
cho_sieu_thi,node/10709719739,Hoa lụa nhà trồng,21.0416208,105.8724139
cho_sieu_thi,node/10720585225,Chợ Bách Khoa,21.0016618,105.845399
cho_sieu_thi,node/10749951839,WinMart+,21.0368913,105.8310138
cho_sieu_thi,node/10811135952,Chợ thôn Tri Chỉ,20.7841007,105.8292155
cho_sieu_thi,node/10839011533,,21.028926,105.8506288
cho_sieu_thi,node/10848062757,,21.0481908,105.8096175
cho_sieu_thi,node/10855443205,,20.9248566,105.8876602
cho_sieu_thi,node/10856105374,2T MART,21.0480158,105.810085
cho_sieu_thi,node/10858085458,Chợ Bưởi,21.0481877,105.8066076
cho_sieu_thi,node/10872918341,FujiMart,21.0520038,105.8090924
cho_sieu_thi,node/10875253963,,21.2097111,105.7054132
cho_sieu_thi,node/11017849774,Circle K,21.0115887,105.8506977
cho_sieu_thi,node/11043664005,,20.9779905,105.7733971
cho_sieu_thi,node/11058019888,Chợ Bến,20.6858256,105.6692165
cho_sieu_thi,node/11104405708,Circle K,21.007843,105.7379437
cho_sieu_thi,node/11152625106,Tomibun,21.0213583,105.8548727
cho_sieu_thi,node/11152959981,siêu thị 24/7,21.0722689,105.7732193
cho_sieu_thi,node/11167095102,Träumerei,20.9969089,105.8682758
cho_sieu_thi,node/11167471087,Hà Đăng Mart,21.028823,105.793548
cho_sieu_thi,node/11169202601,Chi Store,21.0647405,105.7819648
cho_sieu_thi,node/11176022918,WinMart+,21.0294303,105.7774193
cho_sieu_thi,node/11178508214,Cửa hàng Vân Dũng,21.045626,105.8025602
cho_sieu_thi,node/11184885837,WinMart+,20.9832509,105.876532
cho_sieu_thi,node/11184892437,WinMart+,20.9821887,105.8789932
cho_sieu_thi,node/11184892438,WinMart+,20.9811247,105.8866662
cho_sieu_thi,node/11184904137,WinMart+,20.9836708,105.8873296
cho_sieu_thi,node/11184915537,WinMart+,20.9877294,105.8885966
cho_sieu_thi,node/11184932737,WinMart+,20.9770184,105.892552
cho_sieu_thi,node/11190954521,Tap Hoa Store,21.0571017,105.7854972
cho_sieu_thi,node/11192207737,WinMart+,20.9858899,105.7984908
cho_sieu_thi,node/11192469437,WinMart+,20.9669211,105.8335285
cho_sieu_thi,node/11195150737,WinMart+,20.9931445,105.8365312
cho_sieu_thi,node/11195216337,WinMart+,20.9912528,105.8396334
cho_sieu_thi,node/11195227237,WinMart+,20.9823082,105.8332705
cho_sieu_thi,node/11195238237,WinMart+,20.9783869,105.8364337
cho_sieu_thi,node/11195257638,WinMart+,20.9721196,105.8287305
cho_sieu_thi,node/11195276437,WinMart+,20.9630292,105.8317381
cho_sieu_thi,node/11198940937,WinMart+,20.9962878,105.8267827
cho_sieu_thi,node/11198943437,WinMart+,20.9973498,105.8235883
cho_sieu_thi,node/11198957537,WinMart+,21.0012289,105.8223052
cho_sieu_thi,node/11198966337,WinMart+,20.9988826,105.8201904
cho_sieu_thi,node/11199002137,WinMart+,20.994132,105.8148679
cho_sieu_thi,node/11201386737,WinMart+,20.9887096,105.8606172
cho_sieu_thi,node/11203999737,WinMart+,20.9766448,105.7760267
cho_sieu_thi,node/11204032538,WinMart+,20.9707535,105.7904226
cho_sieu_thi,node/11204042137,WinMart+,20.9697438,105.785193
cho_sieu_thi,node/11209346437,WinMart+,20.9993605,105.8276927
cho_sieu_thi,node/11209352137,WinMart+,20.9934845,105.8302633
cho_sieu_thi,node/11209386137,WinMart+,20.9895606,105.8304697
cho_sieu_thi,node/11211417537,WinMart+,21.0065803,105.8150887
cho_sieu_thi,node/11211432639,WinMart+,21.0037104,105.8144034
cho_sieu_thi,node/11211915127,WinMart+,21.0127766,105.8323349
cho_sieu_thi,node/11212544437,WinMart+,21.00862,105.833912
cho_sieu_thi,node/11212959359,Circle K,21.0464291,105.7832554
cho_sieu_thi,node/11215223961,,21.04694,105.7843152
cho_sieu_thi,node/11219129637,WinMart+,20.9994829,105.8069846
cho_sieu_thi,node/11222754995,Siêu thị mini Nam Phong,21.0050995,105.8468122
cho_sieu_thi,node/11225257935,Cửa hàng Trang Thuỷ,21.0464126,105.7842859
cho_sieu_thi,node/11226865497,,21.047204,105.7831957
cho_sieu_thi,node/11243880807,WinMart,20.9635026,105.7916407
cho_sieu_thi,node/11243880808,Circle K,20.9628455,105.7948242
cho_sieu_thi,node/11287879899,WinMart+,20.9965084,105.7841751
cho_sieu_thi,node/11302498663,H-Mart,21.0161018,105.8307629
cho_sieu_thi,node/11311110269,WinMart+,20.9589272,105.767173
cho_sieu_thi,node/11311116769,WinMart+,20.9577593,105.7703399
cho_sieu_thi,node/11311128969,WinMart+,20.9641685,105.783043
cho_sieu_thi,node/11311153369,WinMart+,20.9613677,105.7952733
cho_sieu_thi,node/11350267531,Circle K,21.0014664,105.9432461
cho_sieu_thi,node/11350267532,Zmart,21.0011668,105.9438902
cho_sieu_thi,node/11382925969,WinMart+,20.9597029,105.7647563
cho_sieu_thi,node/11382932169,WinMart+,20.9565122,105.7681313
cho_sieu_thi,node/11389436632,Vital Mart,21.0047574,105.7397825
cho_sieu_thi,node/11389436633,Seven Mart,21.0046513,105.7399788
cho_sieu_thi,node/11389436635,WinMart+,21.0062137,105.737985
cho_sieu_thi,node/11389436638,Vital Mart,21.0045345,105.7402779
cho_sieu_thi,node/11400892844,WinMart+,21.031213,105.7774291
cho_sieu_thi,node/11400892845,WinMart+,21.0302567,105.7770361
cho_sieu_thi,node/11400892846,WinMart+,21.0288397,105.7753819
cho_sieu_thi,node/11400892847,WinMart+,21.0325694,105.7710323
cho_sieu_thi,node/11400892848,WinMart+,21.0294832,105.7699526
cho_sieu_thi,node/11402498931,WinMart+,20.9637911,105.8274936
cho_sieu_thi,node/11403532599,WinMart+,21.0206656,105.7782102
cho_sieu_thi,node/11416873269,WinMart+,21.026109,105.832658
cho_sieu_thi,node/11416873270,WinMart+,21.0187082,105.8393586
cho_sieu_thi,node/11419728534,H+ Mart,21.0162855,105.8601194
cho_sieu_thi,node/11419728540,Siêu thị 108,21.0177298,105.8606304
cho_sieu_thi,node/11420299597,WinMart+,21.0188349,105.8045908
cho_sieu_thi,node/11420299599,VitalMart,21.011631,105.7989851
cho_sieu_thi,node/11425024852,WinMart+,21.0124381,105.8170374
cho_sieu_thi,node/11461525804,Organica,21.0255339,105.857578
cho_sieu_thi,node/11465603711,,20.5371906,105.9014499
cho_sieu_thi,node/11482387940,Wefood,21.0125813,105.8497161
cho_sieu_thi,node/11505669838,Quynh's Mart,21.0143286,105.8505747
cho_sieu_thi,node/11506051549,Chợ dân sinh HH,20.9629327,105.8268188
cho_sieu_thi,node/11521920512,WinMart+,21.0379084,105.8106308
cho_sieu_thi,node/11521920519,Circle K,21.0347366,105.81189
cho_sieu_thi,node/11556689533,WinMart+,21.0423756,105.7863191
cho_sieu_thi,node/11558797419,,21.0444531,105.787851
cho_sieu_thi,node/11563394780,,21.0456136,105.7862374
cho_sieu_thi,node/11563431193,,21.0453474,105.7845285
cho_sieu_thi,node/11564316612,,21.0446065,105.7851752
cho_sieu_thi,node/11568935720,Circle K,21.0427834,105.7860913
cho_sieu_thi,node/11569635173,,21.0431993,105.7842442
cho_sieu_thi,node/11586915435,Tân Mart,21.0443164,105.7857365
cho_sieu_thi,node/11617459420,Siêu thị Sinh viên,21.0409025,105.7819984
cho_sieu_thi,node/11617459422,CSS,21.0408634,105.7817609
cho_sieu_thi,node/11617804906,Siêu thị bình dân Nam Phong,21.0409515,105.7841914
cho_sieu_thi,node/11621622837,Circle K,21.0410498,105.7812649
cho_sieu_thi,node/11645056602,Circle K,21.0002335,105.87229
cho_sieu_thi,node/11662355203,WinMart+,21.0358155,105.7866112
cho_sieu_thi,node/11672849003,APG Eco-mart,21.0095423,105.8505773
cho_sieu_thi,node/11672849008,Quân Ánh Minimart,21.0098266,105.8505625
cho_sieu_thi,node/11675985409,,21.038985,105.8467487
cho_sieu_thi,node/11675985411,,21.0387468,105.8467077
cho_sieu_thi,node/11683982770,Shop Huyền Linh,21.0393908,105.8472735
cho_sieu_thi,node/11683982771,,21.0393391,105.8472747
cho_sieu_thi,node/11765598470,,21.0318336,105.8499669
cho_sieu_thi,node/11799743441,Circle K,21.0302317,105.8222723
cho_sieu_thi,node/11799743442,WinMart+,21.030462,105.8221382
cho_sieu_thi,node/11821698442,,21.0165706,105.9533631
cho_sieu_thi,node/11843156369,Circle K,21.0343232,105.8474033
cho_sieu_thi,node/11843405973,Circle K,21.0347338,105.8145078
cho_sieu_thi,node/11847888773,,21.0349486,105.7997505
cho_sieu_thi,node/11886910769,,21.0450045,105.841007
cho_sieu_thi,node/11917415448,WinMart+,20.9625141,105.7640909
cho_sieu_thi,node/11936494469,,20.9671325,105.8187521
cho_sieu_thi,node/11989415196,Chợ Baza,21.0856233,105.9405636
cho_sieu_thi,node/12003570503,Hai Con Chó - Haf Haf,21.293404,105.7847621
cho_sieu_thi,node/12033021597,Hà Đăng Mart,21.0151651,105.7825427
cho_sieu_thi,node/12055522287,WinMart+,21.0103063,105.766887
cho_sieu_thi,node/12060281359,WinMart+,21.0393716,105.8049072
cho_sieu_thi,node/12065665801,WinMart+,21.0126842,105.85827
cho_sieu_thi,node/12065665802,WinMart+,21.0424373,105.8025508
cho_sieu_thi,node/12065665803,WinMart,21.04395,105.8026643
cho_sieu_thi,node/12065665804,WinMart+,20.9934563,105.831634
cho_sieu_thi,node/12068431561,WinMart+,20.9878361,105.8516807
cho_sieu_thi,node/12068431562,WinMart+,20.9920119,105.8426208
cho_sieu_thi,node/12068431563,WinMart+,20.9845322,105.7873018
cho_sieu_thi,node/12072786766,WinMart,21.0360639,105.7597621
cho_sieu_thi,node/12072961918,WinMart,21.0272402,105.7858607
cho_sieu_thi,node/12072961919,WinMart+,21.001621,105.7478258
cho_sieu_thi,node/12072961920,WinMart+,20.9833169,105.8209368
cho_sieu_thi,node/12076471646,WinMart+,21.0347247,105.7779685
cho_sieu_thi,node/12076471647,WinMart+,21.0362261,105.7763731
cho_sieu_thi,node/12076471648,,21.0647193,105.7990585
cho_sieu_thi,node/12076471649,WinMart+,21.0639033,105.7967719
cho_sieu_thi,node/12076471650,WinMart+,21.03768,105.8139085
cho_sieu_thi,node/12076471651,WinMart+,21.074991,105.7884742
cho_sieu_thi,node/12076471652,WinMart+,21.071349,105.7959189
cho_sieu_thi,node/12076471653,WinMart+,21.0637502,105.7948572
cho_sieu_thi,node/12076904471,"Thiện Điện Thoại, Thiện Phụ Kiện",20.986922,105.5357599
cho_sieu_thi,node/12085322102,WinMart+,20.9841648,105.8183597
cho_sieu_thi,node/12085369604,WinMart,21.0006808,105.8036339
cho_sieu_thi,node/12085369605,WinMart+,20.9852229,105.7770062
cho_sieu_thi,node/12085369610,WinMart+,21.0277305,105.7961695
cho_sieu_thi,node/12085369611,WinMart+,21.012756,105.8069535
cho_sieu_thi,node/12085429192,WinMart+,21.0883992,105.7827765
cho_sieu_thi,node/12085505827,WinMart+,21.0928575,105.7777063
cho_sieu_thi,node/12085505828,WinMart+,21.024767,105.7948578
cho_sieu_thi,node/12085505829,WinMart+,21.0513415,105.84122
cho_sieu_thi,node/12085505830,WinMart+,20.9404017,105.8499747
cho_sieu_thi,node/12090162463,Chợ quê Nghiêm Xá,20.8080169,105.8533554
cho_sieu_thi,node/12091397043,WinMart+,20.9971366,105.8033791
cho_sieu_thi,node/12091397055,WinMart+,20.962459,105.7936138
cho_sieu_thi,node/12091397056,WinMart+,20.9498596,105.8083025
cho_sieu_thi,node/12091397057,WinMart+,20.975568,105.7876704
cho_sieu_thi,node/12091424990,WinMart+,20.9889287,105.8650657
cho_sieu_thi,node/12091427881,WinMart+,20.9990915,105.8668668
cho_sieu_thi,node/12095546240,WinMart+,21.0322979,105.7918877
cho_sieu_thi,node/12095546241,WinMart+,21.0417671,105.8472027
cho_sieu_thi,node/12095546242,WinMart+,21.0204383,105.8126308
cho_sieu_thi,node/12095546243,WinMart+,21.0318019,105.8012323
cho_sieu_thi,node/12095546244,WinMart+,21.0716062,105.9040753
cho_sieu_thi,node/12095546245,WinMart+,21.0459055,105.8676518
cho_sieu_thi,node/12098955279,Circle K,21.0104635,105.8501706
cho_sieu_thi,node/12104684989,ShikiMart,21.0161962,105.8512238
cho_sieu_thi,node/12117099748,WinMart+,20.9825591,105.8166583
cho_sieu_thi,node/12117963516,WinMart+,21.0691347,105.8050307
cho_sieu_thi,node/12117963517,WinMart+,20.9574861,105.7638412
cho_sieu_thi,node/12117963518,WinMart+,21.0330226,105.7389789
cho_sieu_thi,node/12117963519,WinMart+,21.0415275,105.7266015
cho_sieu_thi,node/12117964044,WinMart+,21.0326726,105.7641021
cho_sieu_thi,node/12117964045,WinMart+,21.0000588,105.7996366
cho_sieu_thi,node/12117964070,WinMart,21.0740473,105.7009532
cho_sieu_thi,node/12118006230,WinMart+,21.0157566,105.8119848
cho_sieu_thi,node/12118006231,WinMart+,20.9904183,105.8176043
cho_sieu_thi,node/12118006232,WinMart+,20.9913859,105.8139845
cho_sieu_thi,node/12118006233,WinMart+,20.9834559,105.8143474
cho_sieu_thi,node/12118006234,WinMart+,20.9791093,105.8158356
cho_sieu_thi,node/12118006235,WinMart,21.0034959,105.8550689
cho_sieu_thi,node/12118006236,WinMart+,20.9934437,105.8621648
cho_sieu_thi,node/12118006237,WinMart+,20.9789455,105.8863593
cho_sieu_thi,node/12118006238,WinMart+,20.9824994,105.8819225
cho_sieu_thi,node/12118006239,WinMart+,21.0407452,105.7604059
cho_sieu_thi,node/12118006240,WinMart+,21.0498965,105.7773402
cho_sieu_thi,node/12118006241,WinMart+,21.0511935,105.7777131
cho_sieu_thi,node/12118006242,WinMart+,20.9336267,105.7916121
cho_sieu_thi,node/12118006243,WinMart+,20.9362555,105.7862463
cho_sieu_thi,node/12135061837,WinMart+,20.9510628,105.7920534
cho_sieu_thi,node/12135061838,WinMart+,20.8544287,105.7675614
cho_sieu_thi,node/12135061839,WinMart+,20.9235032,105.8429113
cho_sieu_thi,node/12135061840,WinMart+,21.0176873,105.7908308
cho_sieu_thi,node/12135061841,WinMart+,21.0265654,105.7978462
cho_sieu_thi,node/12135061842,WinMart+,21.0557209,105.8833464
cho_sieu_thi,node/12135061843,WinMart+,21.0514791,105.7924641
cho_sieu_thi,node/12135063348,WinMart+,21.0216621,105.7920811
cho_sieu_thi,node/12135063349,WinMart+,21.001327,105.8757167
cho_sieu_thi,node/12135063350,WinMart+,20.9196304,105.7588005
cho_sieu_thi,node/12135138930,WinMart+,20.9096811,105.7607809
cho_sieu_thi,node/12135138932,WinMart+,20.9208266,105.7796743
cho_sieu_thi,node/12142320543,WinMart+,21.0731723,105.7286564
cho_sieu_thi,node/12142320544,WinMart+,20.9638859,105.7625424
cho_sieu_thi,node/12142320545,WinMart+,20.9840776,105.7577507
cho_sieu_thi,node/12142320546,WinMart+,20.981104,105.7525906
cho_sieu_thi,node/12142320547,WinMart+,21.0399315,105.9062604
cho_sieu_thi,node/12142320548,WinMart+,21.0153163,105.8572215
cho_sieu_thi,node/12142320549,WinMart+,20.9530032,105.7573201
cho_sieu_thi,node/12142320550,WinMart+,21.0113053,105.8292805
cho_sieu_thi,node/12142320551,WinMart+,20.9529636,105.8338016
cho_sieu_thi,node/12142320562,WinMart+,20.9379728,105.8526424
cho_sieu_thi,node/12143537378,WinMart+,20.9911803,105.7556225
cho_sieu_thi,node/12146357715,WinMart+,21.0857688,105.8131152
cho_sieu_thi,node/12152916235,WinMart+,20.9913505,105.7957217
cho_sieu_thi,node/12152916236,WinMart+,20.9917682,105.7394382
cho_sieu_thi,node/12152916237,WinMart+,20.9892723,105.7218332
cho_sieu_thi,node/12152916238,WinMart+,20.9817317,105.6849965
cho_sieu_thi,node/12152916239,WinMart+,20.9876923,105.7993478
cho_sieu_thi,node/12157248801,7-Eleven,21.0314326,105.85428
cho_sieu_thi,node/12161473572,WinMart+,21.0270398,105.8320122
cho_sieu_thi,node/12161473573,WinMart+,21.0332379,105.7938025
cho_sieu_thi,node/12161473574,WinMart+,20.9981224,105.7953306
cho_sieu_thi,node/12161473575,WinMart+,21.0561896,105.9128329
cho_sieu_thi,node/12161473576,WinMart+,21.0105291,105.9091097
cho_sieu_thi,node/12161473577,WinMart+,21.042206,105.8191221
cho_sieu_thi,node/12161473578,WinMart+,20.9376222,105.765622
cho_sieu_thi,node/12161473579,WinMart+,20.9878136,105.7847252
cho_sieu_thi,node/12161473580,WinMart+,21.0343404,105.7833396
cho_sieu_thi,node/12161473581,WinMart+,21.0347999,105.7848593
cho_sieu_thi,node/12163138631,Circle K,21.0063302,105.8356604
cho_sieu_thi,node/12173037177,WinMart+,21.0502491,105.7421228
cho_sieu_thi,node/12173037178,WinMart+,21.0478769,105.7455148
cho_sieu_thi,node/12173037179,WinMart+,21.080088,105.7098201
cho_sieu_thi,node/12173037180,WinMart+,21.0832684,105.7136631
cho_sieu_thi,node/12173037181,WinMart,21.0836226,105.6724653
cho_sieu_thi,node/12173037195,WinMart+,21.0093979,105.8119053
cho_sieu_thi,node/12173037196,WinMart+,21.0415071,105.7884817
cho_sieu_thi,node/12173037197,WinMart+,21.0137936,105.8544379
cho_sieu_thi,node/12173037198,WinMart+,21.1132051,105.7891025
cho_sieu_thi,node/12173037199,WinMart+,21.1096747,105.7895001
cho_sieu_thi,node/12177717116,Chợ Mễ Trì,21.0103485,105.7788194
cho_sieu_thi,node/12177747378,WinMart+,21.0011228,105.859495
cho_sieu_thi,node/12177747379,WinMart+,20.9868711,105.7919659
cho_sieu_thi,node/12177747381,WinMart+,21.0011459,105.7387146
cho_sieu_thi,node/12177747382,WinMart+,21.050615,105.7854051
cho_sieu_thi,node/12177747399,WinMart+,21.0700274,105.7915139
cho_sieu_thi,node/12177747400,WinMart+,21.025465,105.8069556
cho_sieu_thi,node/12177775901,WinMart+,21.0172363,105.8530152
cho_sieu_thi,node/12189519268,WinMart+,21.0865643,105.8143429
cho_sieu_thi,node/12189519269,WinMart+,21.0476203,105.7634008
cho_sieu_thi,node/12189519276,WinMart+,20.9825432,105.8499375
cho_sieu_thi,node/12189519277,WinMart+,20.9563817,105.7953538
cho_sieu_thi,node/12189519278,WinMart+,20.9599646,105.7876146
cho_sieu_thi,node/12189519279,WinMart+,21.0224158,105.7719095
cho_sieu_thi,node/12189519280,WinMart+,20.968855,105.7605125
cho_sieu_thi,node/12203541495,WinMart+,20.9806805,105.8072241
cho_sieu_thi,node/12212544802,Circle K,21.0229524,105.8013425
cho_sieu_thi,node/12213204994,Tiệm Nhà Hiền CN Đồng Văn Xanh,20.6416124,105.9085245
cho_sieu_thi,node/12213546990,WinMart+,20.9966132,105.8050345
cho_sieu_thi,node/12213546991,WinMart+,21.0063346,105.8070353
cho_sieu_thi,node/12213546992,WinMart,21.0077764,105.821519
cho_sieu_thi,node/12213546993,WinMart+,21.00852,105.7375995
cho_sieu_thi,node/12213546994,WinMart+,20.9507249,105.7494567
cho_sieu_thi,node/12213546995,WinMart+,20.966583,105.7591886
cho_sieu_thi,node/12213546996,WinMart+,20.964113,105.7498612
cho_sieu_thi,node/12213546997,WinMart+,20.9742369,105.7454049
cho_sieu_thi,node/12213546998,WinMart+,20.9292022,105.7841684
cho_sieu_thi,node/12213546999,WinMart+,20.9561594,105.8480862
cho_sieu_thi,node/12213547000,WinMart+,21.0069939,105.8036432
cho_sieu_thi,node/12223952714,WinMart+,21.032543,105.8420006
cho_sieu_thi,node/12223952715,WinMart+,21.0295759,105.7948175
cho_sieu_thi,node/12223952716,WinMart+,20.9890701,105.8434826
cho_sieu_thi,node/12223952717,WinMart+,21.0074786,105.7807368
cho_sieu_thi,node/12223952718,WinMart+,21.0368746,105.7333495
cho_sieu_thi,node/12228968664,Siêu thị B11 Kim Liên,21.0075497,105.83513
cho_sieu_thi,node/12235748990,WinMart+,21.036658,105.8057582
cho_sieu_thi,node/12235748991,WinMart+,21.0109946,105.7685323
cho_sieu_thi,node/12240739572,Tops Market,20.9657517,105.7563084
cho_sieu_thi,node/12245717825,WinMart+,20.9951993,105.943568
cho_sieu_thi,node/12245717826,WinMart+,21.0280058,105.8610954
cho_sieu_thi,node/12252610131,Fuji Mart,21.0433213,105.818248
cho_sieu_thi,node/12273284734,,21.0359957,105.8008082
cho_sieu_thi,node/12277048846,Youth Market,21.0174777,105.7832399
cho_sieu_thi,node/12277048848,K-Market,21.0183484,105.7840355
cho_sieu_thi,node/12277048852,K-Market,21.0168081,105.7844497
cho_sieu_thi,node/12287492374,Lotte Mart,21.076605,105.8129155
cho_sieu_thi,node/12311603578,WinMart,21.1783237,106.072464
cho_sieu_thi,node/12337468820,WinMart+,21.0027275,105.814724
cho_sieu_thi,node/12337468821,WinMart+,21.0032257,105.8156369
cho_sieu_thi,node/12343370769,K-MARKET,21.1751187,106.0656239
cho_sieu_thi,node/12343370777,Circle K,21.1803395,106.0659102
cho_sieu_thi,node/12343370778,Circle K,21.18162,106.0668861
cho_sieu_thi,node/12343370798,Circle K,21.1877203,106.0675109
cho_sieu_thi,node/12372330758,K-Market,21.009303,105.7740509
cho_sieu_thi,node/12378781694,WinMart,21.0640797,105.8279935
cho_sieu_thi,node/12388640280,AEON MaxValu,20.9545348,105.9318572
cho_sieu_thi,node/12388640283,AEON MaxValu,20.9505741,105.933709
cho_sieu_thi,node/12388640284,Circle K,20.949824,105.9345113
cho_sieu_thi,node/12388640285,WinMart+,20.9479844,105.9364272
cho_sieu_thi,node/12400961277,WinMart+,21.0156129,105.7878309
cho_sieu_thi,node/12400961278,WinMart+,20.941449,105.7567706
cho_sieu_thi,node/12400961279,WinMart+,20.9360315,105.7575497
cho_sieu_thi,node/12400961280,WinMart+,20.9329447,105.8307778
cho_sieu_thi,node/12404847590,WinMart+,20.9495543,105.7417364
cho_sieu_thi,node/12404847591,WinMart+,21.0197127,105.6101633
cho_sieu_thi,node/12404847592,WinMart+,21.0230977,105.9166068
cho_sieu_thi,node/12404847593,WinMart+,21.0380462,105.8011228
cho_sieu_thi,node/12404847594,WinMart+,20.9867959,105.8055049
cho_sieu_thi,node/12408559884,WinMart+,21.0413748,105.8447974
cho_sieu_thi,node/12408559885,WinMart+,21.0352111,105.7911135
cho_sieu_thi,node/12429529285,WinMart+,20.9880596,105.7961943
cho_sieu_thi,node/12429529286,WinMart+,21.0246516,105.7100492
cho_sieu_thi,node/12429901334,WinMart+,21.0239824,105.8791552
cho_sieu_thi,node/12429901335,WinMart+,20.96125,105.7401823
cho_sieu_thi,node/12429901336,WinMart+,21.04503,105.7916557
cho_sieu_thi,node/12429901337,WinMart+,21.0880486,105.660446
cho_sieu_thi,node/12429901338,WinMart+,21.0521396,105.7585013
cho_sieu_thi,node/12429901339,WinMart+,21.0505332,105.7539341
cho_sieu_thi,node/12429901340,WinMart+,21.051143,105.7939003
cho_sieu_thi,node/12441698547,WinMart+,21.0679087,105.7788541
cho_sieu_thi,node/12441698548,WinMart+,21.0527187,105.7388583
cho_sieu_thi,node/12441698549,WinMart+,21.0742732,105.7772759
cho_sieu_thi,node/12450532001,WinMart+,20.980266,105.7953352
cho_sieu_thi,node/12450532002,WinMart+,21.0136449,105.8036854
cho_sieu_thi,node/12450532003,WinMart+,20.9948977,105.8048627
cho_sieu_thi,node/12450532004,WinMart+,20.9743236,105.7634736
cho_sieu_thi,node/12450532005,WinMart+,20.9733092,105.7608338
cho_sieu_thi,node/12458996397,WinMart+,20.9680686,105.7966873
cho_sieu_thi,node/12458996398,WinMart+,20.9961355,105.8694829
cho_sieu_thi,node/12458996399,WinMart+,20.9923482,105.8078771
cho_sieu_thi,node/12458996400,WinMart+,21.0766458,105.9355025
cho_sieu_thi,node/12459025801,WinMart+,20.9950474,105.8632082
cho_sieu_thi,node/12459025802,WinMart+,21.0247773,105.8987657
cho_sieu_thi,node/12459025803,WinMart+,21.0405182,105.8199994
cho_sieu_thi,node/12472982370,WinMart+,20.9960523,105.7404825
cho_sieu_thi,node/12472982371,WinMart+,21.0591206,105.7810767
cho_sieu_thi,node/12472982372,WinMart+,20.9723758,105.7636881
cho_sieu_thi,node/12473015238,WinMart+,20.9640151,105.7941272
cho_sieu_thi,node/12473015239,WinMart+,21.0569226,105.7840192
cho_sieu_thi,node/12473015240,WinMart+,20.9966562,105.8545024
cho_sieu_thi,node/12473015241,WinMart+,20.9653907,105.7265066
cho_sieu_thi,node/12473015242,WinMart+,20.9570442,105.7342153
cho_sieu_thi,node/12473015243,WinMart+,21.0784891,105.8746221
cho_sieu_thi,node/12473015244,WinMart,21.0780299,105.8747613
cho_sieu_thi,node/12473015245,WinMart+,21.0786533,105.9407748
cho_sieu_thi,node/12473015246,WinMart+,20.9726381,105.8383133
cho_sieu_thi,node/12492354166,,21.0309555,105.8048744
cho_sieu_thi,node/12495525430,,21.0303823,105.805713
cho_sieu_thi,node/12495569960,,21.0302124,105.8063417
cho_sieu_thi,node/12496055428,WinMart+,21.0214472,105.829726
cho_sieu_thi,node/12496055429,WinMart+,20.9538099,105.7724681
cho_sieu_thi,node/12496055430,WinMart+,20.9890394,105.8324792
cho_sieu_thi,node/12496055431,WinMart+,20.9678793,105.8450244
cho_sieu_thi,node/12496055432,WinMart+,20.9945398,105.8175887
cho_sieu_thi,node/12496055433,WinMart+,20.9510045,105.8531583
cho_sieu_thi,node/12511798974,WinMart+,21.0019585,105.7924567
cho_sieu_thi,node/12511798975,WinMart+,21.0858921,105.7892759
cho_sieu_thi,node/12511798976,WinMart+,21.0197651,105.9074322
cho_sieu_thi,node/12511798977,WinMart+,21.046392,105.9171152
cho_sieu_thi,node/12511798978,WinMart+,21.0367053,105.79799
cho_sieu_thi,node/12511798979,WinMart,21.0195364,105.8226869
cho_sieu_thi,node/12513716139,WinMart+,21.0159514,105.7970621
cho_sieu_thi,node/12517627523,WinMart+,20.9450042,105.7233946
cho_sieu_thi,node/12517627524,WinMart+,20.9221249,105.7021696
cho_sieu_thi,node/12517627525,WinMart+,20.916807,105.7017753
cho_sieu_thi,node/12517627526,WinMart+,20.963484,105.8450677
cho_sieu_thi,node/12517627527,WinMart+,20.9757361,105.8212666
cho_sieu_thi,node/12518451307,Circle K,21.0184515,105.7877967
cho_sieu_thi,node/12525718490,WinMart+,20.9596913,105.8444889
cho_sieu_thi,node/12525718491,WinMart+,21.0822149,105.9399548
cho_sieu_thi,node/12525718492,WinMart+,21.097017,105.9287387
cho_sieu_thi,node/12525718493,WinMart+,20.9912815,105.9395468
cho_sieu_thi,node/12525718494,WinMart+,20.9835318,105.9541757
cho_sieu_thi,node/12525718495,WinMart+,20.9818345,105.9766281
cho_sieu_thi,node/12525718496,WinMart+,20.9831751,105.9816802
cho_sieu_thi,node/12531197755,WinMart+,21.0423257,105.7744069
cho_sieu_thi,node/12531208037,WinMart+,20.9705081,105.8319066
cho_sieu_thi,node/12531208038,WinMart+,20.9925936,105.8007857
cho_sieu_thi,node/12531208039,WinMart+,21.0672181,105.7983938
cho_sieu_thi,node/12531953455,Circle K,21.0302508,105.8472633
cho_sieu_thi,node/12535607273,WinMart+,21.1229633,105.7444626
cho_sieu_thi,node/12548844704,,20.9138717,105.3940459
cho_sieu_thi,node/12549262758,FujiMart,21.0055645,105.8219659
cho_sieu_thi,node/12553297662,WinMart+,21.1365565,105.9119472
cho_sieu_thi,node/12553297663,WinMart+,21.1001047,105.8858631
cho_sieu_thi,node/12553297664,WinMart+,21.1028654,105.8650608
cho_sieu_thi,node/12553297665,WinMart+,20.9609727,105.9197435
cho_sieu_thi,node/12553297666,WinMart+,20.9681916,105.922741
cho_sieu_thi,node/12557973501,,21.0579485,105.8381238
cho_sieu_thi,node/12559038099,WinMart+,21.0024744,105.8022476
cho_sieu_thi,node/12568555418,WinMart+,21.052079,105.7797926
cho_sieu_thi,node/12568555419,WinMart+,20.972851,105.7561111
cho_sieu_thi,node/12568555420,WinMart+,20.9759428,105.8688215
cho_sieu_thi,node/12568555421,WinMart+,20.9801409,105.8505086
cho_sieu_thi,node/12568555422,WinMart+,20.9856132,105.8579966
cho_sieu_thi,node/12568555423,WinMart+,21.0206938,105.8168251
cho_sieu_thi,node/12570970072,Văn Khấn Cúng,20.9644845,105.8344162
cho_sieu_thi,node/12574396164,WinMart+,21.068096,105.9097239
cho_sieu_thi,node/12574396165,WinMart+,20.9295613,105.788983
cho_sieu_thi,node/12574396166,WinMart+,20.998907,105.8659897
cho_sieu_thi,node/12574396167,WinMart+,21.035909,105.7736554
cho_sieu_thi,node/12582315255,WinMart+,21.0343866,105.7648865
cho_sieu_thi,node/12582315256,WinMart+,20.9905037,105.8728365
cho_sieu_thi,node/12582315257,WinMart+,21.0306264,105.8592404
cho_sieu_thi,node/12582315258,WinMart+,21.0320691,105.8443012
cho_sieu_thi,node/12598615292,WinMart+,21.1282433,105.7962667
cho_sieu_thi,node/12598615293,WinMart+,21.1490172,105.8152607
cho_sieu_thi,node/12606257714,WinMart+,21.0178756,105.7741709
cho_sieu_thi,node/12606257715,WinMart+,21.0354758,105.7665769
cho_sieu_thi,node/12606257716,WinMart+,21.0207111,105.8375258
cho_sieu_thi,node/12612905927,WinMart+,21.0001781,105.8141164
cho_sieu_thi,node/12612905928,WinMart+,21.0258355,105.8842966
cho_sieu_thi,node/12612905929,WinMart+,20.9824556,105.7424468
cho_sieu_thi,node/12615812934,WinMart+,21.1384793,106.0135002
cho_sieu_thi,node/12615849727,WinMart+,21.1730718,106.0534841
cho_sieu_thi,node/12615849728,WinMart+,21.1570097,106.036282
cho_sieu_thi,node/12615849729,WinMart+,21.1246855,105.9712575
cho_sieu_thi,node/12615849730,WinMart+,20.9692543,105.7920657
cho_sieu_thi,node/12626005614,WinMart+,21.0434817,105.8757458
cho_sieu_thi,node/12626039550,WinMart+,21.1148089,105.830707
cho_sieu_thi,node/12627820212,WinMart+,20.9604083,105.7404698
cho_sieu_thi,node/12627900445,WinMart+,20.9859941,105.9307993
cho_sieu_thi,node/12627900446,WinMart+,21.0630252,105.8676263
cho_sieu_thi,node/12627900447,WinMart+,21.0349146,105.8478529
cho_sieu_thi,node/12629848755,WinMart+,21.0625102,105.829924
cho_sieu_thi,node/12629848756,WinMart+,20.990378,105.8335859
cho_sieu_thi,node/12629848757,WinMart+,21.0112734,105.8566009
cho_sieu_thi,node/12629848758,WinMart+,21.082296,105.9474947
cho_sieu_thi,node/12630421581,WinMart+,21.1479686,105.7588111
cho_sieu_thi,node/12630421582,WinMart+,21.1527291,105.7596872
cho_sieu_thi,node/12630421583,WinMart+,20.9910391,105.8789807
cho_sieu_thi,node/12630421584,WinMart+,21.0715005,105.773261
cho_sieu_thi,node/12636144731,WinMart+,20.9969989,105.9146968
cho_sieu_thi,node/12636144732,WinMart+,20.9462847,105.9297661
cho_sieu_thi,node/12636144733,WinMart+,20.921599,105.9311284
cho_sieu_thi,node/12638763624,WinMart+,21.0658786,105.8014662
cho_sieu_thi,node/12638763625,WinMart+,20.9957673,105.8644061
cho_sieu_thi,node/12638763626,WinMart+,20.9670017,105.8704372
cho_sieu_thi,node/12645462063,WinMart+,20.967457,105.9555727
cho_sieu_thi,node/12645462064,WinMart+,21.0363232,105.8029111
cho_sieu_thi,node/12647533451,WinMart+,20.9758497,105.7626138
cho_sieu_thi,node/12647533452,WinMart+,21.0875065,105.7869856
cho_sieu_thi,node/12649458228,tạp hóa bà thanh,20.8666049,106.0239557
cho_sieu_thi,node/12652598276,WinMart+,21.0686043,105.7879773
cho_sieu_thi,node/12652598277,WinMart+,21.0239291,105.8307102
cho_sieu_thi,node/12652598278,WinMart+,21.0215558,105.8326207
cho_sieu_thi,node/12652598279,WinMart+,21.0491873,105.7791421
cho_sieu_thi,node/12655188403,Circle K,21.0609519,105.8324811
cho_sieu_thi,node/12661989425,WinMart+,21.0600742,105.8638134
cho_sieu_thi,node/12662091655,GS25,21.0347966,105.8273132
cho_sieu_thi,node/12662091657,GS25,21.0023187,105.7941205
cho_sieu_thi,node/12662091658,GS25,21.0343935,105.7955186
cho_sieu_thi,node/12662091659,GS25,21.0318137,105.8538172
cho_sieu_thi,node/12672907317,GS25,21.008689,105.8380821
cho_sieu_thi,node/12672907318,GS25,21.0343307,105.7948602
cho_sieu_thi,node/12675467167,WinMart+,21.003838,105.8660856
cho_sieu_thi,node/12678232091,WinMart+,20.9761092,105.7609007
cho_sieu_thi,node/12686186926,WinMart+,21.0118831,105.7852305
cho_sieu_thi,node/12694230826,WinMart+,21.0229208,105.8150563
cho_sieu_thi,node/12694230827,WinMart+,20.9845078,105.8877896
cho_sieu_thi,node/12701567721,WinMart+,20.9729754,105.8390652
cho_sieu_thi,node/12712425237,WinMart+,21.0536688,105.7879569
cho_sieu_thi,node/12712425238,WinMart+,21.0317574,105.7554027
cho_sieu_thi,node/12712425239,WinMart+,21.0474725,105.7345487
cho_sieu_thi,node/12712425240,WinMart+,20.9540498,105.7387217
cho_sieu_thi,node/12712425241,WinMart+,21.0418374,105.9039057
cho_sieu_thi,node/12717381058,Chợ Định,21.1144527,105.6627411
cho_sieu_thi,node/12730284225,WinMart+,20.9230172,105.8579469
cho_sieu_thi,node/12730284226,WinMart+,20.9210769,105.8630493
cho_sieu_thi,node/12732409301,WinMart+,20.5403214,105.9149816
cho_sieu_thi,node/12732424129,WinMart+,20.940984,105.8461022
cho_sieu_thi,node/12732424130,WinMart+,20.9448285,105.7556497
cho_sieu_thi,node/12732429901,,20.6997969,105.9108001
cho_sieu_thi,node/12743935768,WinMart+,21.0481715,105.8090211
cho_sieu_thi,node/12743935769,WinMart+,21.0343859,105.8159851
cho_sieu_thi,node/12743935770,WinMart+,21.0387506,105.8216559
cho_sieu_thi,node/12743975818,Circle K,21.0337698,105.8171421
cho_sieu_thi,node/12750043015,WinMart+,20.9961477,105.9441819
cho_sieu_thi,node/12750043016,WinMart+,20.9579859,105.9993056
cho_sieu_thi,node/12757792515,WinMart,21.0656732,105.8069288
cho_sieu_thi,node/12757792516,WinMart+,21.0184135,105.7984276
cho_sieu_thi,node/12757792517,WinMart+,21.0611191,105.7223143
cho_sieu_thi,node/12757792519,WinMart+,20.9571569,105.806948
cho_sieu_thi,node/12764557129,Siêu thị Cát Tường,21.1672063,106.0534379
cho_sieu_thi,node/12768849543,WinMart+,20.9311417,105.8481642
cho_sieu_thi,node/12768849544,WinMart+,21.0259922,105.9920355
cho_sieu_thi,node/12768849546,WinMart+,20.9955246,105.7845384
cho_sieu_thi,node/12769479487,WinMart,21.175648,106.0774517
cho_sieu_thi,node/12769662336,Chợ Phú Diễn,21.0520228,105.7581687
cho_sieu_thi,node/12769681330,Chợ Canh,21.0343959,105.7418874
cho_sieu_thi,node/12770225333,WinMart+,21.202714,105.8488749
cho_sieu_thi,node/12770225334,WinMart+,21.2494026,105.848507
cho_sieu_thi,node/12770225335,WinMart+,21.2225967,105.8490652
cho_sieu_thi,node/12770225336,WinMart+,21.0759761,105.6950051
cho_sieu_thi,node/12770399267,WinMart+,21.1934141,106.0502612
cho_sieu_thi,node/12770399283,WinMart+,21.1787702,106.0568817
cho_sieu_thi,node/12770399287,WinMart+,21.1769088,106.0651659
cho_sieu_thi,node/12770399288,WinMart+,21.1801411,106.0689575
cho_sieu_thi,node/12770399289,WinMart+,21.1901473,106.0712672
cho_sieu_thi,node/12770399292,WinMart+,21.1652227,106.0584794
cho_sieu_thi,node/12772571672,WinMart+,21.0423045,105.9274467
cho_sieu_thi,node/12772571673,WinMart+,21.0313331,105.7855444
cho_sieu_thi,node/12776474312,WinMart+,21.0199128,105.7914011
cho_sieu_thi,node/12782266276,WinMart+,20.9905198,105.940924
cho_sieu_thi,node/12786308915,WinMart+,21.0332899,105.9185159
cho_sieu_thi,node/12787464309,WinMart+,20.9764726,105.7893228
cho_sieu_thi,node/12791049122,WinMart+,21.0102777,105.7218514
cho_sieu_thi,node/12811072432,Điện máy Bick Bosch,21.1702601,105.6753808
cho_sieu_thi,node/12811762684,WinMart+,20.9906833,105.9427322
cho_sieu_thi,node/12814113704,Chợ Cốm Mễ Trì Hạ,21.0136877,105.7801751
cho_sieu_thi,node/12817228254,WinMart+,20.9331206,105.85117
cho_sieu_thi,node/12817228255,WinMart+,20.9320516,105.8504128
cho_sieu_thi,node/12820361878,WinMart+,21.0513769,105.8105127
cho_sieu_thi,node/12825297378,WinMart+,20.9865928,105.8607743
cho_sieu_thi,node/12827765825,WinMart+,21.0913833,105.732636
cho_sieu_thi,node/12829686367,WinMart,21.0111335,105.8633466
cho_sieu_thi,node/12829686368,WinMart+,20.999891,105.8007106
cho_sieu_thi,node/12830544368,WinMart+,20.9995038,105.7399344
cho_sieu_thi,node/12836153386,WinMart+,20.9796004,105.7747296
cho_sieu_thi,node/12840294430,WinMart+,21.0011447,105.9439429
cho_sieu_thi,node/12840330523,AEON MaxValu,21.0364155,105.8168794
cho_sieu_thi,node/12841085665,WinMart+,20.9616436,105.7933913
cho_sieu_thi,node/12842343751,GS25,20.98319,105.7887354
cho_sieu_thi,node/12843468536,AEON MaxValu,21.0183057,105.7879846
cho_sieu_thi,node/12849188328,Circle K,21.1724583,106.0559063
cho_sieu_thi,node/12849205261,WinMart+,21.006507,105.7958819
cho_sieu_thi,node/12849205262,WinMart+,21.031905,105.7602894
cho_sieu_thi,node/12857874390,AEON MaxValu,21.00299,105.7932648
cho_sieu_thi,node/12857891405,GS25,20.992513,105.8682364
cho_sieu_thi,node/12862494160,WinMart+,21.0537846,105.877153
cho_sieu_thi,node/12863854992,AEON MaxValu,21.063478,105.7949624
cho_sieu_thi,node/12871235926,Chợ Gốc si,20.9406226,106.0047713
cho_sieu_thi,node/12873425443,WinMart+,20.9893015,105.7981327
cho_sieu_thi,node/12875600093,WinMart+,20.977636,105.8496083
cho_sieu_thi,node/12879038825,WinMart+,21.0354616,105.818212
cho_sieu_thi,node/12881099656,WinMart+,21.008018,105.9367165
cho_sieu_thi,node/12886968360,WinMart+,21.0472607,105.7043023
cho_sieu_thi,node/12902415738,WinMart,21.167377,106.0483601
cho_sieu_thi,node/12914880832,WinMart+,20.925928,105.855683
cho_sieu_thi,node/12914880833,WinMart+,20.9683984,105.7863411
cho_sieu_thi,node/12914997411,WinMart,20.9725969,105.777435
cho_sieu_thi,node/12921157660,AEON MaxValu,20.9932694,105.9442984
cho_sieu_thi,node/12944187281,WinMart+,20.9820477,105.8705681
cho_sieu_thi,node/12948680154,GS25,21.0188705,105.8239577
cho_sieu_thi,node/12951149129,WinMart+,21.0646276,105.8081019
cho_sieu_thi,node/12952184052,WinMart,21.1879722,106.0758808
cho_sieu_thi,node/12953406017,WinMart+,21.0309364,105.7611207
cho_sieu_thi,node/12953932362,GS25,21.0344034,105.8542808
cho_sieu_thi,node/12955585420,WinMart+,21.0030129,105.7353956
cho_sieu_thi,node/12959655432,WinMart+,20.9237996,105.8347315
cho_sieu_thi,node/12961235285,WinMart+,21.0473683,105.8770516
cho_sieu_thi,node/12963754179,WinMart+,21.0030776,105.9458265
cho_sieu_thi,node/12963754180,WinMart+,21.0185107,105.7948119
cho_sieu_thi,node/12973056102,GS25,20.9923199,105.8699567
cho_sieu_thi,node/12973991420,WinMart+,20.9966548,105.821904
cho_sieu_thi,node/12974210672,WinMart+,21.1089767,105.9546028
cho_sieu_thi,node/12980196296,Chợ Vân Canh,21.034708,105.7373662
cho_sieu_thi,node/12982946456,WinMart+,21.1591272,106.0675524
cho_sieu_thi,node/12989995628,WinMart+,21.1227871,105.9220229
cho_sieu_thi,node/12992560855,WinMart+,20.9460584,105.9403964
cho_sieu_thi,node/12995557127,Chợ Mỗ Lao,20.9801728,105.7827636
cho_sieu_thi,node/12995965456,WinMart+,20.9293715,105.8527336
cho_sieu_thi,node/12995965457,WinMart+,21.0863565,105.7596966
cho_sieu_thi,node/13001010160,WinMart+,21.0177798,105.9113726
cho_sieu_thi,node/13001010161,WinMart+,20.9895972,105.866702
cho_sieu_thi,node/13004410377,WinMart+,21.0717025,105.9003779
cho_sieu_thi,node/13004410378,WinMart+,20.9301126,105.7847485
cho_sieu_thi,node/13004589541,WinMart+,21.1648423,106.0358305
cho_sieu_thi,node/13005500902,Tạp hóa Thanh Bình,21.0743293,105.8886191
cho_sieu_thi,node/13006583946,WinMart+,20.9887063,105.8012158
cho_sieu_thi,node/13006583947,WinMart+,20.9950775,105.8458993
cho_sieu_thi,node/13011215725,WinMart+,21.1547365,105.8508314
cho_sieu_thi,node/13016596753,WinMart+,21.1390844,106.0555874
cho_sieu_thi,node/13018730408,GS25,20.9732412,105.7575753
cho_sieu_thi,node/13021102403,WinMart+,21.0420269,105.9050652
cho_sieu_thi,node/13028489233,WinMart+,21.1429629,106.0198617
cho_sieu_thi,node/13038657789,chợ Sở Đông,20.9323889,105.9518538
cho_sieu_thi,node/13039550750,WinMart+,21.0612952,105.8794992
cho_sieu_thi,node/13039561899,Circle K,21.0275748,105.8422178
cho_sieu_thi,node/13041428467,WinMart+,21.0363401,105.9329907
cho_sieu_thi,node/13041428469,WinMart+,21.0400462,105.9280938
cho_sieu_thi,node/13050281991,WinMart+,20.9656525,105.7662344
cho_sieu_thi,node/13061448240,WinMart+,20.9921191,105.8662926
cho_sieu_thi,node/13065529393,WinMart+,20.9846086,105.8229629
cho_sieu_thi,node/13075964865,WinMart+,20.9687104,105.8800786
cho_sieu_thi,node/13111302714,Rèm Màn Chăn ga gối đệm Quyền Lan,21.1114033,105.5390884
cho_sieu_thi,node/13111789680,WinMart+,20.9633902,105.8261734
cho_sieu_thi,node/13118882901,WinMart+,21.0833703,105.7847462
cho_sieu_thi,node/13138826725,Siêu Thị Điện Máy Thọ Thảo,20.9925464,106.0714331
cho_sieu_thi,node/13139375864,Cơ Sở Đúng Đồng Thủ Công Mỹ Nghệ Hoàng Hương,20.9919001,106.0743222
cho_sieu_thi,node/13139375866,Đúc Đồng Kiên Thoan,20.9919352,106.0742755
cho_sieu_thi,node/13139677534,Đồ Đồng Mỹ Nghệ Dũng Thư,20.9916439,106.0748104
cho_sieu_thi,node/13139680657,Cơ Sở Đúc Đồng Hữu Bắc,20.9917384,106.0746315
cho_sieu_thi,node/13140083210,Cơ Sở Đúc Đồng Truyền Thống Thiện Thủy,20.9906255,106.0770218
cho_sieu_thi,node/13142094157,WinMart+,20.9623445,105.8644825
cho_sieu_thi,node/13155788992,K-Market,21.1728996,106.0622513
cho_sieu_thi,node/13197034196,Chợ Nghĩa Trụ,20.9557048,105.9889774
cho_sieu_thi,node/13227087109,WinMart+,21.0375574,105.8480985
cho_sieu_thi,node/13227379529,GS25,20.9696955,105.792017
cho_sieu_thi,node/13230939183,Chợ đầu mối thủy hải sản đêm khu phố Nguyễn Giáo - phường Đồng Nguyên,21.1226782,105.9652309
cho_sieu_thi,node/13230939196,WinMart+,21.1220939,105.9663204
cho_sieu_thi,node/13238906601,,21.0116782,105.8477414
cho_sieu_thi,node/13240102801,,21.0322095,105.8321394
cho_sieu_thi,node/13264299131,Quán tạp hóa cô Giám,21.1722052,106.0758743
cho_sieu_thi,node/13264406091,WinMart+,21.0041225,105.7359468
cho_sieu_thi,node/13264733254,GS25,21.0049689,105.7941881
cho_sieu_thi,node/13264733256,K-market,21.0043439,105.7938811
cho_sieu_thi,node/13264767786,K-Market,21.0060745,105.7952346
cho_sieu_thi,node/13266374730,WinMart+,21.0098844,105.78148
cho_sieu_thi,node/13271495392,P'mart,21.0040975,105.7945462
cho_sieu_thi,node/13282510683,WinMart+,21.0320478,105.6042422
cho_sieu_thi,node/13283267578,WinMart+,21.141507,105.9371078
cho_sieu_thi,node/13284330530,NC Mart,21.215338,105.8040001
cho_sieu_thi,node/13284616889,Chợ xã Nghĩa Trụ,20.9422669,105.9578643
cho_sieu_thi,node/13305893404,WinMart+,20.9468411,105.7561297
cho_sieu_thi,node/13307444966,GS25,21.0461322,105.841484
cho_sieu_thi,node/13307645682,WinMart+,21.0473047,105.7224293
cho_sieu_thi,node/13307645683,WinMart+,21.0468523,105.6757204
cho_sieu_thi,node/13307645687,WinMart+,21.0570807,105.6401252
cho_sieu_thi,node/13313754817,,21.0038447,105.7794357
cho_sieu_thi,node/13323645205,GS25,20.9955114,105.7789946
cho_sieu_thi,node/13323664905,Chợ cóc Nguyễn An Ninh,20.991089,105.8452366
cho_sieu_thi,node/13325635551,,20.952546,105.9521927
cho_sieu_thi,node/13330611449,WinMart+,20.9663906,105.7755047
cho_sieu_thi,node/13336702955,Chợ Trương Định,20.9846479,105.8467458
cho_sieu_thi,node/13340116815,Brgmart,21.0302632,105.8499739
cho_sieu_thi,node/13383368814,WinMart+,21.0563986,105.7780003
cho_sieu_thi,node/13384656201,Whole Mart,21.026056,105.8579911
cho_sieu_thi,node/13385607860,WinMart+,21.0742883,105.6978723
cho_sieu_thi,node/13388606715,,20.9415003,105.9767915
cho_sieu_thi,node/13390974894,WinMart+,21.1758452,106.060363
cho_sieu_thi,node/13392138849,Vinamilk,21.0348629,105.7375836
cho_sieu_thi,node/13394449399,Aeon MaxValu Express,20.9960996,105.7403347
cho_sieu_thi,node/13394456792,WinMart+,20.9727586,105.784353
cho_sieu_thi,node/13396647446,GS25,20.9992444,105.7983497
cho_sieu_thi,node/13397140320,WinMart+,21.0374967,105.7655026
cho_sieu_thi,node/13403695108,WinMart+,21.0098211,105.8056782
cho_sieu_thi,node/13404016747,WinMart+,20.9627626,105.745564
cho_sieu_thi,node/13412701101,Nhật Tân,21.0808559,105.8190341
cho_sieu_thi,node/13415466966,WinMart+,21.1487858,105.8593837
cho_sieu_thi,node/13415501309,WinMart+,21.1663292,105.8662415
cho_sieu_thi,node/13415731290,Chợ Minh Phương,21.3290423,105.3717797
cho_sieu_thi,node/13415760107,Cho phiên xanh,21.037372,105.8260703
cho_sieu_thi,node/13423302813,Aeon MaxValu Express,20.9628266,105.7757119
cho_sieu_thi,node/13432624272,Okono,21.188233,106.0770672
cho_sieu_thi,node/13434543128,,20.6899788,105.7497513
cho_sieu_thi,node/13435525191,WinMart+,21.0484232,105.794639
cho_sieu_thi,node/13437915835,LoveMini,21.1806848,106.0656654
cho_sieu_thi,node/13439142476,WinMart+,21.0566526,105.7055938
cho_sieu_thi,node/13442693830,WinMart+,21.0191415,105.9373578
cho_sieu_thi,node/13442699216,Cửa hàng tự chọn Sơn Thủy,21.1757883,106.0764568
cho_sieu_thi,node/13442699217,Tạp hóa Ngọc Minh,21.1757325,106.0763534
cho_sieu_thi,node/13446145530,WinMart+,20.9972775,105.8826895
cho_sieu_thi,node/13449358141,Vstyl.vn,20.9497992,105.981278
cho_sieu_thi,node/13449384382,WinMart+,21.0149416,105.6977603
cho_sieu_thi,node/13449384383,Chợ Quỳnh Đô,20.9358446,105.8379739
cho_sieu_thi,node/13449384384,WinMart+,20.9332267,105.8361274
cho_sieu_thi,node/13459658479,Chợ Tứ Liên,21.0658566,105.8309185
cho_sieu_thi,node/13464169251,Chợ tạm Thanh Hà,20.928016,105.7894126
cho_sieu_thi,node/13465461670,WinMart+,20.9199761,105.6991967
cho_sieu_thi,node/13470445250,Sedona MiniMart,21.0661957,105.8263138
cho_sieu_thi,node/13476619167,WinMart+,20.9862641,105.7782505
cho_sieu_thi,node/13479465410,WinMart+,20.9488816,105.8536438
cho_sieu_thi,node/13506804182,Siêu thị Huy Hùng,21.2033021,105.9521072
cho_sieu_thi,node/13512377137,Pan Pan Food - BN 小胖妹超市,21.1774592,106.0748907
cho_sieu_thi,node/13514448402,Meat Farm,21.1749598,106.0653624
cho_sieu_thi,node/13526721428,WinMart+,20.9961311,105.739857
cho_sieu_thi,node/13539494729,WinMart+,20.9756622,105.7481457
cho_sieu_thi,node/13540835998,Chợ Như Quỳnh,20.9822488,105.9822717
cho_sieu_thi,node/13545216763,WinMart+,21.0454312,105.7213565
cho_sieu_thi,node/13545216765,WinMart+,21.0917327,105.6314176
cho_sieu_thi,node/13545216766,WinMart+,21.1328411,105.6192362
cho_sieu_thi,node/13551354602,Winmart,21.1992238,105.8487899
cho_sieu_thi,node/13551355201,Winmart,21.198437,105.8389424
cho_sieu_thi,node/13569316626,T-Mart,20.9843731,105.8334152
cho_sieu_thi,node/13584225201,Winmart,21.0436413,105.8448079
cho_sieu_thi,node/13584783501,WinMart+,21.1566174,105.2841439
cho_sieu_thi,node/13588724492,Cửa hàng thực phẩm an toàn Bảo Việt,21.1779216,106.0617798
cho_sieu_thi,node/13588724493,4T Mart,21.1781235,106.0619327
cho_sieu_thi,node/13595661101,FujiMart,20.9986499,105.8116902
cho_sieu_thi,node/13605453001,7 eleven,21.0255668,105.8517878
cho_sieu_thi,node/13605664957,WinMart+,20.954992,105.7448125
cho_sieu_thi,node/13606957701,Siêu Thị Tuấn Trang,21.0043779,105.8085251
cho_sieu_thi,node/13607659619,WinMart+,21.0166279,105.7480523
cho_sieu_thi,node/13608815001,,21.0300909,105.8437
cho_sieu_thi,node/13609333902,,21.0271388,105.8387462
cho_sieu_thi,node/13611797605,,21.4016222,105.6205019
cho_sieu_thi,node/13611817802,,21.3144419,105.5969845
cho_sieu_thi,node/13611824501,Winmart+,21.3089252,105.5967099
cho_sieu_thi,node/13617920701,Cửa Hàng Tạp Hóa Hồng Dũng,21.0039646,105.8092554
cho_sieu_thi,node/13619632502,,21.0559116,105.8771995
cho_sieu_thi,node/13619633601,,21.0525581,105.878029
cho_sieu_thi,node/13619648701,,21.0546322,105.8791101
cho_sieu_thi,node/13619649101,,21.0534287,105.8791568
cho_sieu_thi,node/13619843601,,21.0522894,105.8776693
cho_sieu_thi,node/13626916105,WinMart+,21.0071028,105.7370522
cho_sieu_thi,node/13629196851,Công ty Nguyễn Gia,21.0381113,105.7317821
cho_sieu_thi,node/13631246006,Circle k,21.0491624,105.8834173
cho_sieu_thi,node/13631246206,Romi mart,21.0479642,105.8801543
cho_sieu_thi,node/13632874206,,21.2004778,105.8469957
cho_sieu_thi,node/13632874208,,21.1992239,105.8265916
cho_sieu_thi,node/13632874303,,21.0815432,105.9049984
cho_sieu_thi,node/13632874309,,21.2033664,105.8269014
cho_sieu_thi,node/13632874401,Winmart,21.045804,105.8755247
cho_sieu_thi,node/13632874409,,21.2019174,105.8268402
cho_sieu_thi,node/13633580201,Tata,21.1982118,105.8366593
cho_sieu_thi,node/13633580601,Winmart,21.1980681,105.8320632
cho_sieu_thi,node/13640055903,Winmart,21.30665,105.60153
cho_sieu_thi,node/13640055906,,21.3978261,105.6192056
cho_sieu_thi,node/13640059001,,21.385841,105.63391
cho_sieu_thi,node/13640117265,Chợ Báu,20.9385117,106.002463
cho_sieu_thi,node/13641489901,GS25,21.0189228,105.7995556
cho_sieu_thi,node/13648760218,Chợ Truyền Thống,21.3088949,105.3903222
cho_sieu_thi,node/13649041201,Lamson Mart 10K,21.0178044,105.7987583
cho_sieu_thi,node/13652938001,Circle K,21.0170457,105.7992257
cho_sieu_thi,node/13659353166,Cửa hàng tiện lợi K&V Mart,21.1684991,106.0542067
cho_sieu_thi,node/13661706797,WinMart+,20.9877104,105.8640261
cho_sieu_thi,node/13664952954,WinMart+,21.1275553,105.7760177
cho_sieu_thi,node/13665214827,Tạp hóa Tháp Toản,20.9867813,106.0376866
cho_sieu_thi,node/13667086896,WinMart+,21.0439233,105.8781116
cho_sieu_thi,node/13680891732,WinMart+,20.9959711,105.8235865
cho_sieu_thi,node/13684825472,WinMart+,20.9928161,105.9408533
cho_sieu_thi,node/13686490294,Circle K,21.0155198,105.809184
cho_sieu_thi,node/13686504538,WinMart+,21.0314905,105.8296324
cho_sieu_thi,node/13686519063,Circle K,21.0204418,105.8091819
cho_sieu_thi,node/13686533450,WinMart+,21.0331375,105.8462225
cho_sieu_thi,node/13688584882,Goldmart,21.0167971,105.8361707
cho_sieu_thi,node/13688607535,Brgmart,21.0187504,105.8337212
cho_sieu_thi,node/13690021936,WinMart+,20.9526641,105.8520574
cho_sieu_thi,node/13705950179,Cửa hàng Phúc Sơn,21.1671819,106.0640236
cho_sieu_thi,node/13712858876,Chợ đồ cũ hồ Đền Lừ,20.9847142,105.8567309
cho_sieu_thi,node/13713784573,WinMart+,21.0511421,105.6771575
cho_sieu_thi,node/13719090626,,21.0431366,105.8348872
cho_sieu_thi,node/13812144487,,21.0394429,105.8509023
cho_sieu_thi,node/13814740988,Trung tâm thương mại quốc tế điện tử Việt Trung,21.1813224,106.0693631
cho_sieu_thi,node/13830113909,WinMart+,21.0327346,105.7354992
cho_sieu_thi,node/13830113910,WinMart+,21.0645525,105.6999208
cho_sieu_thi,node/13830113911,WinMart+,21.0200779,105.7378654
cho_sieu_thi,node/13835168706,WinMart+,21.0850648,105.7851909
cho_sieu_thi,node/13853083741,Chợ quê Tam Chúc,20.5535068,105.793924
cho_sieu_thi,node/13857732527,WinMart+,20.9994224,105.6591816
cho_sieu_thi,node/13888717611,GS25,21.0256007,105.7913154
cho_sieu_thi,node/13898953317,Chợ Lòng Thuyền,20.981276,105.8818189
cho_sieu_thi,node/13900175364,FujiMart,20.9972925,105.7395155
cho_sieu_thi,node/13903334384,WinMart+,21.0353079,105.8755149
cho_sieu_thi,node/13916784573,Chợ đêm Lĩnh Nam,20.9839814,105.8742897
cho_sieu_thi,node/13917548002,FujiMart,21.0194726,105.8237535
cho_sieu_thi,node/13951360670,WinMart+,21.1728225,106.0564549
cho_sieu_thi,node/13954055928,Cửa hàng tự chọn,21.1815645,106.0668084
cho_sieu_thi,node/13999463186,Cửa hàng Ánh Tuyết,21.1854731,106.0716499
cho_sieu_thi,node/13999463188,Cửa hàng Hải Phượng,21.1853921,106.0715331
cho_sieu_thi,node/14004358517,Công ty Cổ phần Xây dựng và Công Nghệ Bình Định,21.1806623,105.4454328
cho_sieu_thi,node/14005747112,Chợ cá Yên Sở,20.9643683,105.864097
cho_sieu_thi,node/14022165222,7-Eleven,21.0307691,105.782227
cho_sieu_thi,node/14047685988,WinMart+,21.0643479,105.7436793
cho_sieu_thi,node/14051802295,WinMart+,21.0440114,105.9001714
cho_sieu_thi,node/14053757001,WinMart+,21.0187543,105.78861
cho_sieu_thi,node/14058428179,Lotte Mart,21.0323151,105.812833
cho_sieu_thi,node/14058938889,Cửa hàng tiện lợi,21.184195,106.067293
cho_sieu_thi,node/14072223285,Showroom Hoàng Giáp Lê Trọng Tấn,20.9768626,105.7401517
cho_sieu_thi,node/14076711422,WinMart+,21.1211756,105.6465157
cho_sieu_thi,node/14087055601,Circle K,20.983403,105.8459011
cho_sieu_thi,node/14096758348,WinMart+,21.0159972,105.8008833
cho_sieu_thi,node/14097397343,GL Mart,21.1911797,106.0732449
cho_sieu_thi,node/14102369501,Circle K Nguyễn Đổng Chi,21.0356231,105.7638277
cho_sieu_thi,node/14102378801,Tmart,21.0355305,105.7641593
cho_sieu_thi,node/14106942949,Nước tương Bà Chúc,20.9102713,105.9307552
cho_sieu_thi,node/14110185457,WinMart+,21.0298465,105.7718976
cho_sieu_thi,node/14110185458,WinMart+,21.0386847,105.8535638
cho_sieu_thi,way/28847036,Chợ Hàng Da,21.0314567,105.8463475
cho_sieu_thi,way/243115931,Chợ Cái,20.9581434,105.9998101
cho_sieu_thi,way/244102704,,21.0364197,105.8266546
cho_sieu_thi,way/244377898,Chợ Bún,20.9853782,105.9288916
cho_sieu_thi,way/251612236,Chợ Bằng A,20.9611682,105.821799
cho_sieu_thi,way/291706206,WinMart,21.0468146,105.7964721
cho_sieu_thi,way/301441357,Chợ Vĩnh Yên,21.3090026,105.5987098
cho_sieu_thi,way/344262457,Chợ đầu mối phía Nam,20.9827283,105.8622346
cho_sieu_thi,way/457932534,Hapro Thanh Xuân,20.9908724,105.8015612
cho_sieu_thi,way/479832688,Viglacera Community Market,21.0170588,105.9456344
cho_sieu_thi,way/480696609,Chợ Đọ,21.1764188,106.0607721
cho_sieu_thi,way/480696757,Chợ Nhớn,21.1802282,106.0640951
cho_sieu_thi,way/487142233,Chợ Vẽ,21.0913579,105.7782495
cho_sieu_thi,way/503329943,,21.0784834,105.7850883
cho_sieu_thi,way/568394248,Chợ Gia Thụy,21.0517615,105.8875135
cho_sieu_thi,way/570571437,Chợ Hợp Nhất,21.0207714,105.7911515
cho_sieu_thi,way/570572174,WinMart,20.9963876,105.8444399
cho_sieu_thi,way/570587788,Chợ Đồng Xa,21.0427159,105.7744891
cho_sieu_thi,way/573038806,Chợ Phú Gia,21.0855009,105.8105261
cho_sieu_thi,way/576742681,Chợ Từ Sơn,21.1167611,105.9612733
cho_sieu_thi,way/579331958,Dabaco Mart,21.1731568,106.0647476
cho_sieu_thi,way/633559431,Chợi Lịm,20.7328191,105.913993
cho_sieu_thi,way/645296158,Chợ Sơn Đồng,21.0476717,105.7035727
cho_sieu_thi,way/646860252,Chợ Phù Khê Thượng,21.1467514,105.9320416
cho_sieu_thi,way/647253455,Chợ Mai Động,21.1542366,105.9450916
cho_sieu_thi,way/647396968,Chợ Viềng,21.1289171,105.980146
cho_sieu_thi,way/650440567,Chợ Yên Duyên,20.9675631,105.8710239
cho_sieu_thi,way/659860833,Chợ Vân,21.0867681,105.919518
cho_sieu_thi,way/659915520,Chợ Nành,21.0788666,105.9475208
cho_sieu_thi,way/660703617,Chợ Lã Côi,21.0975157,105.9201939
cho_sieu_thi,way/660703679,Chợ Dốc Lã,21.0960443,105.9289634
cho_sieu_thi,way/660703726,Chợ Đầu Mối Quy Mông,21.098461,105.931252
cho_sieu_thi,way/661138415,Chợ Yên Thường,21.0985124,105.9175627
cho_sieu_thi,way/661161579,Chợ Me,21.1550983,105.9286885
cho_sieu_thi,way/661161636,Chợ Đa Hội,21.1224102,105.9204199
cho_sieu_thi,way/661451818,,21.0962282,105.9835169
cho_sieu_thi,way/675940105,Chợ Ngõ Chùa,20.9449178,105.873711
cho_sieu_thi,way/685172229,Chợ mới Yên Lã,21.1153481,105.9726116
cho_sieu_thi,way/685175181,Siêu Thị điện máy Anh Đức,21.1187216,105.9754443
cho_sieu_thi,way/697005490,Chợ Hòa Đình,21.1717827,106.0524626
cho_sieu_thi,way/698273221,Chợ Cống Vị,21.037261,105.8144196
cho_sieu_thi,way/699065704,Chợ Cổ Nhuế,21.0607478,105.7809068
cho_sieu_thi,way/699218395,Chợ Thôn Trù,21.0656934,105.7798463
cho_sieu_thi,way/699218397,,21.0657055,105.7798403
cho_sieu_thi,way/699905182,Chợ Tam Đa,21.0430985,105.8189366
cho_sieu_thi,way/700627459,Chợ Cầu Đông,21.0379258,105.8503815
cho_sieu_thi,way/700671941,Chợ Châu Long,21.0439455,105.8418833
cho_sieu_thi,way/702456227,Chợ Ngô Sĩ Liên,21.0270923,105.8392143
cho_sieu_thi,way/704159180,Chợ Gia Lâm,21.0469542,105.8754879
cho_sieu_thi,way/704159193,Chợ Ngọc Lâm,21.0435767,105.8649236
cho_sieu_thi,way/704250708,Chợ Bồ Đề,21.0338268,105.8701895
cho_sieu_thi,way/704292524,Chợ Ngọc Thuỵ,21.0556313,105.867257
cho_sieu_thi,way/704292579,Chợ Gia Quất,21.0536735,105.8784702
cho_sieu_thi,way/709289367,Đồng Tâm Mart,21.0019479,105.8425582
cho_sieu_thi,way/747941662,Chợ Phúc Yên,21.2394703,105.7044753
cho_sieu_thi,way/755113658,"Chợ Xanh, Định Công",20.9848281,105.8338254
cho_sieu_thi,way/755377951,Chợ Kim Giang,20.9827126,105.8151671
cho_sieu_thi,way/762785874,Chợ Kênh Đào,20.7541757,105.6978241
cho_sieu_thi,way/766661866,Chợ Hồng Sơn,20.7278841,105.7068825
cho_sieu_thi,way/766661970,Chợ Lai,20.7263232,105.7286668
cho_sieu_thi,way/766662002,Chợ Xuy Xá,20.7212325,105.7341358
cho_sieu_thi,way/768420549,Chợ Hương Sơn,20.613771,105.786491
cho_sieu_thi,way/768696755,Chợ Tế Tiêu,20.6851423,105.7414878
cho_sieu_thi,way/769918654,Chợ Văn Phú,20.8469095,105.6293384
cho_sieu_thi,way/792416732,Chợ Phượng,20.9489781,105.7060491
cho_sieu_thi,way/840803809,Chợ Ngã Tư Sở,21.0026637,105.8183919
cho_sieu_thi,way/840867180,Chợ Kim Liên,21.0060492,105.8355452
cho_sieu_thi,way/842611509,Chợ Cống,20.9236833,105.6912836
cho_sieu_thi,way/856836407,Chợ Đồng Trúc,20.9966163,105.5729977
cho_sieu_thi,way/858242836,BRG Mart,21.0074827,105.8333111
cho_sieu_thi,way/880260998,Chợ Nghĩa Tân,21.0451778,105.7942037
cho_sieu_thi,way/885744701,Chợ Thượng Đình,20.9982371,105.8122776
cho_sieu_thi,way/888367936,Chợ Khương Thượng,21.0055499,105.8313907
cho_sieu_thi,way/892577254,WinMart,21.003404,105.8162266
cho_sieu_thi,way/897568869,Chợ,21.0809554,105.7728812
cho_sieu_thi,way/899221486,Siêu thị AEON,21.0280364,105.8981925
cho_sieu_thi,way/899388714,Chợ Quỳnh Mai,20.9991155,105.8612738
cho_sieu_thi,way/899395271,,21.0671922,105.7768756
cho_sieu_thi,way/901510761,,21.0740265,105.776289
cho_sieu_thi,way/904135117,Tôm Mart,21.0129038,105.8324625
cho_sieu_thi,way/904428687,Chợ quê Đền Hùng,21.367073,105.314087
cho_sieu_thi,way/908992994,Siêu thị điện máy HC,21.028944,105.9188806
cho_sieu_thi,way/916528072,Chợ Vân Đình,20.7259057,105.7721922
cho_sieu_thi,way/921987261,Chợ Nghệ,21.1372462,105.5063075
cho_sieu_thi,way/930229621,Chợ Long Biên,21.0414282,105.8510404
cho_sieu_thi,way/939812622,Chợ Hà Đông,20.9698536,105.7797034
cho_sieu_thi,way/943911446,Chợ Thái Hà,21.0139879,105.8227268
cho_sieu_thi,way/954362675,MM Mega Market Hoàng Mai,20.9695151,105.8660782
cho_sieu_thi,way/957452577,Chợ Kim Giang,20.9838997,105.8144684
cho_sieu_thi,way/964410891,Chợ Vũ Ninh,21.1894894,106.0763508
cho_sieu_thi,way/965816709,Chợ Trung Hoà,21.0113926,105.7986059
cho_sieu_thi,way/965945328,Chợ Trung Kính,21.0132259,105.7992969
cho_sieu_thi,way/966146652,Vitalmart,21.0115878,105.7962031
cho_sieu_thi,way/966677780,WinMart,21.0157889,105.8081843
cho_sieu_thi,way/967022598,Chợ làng Miêu Nha,21.0156765,105.7377647
cho_sieu_thi,way/974940948,Chợ Hiến Nam,20.664424,106.0607745
cho_sieu_thi,way/978607746,Chợ Đầu,20.6801671,106.0786442
cho_sieu_thi,way/998685061,Chợ Ngàng,20.7425402,106.0609315
cho_sieu_thi,way/1002473836,Chợ Dốc Lã,20.7049423,106.0550714
cho_sieu_thi,way/1003540406,MM Mega Market Thăng Long,21.0543675,105.7801036
cho_sieu_thi,way/1009721987,,20.9007712,105.7175372
cho_sieu_thi,way/1010822773,,20.9191335,105.7030128
cho_sieu_thi,way/1010822774,,20.9189587,105.7029027
cho_sieu_thi,way/1010822775,,20.919016,105.7030047
cho_sieu_thi,way/1019379166,Chợ Phủ Lý,20.5470155,105.9158615
cho_sieu_thi,way/1024232159,Chợ Sóc Sơn,21.2568129,105.8527148
cho_sieu_thi,way/1044297775,Chợ Kim Lũ,20.9780868,105.8207887
cho_sieu_thi,way/1062770997,Chợ Phủ Quốc Oai,20.99262,105.6423256
cho_sieu_thi,way/1063191459,Chợ Linh Lang,21.0342446,105.8103342
cho_sieu_thi,way/1074490447,Chợ Vũ Xuân Thiều,21.0309369,105.9154165
cho_sieu_thi,way/1079654555,Chợ Quy Lưu,20.5413799,105.9217331
cho_sieu_thi,way/1089984776,Chợ Mía,21.1618804,105.4684307
cho_sieu_thi,way/1090377184,Chợ Phú Diễn,21.0516313,105.7581463
cho_sieu_thi,way/1114925845,Chợ Ngọc Thụy 2,21.0611998,105.872203
cho_sieu_thi,way/1114927597,Chợ Thượng Thanh,21.0696863,105.8906461
cho_sieu_thi,way/1116246887,Chợ Nhà Xanh,21.0378825,105.786057
cho_sieu_thi,way/1116252727,WinMart,21.0382708,105.7940254
cho_sieu_thi,way/1117395471,,20.9120393,105.6174702
cho_sieu_thi,way/1117758768,,21.0168007,105.7221448
cho_sieu_thi,way/1117758769,,21.0161631,105.7221119
cho_sieu_thi,way/1122930513,Chợ Vàng,21.0317097,105.9421053
cho_sieu_thi,way/1153847221,Chợ sinh viên,21.0057106,105.9352442
cho_sieu_thi,way/1157172138,Chợ Tứ Hiệp,20.9423066,105.8508382
cho_sieu_thi,way/1178261607,,21.0558237,105.8196745
cho_sieu_thi,way/1178261620,,21.0566204,105.8200582
cho_sieu_thi,way/1183409645,,21.1364077,105.5059455
cho_sieu_thi,way/1183409649,,21.1354765,105.5055616
cho_sieu_thi,way/1185203723,Siêu thị Lan Chi,21.2061525,105.4159504
cho_sieu_thi,way/1185629560,Chợ Dục Tú,21.1169897,105.8961356
cho_sieu_thi,way/1185901824,Chợ Trung tâm Đông Anh,21.1384612,105.8456087
cho_sieu_thi,way/1187339538,Chợ Phúc Lợi,21.0430171,105.9258521
cho_sieu_thi,way/1188774710,Siêu thị Long Bình,20.8727364,105.8693347
cho_sieu_thi,way/1188774711,Siêu thị Lan Chi Thường Tín,20.8703962,105.8737208
cho_sieu_thi,way/1192808464,Chợ Vồi,20.8656291,105.8673704
cho_sieu_thi,way/1195179611,Chợ Nhông,21.2267494,105.3769501
cho_sieu_thi,way/1197077281,Chợ Phố Hoa,21.295497,105.9590645
cho_sieu_thi,way/1199796076,Chợ Phú Thịnh xã Phú Cường,21.2900072,105.396868
cho_sieu_thi,way/1202447567,Chợ Xuân Đỉnh 2,21.0691063,105.7876037
cho_sieu_thi,way/1206047791,Chợ Mỹ Đình,21.0309136,105.7779682
cho_sieu_thi,way/1212230635,Chợ Đồng Xuân,21.0382416,105.8496735
cho_sieu_thi,way/1212720895,Chợ Trâu Quỳ,21.0121178,105.9385273
cho_sieu_thi,way/1213238763,Chợ Quan Hoa,21.0346768,105.7999961
cho_sieu_thi,way/1213883582,Chợ Nghĩa Đô,21.0519642,105.8076723
cho_sieu_thi,way/1213885337,Chợ Cầu Giấy,21.0302053,105.8006321
cho_sieu_thi,way/1229058063,,21.0315784,105.7851931
cho_sieu_thi,way/1229058093,Chợ 337 Dịch Vọng,21.0325499,105.7924739
cho_sieu_thi,way/1231344672,,21.0398071,105.9028028
cho_sieu_thi,way/1235239091,Siêu thị Hapromart,21.020468,105.9375658
cho_sieu_thi,way/1235776416,Lotus Mart,21.0134105,105.8506592
cho_sieu_thi,way/1251537938,Chợ Giang Biên,21.0624538,105.9166642
cho_sieu_thi,way/1253565814,Chợ Vĩnh Tuy,21.0018938,105.871544
cho_sieu_thi,way/1286768581,Chợ đầu mối Nam Hà Nội,20.9262842,105.7609852
cho_sieu_thi,way/1301719963,Chợ Ngọc Hà,21.0337197,105.831597
cho_sieu_thi,way/1315451332,,21.0356943,105.9114584
cho_sieu_thi,way/1316901395,An Nam Auto,21.0552239,105.8920962
cho_sieu_thi,way/1329845845,WinMart,21.0061313,105.754367
cho_sieu_thi,way/1331638454,WinMart,20.9938892,105.8695724
cho_sieu_thi,way/1332748596,Chợ Trung tâm Suối Hoa,21.1836191,106.0718011
cho_sieu_thi,way/1339005915,WinMart,21.1879352,106.0759068
cho_sieu_thi,way/1344334773,Chợ Làng Diềm,21.2107423,106.0510848
cho_sieu_thi,way/1380858784,Chợ Xuân Ổ A,21.1566893,106.0370808
cho_sieu_thi,way/1384065730,Chợ Và,21.1311118,106.0744773
cho_sieu_thi,way/1408786497,Chợ May 10,21.0379637,105.916726
cho_sieu_thi,way/1415191319,Chợ Hữu Bằng,21.0260266,105.6124603
cho_sieu_thi,way/1420449376,Chợ Bồ Sơn,21.1699863,106.0645755
cho_sieu_thi,way/1433740849,Chợ Tiến Bào,21.1357303,105.9349688
cho_sieu_thi,way/1435808414,,20.9558895,105.9884738
cho_sieu_thi,way/1435843147,Chợ thôn Đông,21.2261234,105.9386645
cho_sieu_thi,way/1447896108,,20.9418155,105.9580309
cho_sieu_thi,way/1451711146,Chợ Đồng Tâm,20.9951044,105.8461885
cho_sieu_thi,way/1453028467,,20.9525838,105.9520166
cho_sieu_thi,way/1454563862,chợ Cầu,21.125922,105.640643
cho_sieu_thi,way/1454902670,GO! Việt Trì,21.3069785,105.4318487
cho_sieu_thi,way/1455610524,Chợ Tam Sơn,21.1476311,105.9764655
cho_sieu_thi,way/1459806286,,20.9410674,105.9768495
cho_sieu_thi,way/1461703161,Chợ TT TP. Việt Trì (Mới),21.3104785,105.3911916
cho_sieu_thi,way/1462804113,Chợ Dâu Mới,21.1121776,105.8450731
cho_sieu_thi,way/1462920029,,21.0814624,105.8543808
cho_sieu_thi,way/1463941918,Chợ Bờ Ngang,21.1086731,105.955291
cho_sieu_thi,way/1465120935,Chợ Đại Phúc,21.1755282,106.0794684
cho_sieu_thi,way/1466037191,Chợ Baza,21.0856969,105.9404629
cho_sieu_thi,way/1466373237,,20.9498625,105.9813259
cho_sieu_thi,way/1466555491,Chợ Đông Trù,21.0770097,105.8767361
cho_sieu_thi,way/1476183929,,20.9822442,105.9826011
cho_sieu_thi,way/1480749979,Chợ Châu,20.9197875,105.9622411
cho_sieu_thi,way/1481770886,Chợ Tây Mỗ,20.9987404,105.7430525
cho_sieu_thi,way/1482440123,Chợ Đại Từ,20.9704706,105.8326831
cho_sieu_thi,way/1482914844,Chợ Văn Môn,21.1693581,105.9289836
cho_sieu_thi,way/1485575742,Chợ Lắp Ghép 1/5,21.1699765,105.844213
cho_sieu_thi,way/1487538042,,20.9521488,105.9951168
cho_sieu_thi,way/1487868530,,20.93902,106.0023556
cho_sieu_thi,way/1497353878,Chợ Láng Hạ,21.0135017,105.8078413
cho_sieu_thi,way/1502920406,Chợ Duệ Đông,21.1376505,106.0151465
cho_sieu_thi,way/1507593296,,21.0344741,105.7848732
cho_sieu_thi,way/1508726333,Chợ đầu mối Minh Khai,21.050461,105.7371245
cho_sieu_thi,way/1516389781,Chợ dân sinh Phú Đô,21.0109729,105.762939
cho_sieu_thi,way/1524902076,Chợ Cầu Nghè,20.980238,105.886703
cho_sieu_thi,way/1525967520,GO! Vĩnh Phúc,21.2941657,105.6293218
cho_sieu_thi,way/1527121724,Chợ Vĩnh Tuy,20.9839403,105.8754554
cho_sieu_thi,way/1529746177,Chợ Hoàng Mai,20.9910937,105.8532715
cho_sieu_thi,way/1537065073,Chợ Đại Thượng,21.0850035,105.9883555
cho_sieu_thi,way/1537470845,Chợ Cầu Bươu,20.954456,105.8115799
cho_sieu_thi,way/1539776141,Chợ Dâu,21.0353822,106.0379908
cho_sieu_thi,way/1540390036,Chợ Yên Vĩ,21.2160779,105.9239804
cho_sieu_thi,way/1540390070,Chợ thôn Đoài,21.2331251,105.9328883
cho_sieu_thi,way/1540727694,Chọ Đại Trạch,21.0536603,106.0481595
cho_sieu_thi,way/1541314407,Chợ Thành Công B,21.0224609,105.8150901
cho_sieu_thi,way/1542802657,Chợ Đồng Đông,21.0702661,106.0697537
cho_sieu_thi,way/1546761141,Chợ Lưu Phái,20.9301869,105.8511223
truong_hoc,node/442033041,Học Viện Không Quân,21.000667,105.827072
truong_hoc,node/449627267,Trường Trung học cơ sở Lương Thế Vinh,20.9933127,105.8146824
truong_hoc,node/481837565,Trường mầm non 65-1,20.9401649,106.035496
truong_hoc,node/1868388078,Trường Trung học cơ sở Trưng Vương,21.2135023,105.7183857
truong_hoc,node/1868388099,Trường Trung học cơ sở Thanh Lâm A,21.2063388,105.7184716
truong_hoc,node/2136318869,QSI School,21.0662671,105.8234341
truong_hoc,node/2136318889,Trường Quốc Tế Morning Star,21.0675757,105.8206957
truong_hoc,node/2701030710,Trường Trung học cơ sở Long Hưng,20.9418595,105.9561534
truong_hoc,node/2701030883,Trường Tiểu Học Long Hưng,20.942275,105.955456
truong_hoc,node/2701031043,Trường Mẫu Giáo Long Hưng,20.9408583,105.957013
truong_hoc,node/3477864693,Trường Mầm non TT Kid's House,21.0080664,105.8120138
truong_hoc,node/3885756534,Trường Trung học cơ sở Minh Trí,21.2700814,105.7498147
truong_hoc,node/4066099003,Trường Mầm Non Magic Star,21.015075,105.8283547
truong_hoc,node/4172467091,Trung Tâm Tiếng Anh Apax,21.0477596,105.8763271
truong_hoc,node/4183538421,Vietnamese class,21.0386664,105.8222128
truong_hoc,node/4280717795,Du Học Và Học Tiếng Đức GFS,21.0125914,105.863299
truong_hoc,node/4388714491,Trường Mầm Non Hoa Sữa,21.0367477,105.9103169
truong_hoc,node/4484956794,,21.003661,105.8153673
truong_hoc,node/4486357290,,21.0197872,105.8162135
truong_hoc,node/4493605991,,21.0053516,105.8027174
truong_hoc,node/4493605992,,21.0070765,105.8008904
truong_hoc,node/4504307489,,21.0100683,105.8052983
truong_hoc,node/4505332089,,21.0272011,105.8182466
truong_hoc,node/4524261790,,21.014042,105.9364028
truong_hoc,node/4531553592,Trung Tâm Fablab Hanoi,21.0237687,105.830619
truong_hoc,node/4631390666,Trường Mầm Non Hoa Thuỷ Tiên,21.0126114,105.8642926
truong_hoc,node/4631390668,Trường Mầm Non Thăng Long,21.0120681,105.8653655
truong_hoc,node/4695677491,,21.1965003,105.7726152
truong_hoc,node/4755943579,Da Viet College,21.129625,106.0142616
truong_hoc,node/4755943818,,21.0336787,105.8553045
truong_hoc,node/4788621925,Trường Mầm Non Mậu Lương Cơ Sở 1,20.9557945,105.7952932
truong_hoc,node/4849694923,Trường Tiểu Học An Thượng B,20.9846039,105.7080898
truong_hoc,node/4886771716,Trường Mầm non Mỹ Đình 1,21.0220567,105.7751898
truong_hoc,node/4900741322,Hội Kiến Trúc Sư Việt Nam,21.0161698,105.8584514
truong_hoc,node/4941327921,Trường Mầm Non Hoạ Mi,20.9529434,105.8351471
truong_hoc,node/5234639026,Trường PTTH Trần Phú,21.313699,105.5956577
truong_hoc,node/5248096021,Trường PTCS Long Châu,21.3863202,105.384364
truong_hoc,node/5252137922,Trường PTCS Bình Bộ,21.4147048,105.36953
truong_hoc,node/5252876722,Trương PTCS Đức Bác,21.3296217,105.4554668
truong_hoc,node/5285261121,Trường Phổ thông Quốc tế Kinh Bắc,21.163528,106.0597199
truong_hoc,node/5296714078,Trường Mẫu Giáo Vân Canh,21.0357119,105.7311405
truong_hoc,node/5300319721,Mầm non Ngọc Hoa,21.3290462,105.3928995
truong_hoc,node/5334888921,Trường Chính Trị Hòa Bình,20.8435418,105.3446881
truong_hoc,node/5398016421,Tiếng Trung Cầm Xu - cs1,21.0286141,105.8097903
truong_hoc,node/5398016422,Tiếng Trung Cầm Xu - cs2,21.0127184,105.8187317
truong_hoc,node/5485875444,Trường Mầm Non Ngôi Sao Xanh,21.0364282,105.9058378
truong_hoc,node/5538141725,HACIC,21.4003758,105.3182824
truong_hoc,node/5570980322,,21.2295745,105.8496026
truong_hoc,node/5662972422,Trường mầm non Ngôi sao sáng,21.0517639,105.8382808
truong_hoc,node/5758042025,Trung Tâm FabLab USTH,21.0481579,105.8013581
truong_hoc,node/6184420091,Trường Tiểu học Nghĩa Hương,20.9724351,105.6153764
truong_hoc,node/6184420092,Trung học cơ sở Nghĩa Hương,20.9731091,105.6169237
truong_hoc,node/6184420093,Trường Mẫu giáo thôn Thế Trụ,20.9709659,105.6184057
truong_hoc,node/6516239586,Trần Quốc Toản,20.9800852,105.7485758
truong_hoc,node/6545637391,Trương Mầm non Sao Mai,21.1655575,106.0527944
truong_hoc,node/6546439434,Trường Mầm non Tân Hồng 1,21.1157392,105.9695917
truong_hoc,node/6546579568,Trường Phổ thông Lương Thế Vinh - Bắc Ninh,21.1873821,106.0506967
truong_hoc,node/6579800157,Trường Mầm non Nắng Mai,21.0388525,105.8484596
truong_hoc,node/6652529907,,20.9634078,105.8278674
truong_hoc,node/6666528207,Z Kids Preschool,21.0652911,105.8799179
truong_hoc,node/6679994487,,20.9673538,105.8684594
truong_hoc,node/6703692087,,21.0091683,105.8065419
truong_hoc,node/6812118285,,21.1391376,105.846746
truong_hoc,node/6840536785,,21.0295452,105.7663588
truong_hoc,node/6924044098,Trung Tâm Tiếng Anh Apax,21.0645486,105.911575
truong_hoc,node/6986002485,Mẫu giáo Chuyên Ngoại,20.6418829,106.0197119
truong_hoc,node/7146615789,Trường Trung học phổ thông Lê Hồng Phong,21.4196777,105.8738127
truong_hoc,node/7146655409,Trường Trung học cơ sở Đông Cao,21.3749377,105.8971833
truong_hoc,node/7165818898,Trường Trung học cơ sở Đỗ Cận,21.4146502,105.8742395
truong_hoc,node/7178610153,Trường Trung học cơ sở Tích Sơn,21.3093714,105.5848467
truong_hoc,node/7178800218,,21.1114502,105.876979
truong_hoc,node/7409549825,Trường Tiểu học Phụng Châu,20.949577,105.7023699
truong_hoc,node/7467256832,Trung Tâm Đào Tạo Quốc Tế CIE-PTIT,20.9807057,105.7874957
truong_hoc,node/7614039485,Trung Tâm Giáo Dục Nghề Nghiệp - Giáo Dục Thường Xuyên. Quận Long Biên,21.0568819,105.898202
truong_hoc,node/7893470217,Trường Tiểu học Chúc Sơn A,20.918029,105.7011389
truong_hoc,node/8447602009,V34-Lớp mẫu giáo độc lập,21.0652565,105.7793815
truong_hoc,node/8736400744,Trung Tâm Anh Ngữ ATEN,20.9891069,105.8441413
truong_hoc,node/9028710905,,21.3999596,105.7795771
truong_hoc,node/9028710907,,21.3790737,105.7820376
truong_hoc,node/9028710908,,21.3881952,105.7836917
truong_hoc,node/9028710909,,21.3864441,105.7847469
truong_hoc,node/9028710910,,21.3863807,105.7857511
truong_hoc,node/9028710911,,21.3930203,105.7921912
truong_hoc,node/9028710912,,21.3953099,105.7939585
truong_hoc,node/9028717171,,21.4240498,105.8807979
truong_hoc,node/9028717172,,21.4168068,105.882686
truong_hoc,node/9028717173,,21.4132786,105.8830932
truong_hoc,node/9028717175,,21.4108688,105.8830115
truong_hoc,node/9028717176,,21.4102464,105.8837315
truong_hoc,node/9028717178,,21.4144612,105.8958679
truong_hoc,node/9028717179,,21.4131857,105.897514
truong_hoc,node/9028719382,,21.4305822,105.8533484
truong_hoc,node/9028719385,,21.4143489,105.8443077
truong_hoc,node/9028719388,,21.4123318,105.8405567
truong_hoc,node/9028719390,,21.4124234,105.8487743
truong_hoc,node/9028719391,,21.4128829,105.8482095
truong_hoc,node/9028719392,,21.4143458,105.8513834
truong_hoc,node/9028724186,,21.4185885,105.769945
truong_hoc,node/9028724187,,21.4228529,105.8037583
truong_hoc,node/9028724193,,21.4390441,105.8114699
truong_hoc,node/9028724195,,21.4037772,105.7785926
truong_hoc,node/9028733917,,21.3974119,105.8295434
truong_hoc,node/9028733918,,21.3964445,105.8293949
truong_hoc,node/9028733919,,21.3942759,105.8298288
truong_hoc,node/9028733920,,21.3939251,105.8310162
truong_hoc,node/9028733923,,21.3917583,105.8323277
truong_hoc,node/9028733925,,21.3855885,105.8398689
truong_hoc,node/9028733930,,21.3946717,105.804548
truong_hoc,node/9028742628,,21.4361886,105.8799021
truong_hoc,node/9028742629,,21.4309109,105.8726341
truong_hoc,node/9028799056,,21.4014042,105.8737699
truong_hoc,node/9028799061,,21.3996604,105.9274217
truong_hoc,node/9028799062,,21.3977698,105.9293971
truong_hoc,node/9028799068,,21.3965602,105.8741389
truong_hoc,node/9028812812,,21.3970419,105.8645848
truong_hoc,node/9028812813,,21.3958501,105.8615788
truong_hoc,node/9028812815,,21.3988775,105.8593879
truong_hoc,node/9028816099,,21.4119937,105.912159
truong_hoc,node/9028816100,,21.3967867,105.8956198
truong_hoc,node/9028816101,,21.3985383,105.9028609
truong_hoc,node/9028816103,,21.3887031,105.9328862
truong_hoc,node/9028816107,,21.3886466,105.9221707
truong_hoc,node/9028816108,,21.3871928,105.925512
truong_hoc,node/9028816111,,21.38518,105.9267588
truong_hoc,node/9028816112,,21.3851404,105.924274
truong_hoc,node/9028828718,,21.3911766,105.8833168
truong_hoc,node/9028828719,,21.3905703,105.8835003
truong_hoc,node/9028828720,,21.3899963,105.8846535
truong_hoc,node/9028828725,,21.3767272,105.8741176
truong_hoc,node/9028828727,,21.3638581,105.8733504
truong_hoc,node/9028828729,,21.3629983,105.8801425
truong_hoc,node/9028828730,,21.3611152,105.8796147
truong_hoc,node/9028828732,,21.3600292,105.8809031
truong_hoc,node/9028828733,,21.3584845,105.8848079
truong_hoc,node/9028828739,,21.3521038,105.8673589
truong_hoc,node/9028828742,,21.3389249,105.867003
truong_hoc,node/9028828743,,21.3382333,105.8681275
truong_hoc,node/9028828744,,21.3375317,105.8670242
truong_hoc,node/9028841819,,21.358598,105.8988113
truong_hoc,node/9028841825,,21.3539473,105.8933424
truong_hoc,node/9028841826,,21.3461885,105.9016833
truong_hoc,node/9029296978,,21.4399469,105.922679
truong_hoc,node/9029296979,,21.4283473,105.9209267
truong_hoc,node/9029296980,,21.4250948,105.9278222
truong_hoc,node/9029296982,,21.4201224,105.9371745
truong_hoc,node/9029314830,,21.416904,105.9469872
truong_hoc,node/9030131583,,21.4351709,105.9553731
truong_hoc,node/9030131586,,21.4286287,105.9458047
truong_hoc,node/9030131587,,21.4289473,105.9418225
truong_hoc,node/9030131588,,21.4296312,105.9409042
truong_hoc,node/9030131595,,21.4133817,105.9485549
truong_hoc,node/9030131598,,21.4058606,105.9422196
truong_hoc,node/9030131604,,21.4183004,105.9932042
truong_hoc,node/9030131610,,21.4155845,106.0007537
truong_hoc,node/9030131614,,21.4232456,106.0036314
truong_hoc,node/9030131615,,21.4307386,106.0049159
truong_hoc,node/9030164517,,21.4397309,106.002949
truong_hoc,node/9030164518,,21.4390313,106.0032381
truong_hoc,node/9030164519,,21.4387461,106.0027061
truong_hoc,node/9030164522,,21.4338764,105.9845443
truong_hoc,node/9030164523,,21.4332277,105.9844199
truong_hoc,node/9030173127,,21.4206203,106.0164234
truong_hoc,node/9587000790,Trường Trung học cơ sở Phan Đình Giót,21.0020393,105.8090381
truong_hoc,node/9587108041,Trường Tiểu Học Kiến Hưng,20.9593241,105.7892698
truong_hoc,node/9587375641,Trường Song ngữ Quốc tế Horizon,21.0663701,105.8215935
truong_hoc,node/9593179007,Trường Trung học cơ sở Đồng Quang,20.9763877,105.6570648
truong_hoc,node/9593179911,Trường Trung học cơ sở Ngọc Mỹ,20.9885853,105.6298325
truong_hoc,node/9593205907,Trường Tiểu học Trần Phú - Chương Mỹ,20.8327881,105.6727844
truong_hoc,node/9593205909,Trường Trung học cơ sở Chàng Sơn,21.0382704,105.6013637
truong_hoc,node/9593205912,Trường Trung học cơ sở Liên Hiệp,21.0572783,105.6394053
truong_hoc,node/9593205913,Trường Trung học cơ sở Phúc Hòa,21.1090263,105.554218
truong_hoc,node/9593207318,Trường Trung học cơ sở Phượng Cách,21.0128064,105.661131
truong_hoc,node/9593207319,Trường Trung học cơ sở Xuân Phú,21.1450091,105.5808111
truong_hoc,node/9593207321,Trường Trung học cơ sở Yên Trung,21.0011075,105.4216912
truong_hoc,node/9593207325,Trường Trung học cơ sở Tam Thuấn,21.0996924,105.6231537
truong_hoc,node/9593207326,Trường Tiểu Học Ngọc Tảo,21.0929001,105.6002498
truong_hoc,node/9593207328,Trường Tiểu học Trường Yên,20.9172394,105.6480531
truong_hoc,node/9593210625,Trường Trung học cơ sở Cẩm Yên,21.0869391,105.5423717
truong_hoc,node/9593210626,Trường Trung học cơ sở Ngọc Liệp,20.9963204,105.5951111
truong_hoc,node/9593210627,Trường Tiểu học Ngọc Liệp,20.9957315,105.5956283
truong_hoc,node/9593210638,Trường Trung học cơ sở Vân Hà,21.1502071,105.6204054
truong_hoc,node/9593210642,Trường Trung học cơ sở Quốc Oai,20.9950499,105.6459336
truong_hoc,node/9593213817,Trường Trung học cơ sở Liên Mạc B,21.1805272,105.6633905
truong_hoc,node/9593213818,Trường Tiểu Học Liên Mạc B,21.1808212,105.6645148
truong_hoc,node/9593243319,Trường Trung học cơ sở Quang Minh,21.202269,105.7716428
truong_hoc,node/9593243320,Trường Trung học cơ sở ĐạI Thịnh A,21.1742956,105.7323581
truong_hoc,node/9593243321,Trường Mầm Non Nam Phong,20.7543026,105.9211944
truong_hoc,node/9593243322,Trường Trung học cơ sở Nam Phong,20.7577059,105.9252482
truong_hoc,node/9593243325,Trường Trung học cơ sở Sơn Công,20.754872,105.7173045
truong_hoc,node/9593248613,Trường Trung học cơ sở Châu Can,20.6884518,105.8971981
truong_hoc,node/9593248614,Trường Trung học cơ sở Tri Trung,20.7777434,105.8289754
truong_hoc,node/9593258917,Trường Trung học cơ sở Kim An,20.8496043,105.7576081
truong_hoc,node/9593258918,Trường Tiểu Học Kim An,20.8500061,105.7579175
truong_hoc,node/9593258922,Trường Trung học cơ sở Quất Động,20.8428767,105.8741909
truong_hoc,node/9593258926,Trường Trung học cơ sở Bình Phú,21.0241425,105.6068301
truong_hoc,node/9593258927,Trường Trung học cơ sở Tân Hoà,20.9695372,105.6744848
truong_hoc,node/9593258934,Trường Trung học cơ sở Vạn Yên,21.2011735,105.6265265
truong_hoc,node/9593258935,Trường Trung học cơ sở Hòa Thạnh,20.9462179,105.5738941
truong_hoc,node/9593258937,Trường Trung học cơ sở Tự Lập,21.2180183,105.6555814
truong_hoc,node/9593258939,Trường Trung học cơ sở Yên Sơn,21.0053205,105.6608902
truong_hoc,node/9593258940,Trường Trung học cơ sở Đông Yên,20.9316968,105.6014942
truong_hoc,node/9593258943,Trường Trung học cơ sở Kim Quan,21.0482113,105.5764802
truong_hoc,node/9593264117,Trường Trung học cơ sở Hiền Ninh,21.247329,105.7900505
truong_hoc,node/9593264118,Trường Tiểu Học Hiền Ninh,21.247173,105.7893638
truong_hoc,node/9593264120,Trường Trung học cơ sở Hương Sơn,20.6125262,105.7885173
truong_hoc,node/9593264125,Trường Trung học cơ sở Hoà Lâm,20.685289,105.810973
truong_hoc,node/9593264126,Trường Trung học cơ sở Cự Khê,20.9209353,105.7903957
truong_hoc,node/9593264127,Trường Trung học cơ sở Thư Phú,20.8604602,105.906146
truong_hoc,node/9593268461,Trường Trung học cơ sở Xuân Thu,21.1951001,105.8942978
truong_hoc,node/9593268462,Trường Trung học cơ sở Kim Đường,20.6697248,105.8662097
truong_hoc,node/9593268464,Trường Trung học cơ sở Hồng Quang,20.6232216,105.7984588
truong_hoc,node/9593268467,Trường mầm non Minh Trí,21.269575,105.7493497
truong_hoc,node/9593275046,Trương Trung học cơ sở Đỗ Động,20.8451165,105.7832103
truong_hoc,node/9593275047,Trường Trung học cơ sở Hoàng Kim,21.1701541,105.686468
truong_hoc,node/9593275054,Trường Trung học cơ sở Hà Hồi,20.8681462,105.8740491
truong_hoc,node/9593285966,Trường Trung học cơ sở Đại Yên,20.9016538,105.6974223
truong_hoc,node/9593285967,Trường Trung học cơ sở Thị Trấn Phú Xuyên,20.7440581,105.9090185
truong_hoc,node/9593285968,Trường Trung học cơ sở Trần Phú - Phú Xuyên,20.7447054,105.9111869
truong_hoc,node/9593285973,Trường Trung học cơ sở Đại Xuyên,20.6847346,105.9270467
truong_hoc,node/9593285977,Trường Trung học cơ sở Nam Triều,20.7484015,105.9316443
truong_hoc,node/9593285978,Trường Tiểu Học Nam Triều,20.7481226,105.9323095
truong_hoc,node/9593285979,Trường Trung học cơ sở Hợp Tiến,20.686848,105.6990683
truong_hoc,node/9593285980,Trường Trung học cơ sở Nghiêm Xuyên,20.8111691,105.8562015
truong_hoc,node/9593285981,Trường Trung học cơ sở Quang Tiến,21.2384391,105.8062253
truong_hoc,node/9593285983,Trường Nội Trú IVS Phía Bắc,20.8579258,105.7656571
truong_hoc,node/9593298201,Trường Trung học cơ sở Chu Phan,21.1729283,105.6515764
truong_hoc,node/9593334625,Trường Trung học cơ sở Hùng Tiến,20.6394354,105.7632809
truong_hoc,node/9593334627,Trường Song Ngữ Quốc Tế Hanoi Academy,21.0736683,105.8029221
truong_hoc,node/9593334628,Trường Trung học cơ sở Duyên Thái,20.9000386,105.8656598
truong_hoc,node/9593334629,Trường Tiểu Học Hòa Nam,20.6832493,105.7588116
truong_hoc,node/9593334633,Trường Trung học cơ sở Khai Thái,20.7231669,105.9583953
truong_hoc,node/9593334634,Trường Trung học cơ sở Chuyên Mỹ,20.7358527,105.8697523
truong_hoc,node/9593334636,Trường Trung học cơ sở Trưng Vương - Mê Linh,21.177804,105.7268947
truong_hoc,node/9593334637,Trường Trung học cơ sở Hồng Thái,20.7619366,105.9554049
truong_hoc,node/9593381048,Trường Tiểu học Tiên Phương,20.9399567,105.6860081
truong_hoc,node/9593381050,Trường Tiểu Học Kim Bài,20.8541499,105.7622413
truong_hoc,node/9593381054,Trường Trung học cơ sở Tân Dân - Phú Xuyên,20.7423908,105.8701668
truong_hoc,node/9593381056,Trường Trung học cơ sở Tuyết Nghĩa,20.9691396,105.5905001
truong_hoc,node/9593381057,Trường Trung học cơ sở Dị Nậu,21.0524228,105.627116
truong_hoc,node/9593381058,Trường Trung học cơ sở Tiến Xuân,20.9659976,105.4921398
truong_hoc,node/9593381059,Trường Trung học cơ sở Liên Quan,21.0563149,105.576266
truong_hoc,node/9593381062,Trường Trung học cơ sở Văn Hoàng,20.7738575,105.8499794
truong_hoc,node/9593381063,Trường Tiểu Học Văn Hoàng,20.7737131,105.8500953
truong_hoc,node/9593386644,Trường Trung học cơ sở Chương Dương Thường Tín,20.8462609,105.9097375
truong_hoc,node/9593474590,Trường Trung học cơ sở Quang Trung - Phú Xuyên,20.7606705,105.8837029
truong_hoc,node/9593474595,Trường Trung học cơ sở Cao Thành,20.7648116,105.7352232
truong_hoc,node/9593503718,Trường Trung học cơ sở Sơn Hà,20.7410367,105.8893817
truong_hoc,node/9593503719,Trường Trung học cơ sở Bình Minh,20.895559,105.7660825
truong_hoc,node/9593503720,Trường Trung học cơ sở Hòa Nam,20.6812229,105.758913
truong_hoc,node/9593503721,Trường Trung học cơ sở Vân Từ,20.7159808,105.896063
truong_hoc,node/9593503722,Trường Trung học cơ sở Minh Cường,20.7676486,105.9033509
truong_hoc,node/9593503723,Trường Tiểu Học Minh Cường,20.767801,105.9038595
truong_hoc,node/9593503727,Trường Trung học cơ sở Tự Nhiên,20.8594302,105.916156
truong_hoc,node/9593503728,Trường Trung học cơ sở Vạn Điểm,20.7770024,105.9087846
truong_hoc,node/9593503729,Trường Trung học cơ sở Vạn Thái,20.7060288,105.7661888
truong_hoc,node/9593515309,Trường Trung học cơ sở Đồng Tân,20.7123322,105.8360582
truong_hoc,node/9593515311,Trường Tiểu học Hoàng Diệu - Chương Mỹ,20.8612009,105.731516
truong_hoc,node/9593515313,Trường Trung học cơ sở Tam Hiệp,20.9502032,105.8304206
truong_hoc,node/9593515314,Trường Trung Học Cơ Sở Phú Yên,20.6946744,105.8984543
truong_hoc,node/9593533119,Trường Trung học cơ sở Tráng Việt,21.1490993,105.7409966
truong_hoc,node/9593533120,Trường Trung học cơ sở Thị Trấn Thường Tín,20.8706993,105.8657226
truong_hoc,node/9593533123,Trường Trung học cơ sở ĐạI Thắng,20.7814135,105.8824468
truong_hoc,node/9593560394,Trường Trung học cơ sở Lưu Hoàng,20.6482088,105.8046617
truong_hoc,node/9593574430,Trường Trung học cơ sở Tô Hiến Thành,21.017939,105.8277592
truong_hoc,node/9593623730,Trường Trung học cơ sở Bích Hoà,20.9119634,105.7629655
truong_hoc,node/9593623735,Trường Trung học cơ sở Hợp Thanh,20.6694247,105.7046601
truong_hoc,node/9593623738,Trường Trung học cơ sở Hồng Dương,20.7959441,105.7837649
truong_hoc,node/9593623741,Trường Trung học cơ sở ĐạI Hưng,20.6721191,105.7637165
truong_hoc,node/9593623744,Trường Trung học cơ sở Xuy Xá,20.7141992,105.7370983
truong_hoc,node/9593662286,Trường Tiểu Học Minh Trí,21.267398,105.7477398
truong_hoc,node/9593662287,Trường Trung học cơ sở Hoàng Long,20.7590961,105.8315263
truong_hoc,node/9593662288,Trường Trung học cơ sở Khánh Hà,20.891206,105.8248781
truong_hoc,node/9593662290,Trường Trung học cơ sở Trung Hòa - Chương Mỹ,20.9072684,105.6430746
truong_hoc,node/9593662296,Trường Trung học cơ sở Liệp Tuyết,20.9833028,105.6023776
truong_hoc,node/9593662297,Trường Tiểu Học Liệp Tuyết,20.9831586,105.6020987
truong_hoc,node/9593662298,Trường Trung học cơ sở Sơn Đông,21.0810149,105.5090267
truong_hoc,node/9593662300,Trường Tiểu Học Ngọc Mỹ,20.9933503,105.6285474
truong_hoc,node/9593662303,Trường Trung học cơ sở Thạch Hòa,20.9838307,105.5286359
truong_hoc,node/9593662304,Trường Tiểu Học Thạch Hòa,20.9830935,105.5289264
truong_hoc,node/9593853980,Trường Trung học cơ sở Vân Nam,21.1469054,105.5999459
truong_hoc,node/9593853984,Trường Trung học cơ sở Lại Thượng,21.0707533,105.5580081
truong_hoc,node/9593853985,Trường Trung học cơ sở Cần Kiệm,21.0164989,105.5817488
truong_hoc,node/9593853989,Trường Trung học cơ sở Đông Xuân,20.9615714,105.5260765
truong_hoc,node/9593853990,Trường Trung học cơ sở Phú Cát,20.9713245,105.5657088
truong_hoc,node/9593862339,Trường Trung học cơ sở Ninh Sở,20.8983878,105.8868896
truong_hoc,node/9593862340,Trường Trung học cơ sở Đức Hòa,21.2299403,105.8764094
truong_hoc,node/9593862345,Trường Trung học cơ sở Kim Lũ,21.2054166,105.8916867
truong_hoc,node/9593862346,Trường Trung học cơ sở Hồng Minh,20.7922074,105.8300161
truong_hoc,node/9593862348,Trường Trung học cơ sở Đốc Tín,20.629107,105.7786677
truong_hoc,node/9593862349,Trường Trung học cơ sở Viên Nội,20.7922734,105.7152179
truong_hoc,node/9593862350,Trường Tiểu Học Viên Nội,20.7927299,105.7150278
truong_hoc,node/9593862351,Trường Trung học cơ sở Phương Trung,20.8272193,105.7701558
truong_hoc,node/9593887404,Trường Trung học cơ sở Cao Dương,20.8116832,105.7615899
truong_hoc,node/9593887408,Trường Trung học cơ sở Dân Hoà,20.815862,105.7777016
truong_hoc,node/9593887410,Trường Trung học cơ sở ĐạI Thành,20.9652468,105.7083767
truong_hoc,node/9593887411,Trường Trung học cơ sở Hòa Phú,20.6729455,105.7797599
truong_hoc,node/9593887412,Trường Trung học cơ sở Kim Thư,20.839722,105.7617391
truong_hoc,node/9593887413,Trường Trung học cơ sở Tân Dân,21.2432096,105.7412949
truong_hoc,node/9593887414,Trường Trung học cơ sở Liên Châu,20.816911,105.8246975
truong_hoc,node/9593887416,Trường Trung học cơ sở Tam Hưng,20.8810795,105.7850398
truong_hoc,node/9593919772,Trường Trung học cơ sở Đội Bình,20.6485724,105.8178124
truong_hoc,node/9593919775,Trường Trung học cơ sở Phượng Dực,20.7944843,105.8453197
truong_hoc,node/9593919783,Trường Tiểu Học Mê Linh,21.1641666,105.7307719
truong_hoc,node/9593919784,Trường Trung học cơ sở Văn Tự,20.7878245,105.8896448
truong_hoc,node/9593926218,Trường Trung học cơ sở Đông Lỗ,20.6496959,105.8808937
truong_hoc,node/9593958093,Trường Mầm Non Hòa Xá,20.6933537,105.7551511
truong_hoc,node/9593958094,Trường Trung học cơ sở Hòa Xá,20.6946909,105.7562532
truong_hoc,node/9593958095,Trường Tiểu Học Hòa Xá,20.693807,105.7554593
truong_hoc,node/9593958098,Trường Mầm Non Kim Chung,21.13222,105.7775309
truong_hoc,node/9593958108,Trường Trung học cơ sở Đồng Tiến,20.7374572,105.7420573
truong_hoc,node/9593975501,Trường mầm non Mỹ Thành,20.777841,105.7026375
truong_hoc,node/9593975504,Trường Trung học cơ sở Trường Thịnh,20.766751,105.7670327
truong_hoc,node/9803314653,Trường Trung cấp Quang Trung,21.0366539,105.903684
truong_hoc,node/9803314654,Trường Trung học phổ thông Tây Sơn,21.0371908,105.9039035
truong_hoc,node/9894642703,Trường trung học cơ sở Vân Côn,20.9918025,105.6791977
truong_hoc,node/9894644804,Trường tiểu học Vân Côn,20.9958998,105.6733845
truong_hoc,node/9931488173,,21.0649262,105.8293526
truong_hoc,node/9931536200,,21.0276819,105.8361233
truong_hoc,node/9931539949,,21.063485,105.8316422
truong_hoc,node/9976440313,Trường Mẫu giáo Thủy Tiên,21.010763,105.8328549
truong_hoc,node/10621408641,Vinschool Nguyễn Chí Thanh,21.0233951,105.8089129
truong_hoc,node/10678143866,Trường Trung học phổ thông FPT,21.0133844,105.5234537
truong_hoc,node/10817737098,Trường Mầm non Xã Tri Trung,20.7784646,105.8306731
truong_hoc,node/10817737099,Trường Tiểu học Tri Trung,20.7778978,105.8313195
truong_hoc,node/10833318887,Trường Trung học phổ thông Phan Chu Trinh,21.079464,105.819008
truong_hoc,node/10845878391,Trường Mầm non Trung tâm Xã Nghiêm Xuyên,20.8039104,105.8581771
truong_hoc,node/10976890605,Câu lạc bộ Toán Hà Nội HMC,20.9994787,105.7992324
truong_hoc,node/10979898092,Trường Trung học phổ thông Tô Hiệu - Gia Lâm,21.0179015,105.9646784
truong_hoc,node/10979898123,Trường Trung học phổ thông Mạc Đĩnh Chi,21.2261029,105.7614496
truong_hoc,node/10980030548,Trường Trung cấp Y - Dược Cộng đồng Hà Nội,21.1119006,105.832821
truong_hoc,node/10980030588,Trường Trung học phổ thông Nguyễn Huệ,21.0520846,105.7834064
truong_hoc,node/10980030602,AMIS Hoàng Quốc Việt,21.0519384,105.7836371
truong_hoc,node/11082608292,Trường Mẫu giáo Măng Non,21.0211868,105.856883
truong_hoc,node/11389939281,Red Bean Kindergarten,21.0080335,105.7321817
truong_hoc,node/11395688196,Mầm non VietHome,21.0052498,105.7331109
truong_hoc,node/11395688197,Trường Mầm non Lapland Hà Nội,21.005128,105.73304
truong_hoc,node/11395688198,Finland Preschool,21.0051332,105.7337171
truong_hoc,node/11395688199,Little Friends 5 Preschool,21.0052203,105.7338429
truong_hoc,node/11395688304,Mầm non Edison,21.0076518,105.7309521
truong_hoc,node/11429136742,Trường Trung học phổ thông Nguyễn Bỉnh Khiêm,20.7763227,105.8283176
truong_hoc,node/11482335148,Trường Mầm non Sao Sáng,21.012547,105.8492757
truong_hoc,node/11521920513,Toán Trí Tuệ Superbrain Ba đình,21.0371542,105.8107149
truong_hoc,node/11563520040,Mầm non Nắng Ban Mai,21.0451889,105.7854091
truong_hoc,node/11571556923,Mầm non NASA,21.0439107,105.784675
truong_hoc,node/11571556933,Mầm non Happy School,21.0433003,105.7854653
truong_hoc,node/11625397941,Winston International School,21.0143514,105.8508573
truong_hoc,node/11652210369,Trường Mầm Non Lý Công Uẩn,21.1018353,105.959973
truong_hoc,node/11659472567,Mind X Technology School,21.0408003,105.8689592
truong_hoc,node/11843102682,Trường Mầm Non Hoa Hồng,21.0326597,105.8469715
truong_hoc,node/11927269258,Trường Tiểu học & Trung học cơ sở Hà Nội - Thăng Long,20.9614938,105.7898178
truong_hoc,node/11927399098,Trường Trung học phổ thông Xa La,20.9609462,105.789599
truong_hoc,node/11927404782,Trường Mầm non Hà Nội - Thăng Long,20.9627865,105.7904982
truong_hoc,node/11974253905,Trường Mầm non Việt Mỹ,21.0555186,105.7798241
truong_hoc,node/12035280084,Sakura Montessori,21.0144088,105.7823979
truong_hoc,node/12065631392,Amy School,21.010206,105.8024296
truong_hoc,node/12067202478,Trường Mầm non Phùng Khoang,20.9891467,105.7913264
truong_hoc,node/12109655159,Trường Tiểu học Phúc Hòa,21.1098618,105.5545
truong_hoc,node/12135138931,Trường Tiểu học Bích Hoà,20.9142306,105.7675581
truong_hoc,node/12189275702,Vườn Trí Tuệ,21.0340701,105.8444116
truong_hoc,node/12213825778,Trường mầm non Mễ Trì,21.0050564,105.7775958
truong_hoc,node/12319043969,Trường Trung học cơ sở Võ Cường,21.1638385,106.0488821
truong_hoc,node/12508564054,Trường Cao đẳng Y Hà Nội (cơ sở Phú Thứ),21.0030745,105.7507524
truong_hoc,node/12508979547,Lớp Mầm non Cuộc sống xanh (Green Life Preschool),21.0852266,105.789863
truong_hoc,node/12512351401,Trường Trung học cơ sở Châu Giang,20.661538,105.9777461
truong_hoc,node/12513712433,Trường Trung học phổ thông Đinh Tiên Hoàng - Ba Đình (Phố Chương Dương Độ),21.0292067,105.859018
truong_hoc,node/12535613774,Trường Tiểu học Bùi Quang Mại,21.1265081,105.7466133
truong_hoc,node/12552961450,Trường Mầm non HappyTime - Cơ sở 2,20.9776379,105.7592004
truong_hoc,node/12552981505,Trường Trung học phổ thông Anhxtanh Hà Nội,21.0074703,105.8223842
truong_hoc,node/12558502901,,21.0575046,105.8384527
truong_hoc,node/12582267437,Lớp mầm non độc lập tư thục Việt Mỹ (American Montessori School),21.0358499,105.7849025
truong_hoc,node/12595245152,Hệ thống giáo dục May Academy,20.9870173,105.8302519
truong_hoc,node/12597080227,Trường Mầm non Tây Tựu - Cơ sở 3,21.067468,105.7354806
truong_hoc,node/12627388275,Trường Cao đẳng nghề Nguyễn Trãi,21.0515245,105.7821056
truong_hoc,node/12627838504,Trường Trung học cơ sở - Trung học phổ thông Hà Thành,21.0513286,105.7819935
truong_hoc,node/12633497362,Trường Tiểu học Hồng Hà,21.0353965,105.8504505
truong_hoc,node/12638263913,Lớp mẫu giáo độc lập Lá Phong Xanh,21.0654974,105.8015635
truong_hoc,node/12645416780,Trường Cao Đẳng Kinh Tế Công Nghệ Hà Nội,21.0563409,105.7470725
truong_hoc,node/12655533120,Lớp mầm non độc lập Vườn Hồng,20.9932943,105.7783512
truong_hoc,node/12655589944,Lớp mầm non tư thục Xứ sở thần tiên,20.9934243,105.7784611
truong_hoc,node/12662434904,Lớp mầm non độc lập Lá Phong Xanh,21.0176476,105.7907472
truong_hoc,node/12786296775,Lớp mầm non độc lập Khai Minh Đức,20.9826387,105.7546334
truong_hoc,node/12787454663,Trường Trung học phổ thông Lê Hồng Phong,20.984948,105.7756599
truong_hoc,node/12836590802,Trường Mầm non Búp Sen Hồng,20.9784317,105.7819623
truong_hoc,node/12843437700,Trường Mầm non Lại Thượng,21.0702286,105.5522597
truong_hoc,node/12846325975,Trường Tiểu học Tam Hiệp,20.9501409,105.8308462
truong_hoc,node/12855851469,Trường Mầm non Lômônôxốp,21.0152071,105.7805396
truong_hoc,node/12857790361,Casa Dei Piccioni,20.9935153,105.7921977
truong_hoc,node/12873445643,Phổ thông Cao đẳng – FPT Polytechnic Hà Nội (Cơ sở 1),21.0380687,105.7466523
truong_hoc,node/12873469692,Phổ thông Cao đẳng – FPT Polytechnic Hà Nội (Cơ sở 3),21.0412566,105.751144
truong_hoc,node/12873469697,Phổ thông Cao đẳng – FPT Polytechnic Hà Nội (Cơ sở 2),21.0365344,105.903586
truong_hoc,node/12873469698,Phổ thông Cao đẳng – FPT Polytechnic Hà Nội (Cơ sở 4),20.9614029,105.7633591
truong_hoc,node/12890263429,Trường Mầm non Shining Star,20.9857985,105.7777515
truong_hoc,node/12905142196,Trường Trung học phổ thông Việt Hoàng,21.0642238,105.722701
truong_hoc,node/12905277801,Trường Tiểu học và Trung học cơ sở Unigo,21.0646262,105.7228753
truong_hoc,node/12912125108,Trường Mầm non Mỗ Lao (cơ sở 2),20.9819253,105.7843591
truong_hoc,node/12913952632,Trường Mầm non Mỗ Lao (cơ sở 1),20.9792091,105.7846683
truong_hoc,node/13028013379,Trường Tiểu học Vĩnh Khúc,20.9395049,106.001258
truong_hoc,node/13028013398,Trường Trung học cơ sở Vĩnh Khúc,20.9377308,106.0024711
truong_hoc,node/13028013399,Trường Mầm Non Vĩnh Khúc,20.9381109,106.0019192
truong_hoc,node/13071951996,Trường mầm non Thạch Đà B,21.1661555,105.6712271
truong_hoc,node/13071951997,Trường tiểu học Thạch Đà B,21.1657953,105.6729008
truong_hoc,node/13071969304,Trường Trung học cơ sở Phạm Hồng Thái,21.1697307,105.6777138
truong_hoc,node/13072684318,Trường Cao đẳng Y Hà Nội (cơ sở Mỹ Đình),21.0315303,105.7730291
truong_hoc,node/13072684319,Trường Cao đẳng Y Hà Nội (trụ sở chính),20.986401,105.8132964
truong_hoc,node/13088187923,Trường mầm non Tô Quyền,20.9455618,105.9921284
truong_hoc,node/13088187940,Trường Tiểu học và THCS Tô Hiệu,20.9509366,105.9907882
truong_hoc,node/13114068728,Khu Giảng đường 4 - Trường Đại học Công nghệ - Đại học Quốc gia Hà Nội,21.0409077,105.7510128
truong_hoc,node/13128218496,Trường Mầm non Nắng Xuân,20.9970514,105.7504321
truong_hoc,node/13165071202,Trường mầm non Long Hưng,20.9405653,105.9568975
truong_hoc,node/13185444841,Trường mầm Non Tô Quyền,20.9564505,105.9923258
truong_hoc,node/13282395201,Thực Nghiệm,21.078093,105.814401
truong_hoc,node/13301609805,Cụm trường Mầm non – Tiểu học – Trung học cơ sở Vinschool Ocean Park 2,20.9494593,105.9645532
truong_hoc,node/13323325341,MẦM NON HOA SỮA,20.9457843,105.9563391
truong_hoc,node/13366274670,MẦM NON TỰ THỰC BAN MAI XANH,20.9326815,106.0030652
truong_hoc,node/13390624578,Trường THCS Nguyễn Thiện Thuật,20.8384861,105.9801597
truong_hoc,node/13390624584,Trường tiểu học thị trấn Khoái Châu,20.832588,105.9790322
truong_hoc,node/13390624585,Trường thcs thị trấn Khoái Châu,20.8321536,105.9785376
truong_hoc,node/13390624586,Trường mầm non Hoa Anh Đào,20.8355477,105.9784368
truong_hoc,node/13430306194,Trung tâm Giáo dục Quốc phòng và An ninh,20.9999851,105.5188703
truong_hoc,node/13433896603,Trường Tiểu học và THCS Tô Hiệu,20.9492076,105.9958627
truong_hoc,node/13435829588,Lớp mầm non độc lập Học Viện Xanh,20.9806435,105.8358728
truong_hoc,node/13462222541,Trường Mầm non ME School,21.0286918,105.8143832
truong_hoc,node/13470950926,Trường Mầm non Ước mơ - Cơ sở 1,21.173982,106.0562209
truong_hoc,node/13483050270,Mầm non song ngữ An Happy,21.1647045,106.0516572
truong_hoc,node/13505842601,Viet Duc Preschool,21.0564624,105.8668738
truong_hoc,node/13520226069,Trường THPT Ngô Gia Tự,20.9648587,105.7915908
truong_hoc,node/13532324187,Trường mầm non Sao Mai cơ sở 2,21.1871491,106.063904
truong_hoc,node/13589733639,Trường Mầm non Tư thục KBIS,21.1637161,106.0606723
truong_hoc,node/13617885401,"Nhóm Trẻ, Lớp Mẫu Giáo Độc Lập Bình Minh",21.00422,105.8100689
truong_hoc,node/13632874311,,21.1984605,105.8199132
truong_hoc,node/13632874605,,21.1988992,105.8312682
truong_hoc,node/13684981643,Trường Mầm non đa trí tuệ - Mie Academy,21.1773832,106.0641948
truong_hoc,node/13698932989,Trường Mầm Non Song Ngữ,21.1895757,106.062986
truong_hoc,node/13726848403,Trường Mầm Non Hoàng Yến (cơ sở 2),20.9531351,106.0053353
truong_hoc,node/13726848404,Trường Mầm Non Hoàng Yến (cơ sở 1),20.9532156,106.0051255
truong_hoc,node/13733930410,Trường Mầm non Nắng Hồng,21.0201881,105.8320962
truong_hoc,node/13784148931,Trường Mầm non Trung Phụng (Cơ sở 2),21.0168608,105.8387159
truong_hoc,node/13818137472,Trường Mầm non Kiêu Kỵ,20.9794356,105.9582048
truong_hoc,node/13890192766,Trường Trung học phổ thông Trần Thánh Tông,21.052872,105.7834145
truong_hoc,node/13967351540,Trường Quốc tế Vàng Anh,21.177,106.0585378
truong_hoc,node/13990353253,Trường Mầm non Panda,21.165197,106.0575522
truong_hoc,node/13990361743,Lớp Mầm non Độc lập P.Montessori,21.164922,106.0518635
truong_hoc,way/116821940,Trường Trung học cơ sở Xuân Đỉnh,21.0720446,105.7958081
truong_hoc,way/116821942,Trường Trung học phổ thông Xuân Đỉnh,21.0728345,105.79644
truong_hoc,way/116822474,Trường Tiểu học Xuân Đỉnh,21.0723743,105.7944959
truong_hoc,way/136184153,Singapore International School,21.0752048,105.8022107
truong_hoc,way/136246179,Trường Quốc tế Liên hiệp quốc Hà Nội,21.0752249,105.8073682
truong_hoc,way/136246184,Hanoi Academy,21.0733284,105.8029336
truong_hoc,way/136255922,"Trường Tiểu học, Trung học cơ sở và Trung học phổ thông May",20.9863565,105.8305513
truong_hoc,way/136272637,Trường Trung học cơ sở - Trung học phổ thông Trần Quốc Tuấn,21.0258904,105.7722381
truong_hoc,way/159949213,Trường Tiểu học Hoàng Hoa Thám,21.0456555,105.8105003
truong_hoc,way/164213207,Trường Tiểu học Nguyễn Trãi,20.9962205,105.81718
truong_hoc,way/179996741,Trường Trung học phổ thông Kim Liên,21.0109326,105.8316955
truong_hoc,way/179998403,Trường Trung học cơ sở Đống Đa (phân hiệu),21.0137338,105.8238772
truong_hoc,way/180075247,Trường Tiểu học Nam Thành Công,21.0153495,105.8099674
truong_hoc,way/180082695,Trưòng Trung học cơ sở Kim Liên,21.005471,105.8345499
truong_hoc,way/180085313,Trường Trung học cơ sở Ngô Quyền,21.0001356,105.8572565
truong_hoc,way/180085314,Trường Trung học cơ sở Trưng Nhị,21.0114416,105.8555095
truong_hoc,way/180085315,Trường Trung học phổ thông Phan Huy Chú - Đống Đa,21.0172982,105.8092918
truong_hoc,way/180085316,Trường Trung học phổ thông Trần Nhân Tông,21.0129761,105.8568059
truong_hoc,way/180085318,Trường Tiểu học Ngô Quyền,21.0004448,105.8569356
truong_hoc,way/194852647,Trường Trung học cơ sở Nguyễn Trường Tộ,21.0209307,105.8204315
truong_hoc,way/199148845,Trường Trung học cơ sở Phan Chu Trinh,21.0278909,105.8142645
truong_hoc,way/199956914,Trường Tiểu học Hoàng Diệu,21.0370963,105.8076358
truong_hoc,way/207306208,Trường Tiểu học Cầu Giấy B,21.0384303,105.7963522
truong_hoc,way/220413224,Trường Tiểu học Kim Đồng,21.0299487,105.8191535
truong_hoc,way/220413363,Trường Trung học cơ sở Giảng Võ,21.0287901,105.8219227
truong_hoc,way/220413364,Trường Trung học phổ thông Nguyễn Trãi - Ba Đình,21.0292903,105.8224835
truong_hoc,way/223798539,Trường Trung học phổ thông chuyên Chu Văn An,21.0431145,105.8319542
truong_hoc,way/228036560,Trường Trung học cơ sở Tây Sơn,21.017305,105.8480096
truong_hoc,way/242483623,Trường Trung học phổ thông Văn Giang,20.9523776,105.944421
truong_hoc,way/242484972,Trường Trung học cơ sở Chụ Mạnh Trinh,20.9445071,105.937868
truong_hoc,way/244377861,Trường Trung học cơ sở Đa Tốn,20.9873859,105.932641
truong_hoc,way/244392475,Trường Trung học phổ thông Nguyễn Văn Cừ,20.9817107,105.9216732
truong_hoc,way/244424712,Trường Tiểu học Đa Tốn,20.9847712,105.9377176
truong_hoc,way/246257102,Trường Mầm non Hoàng Liệt (cơ sở Bằng A),20.9624027,105.8202199
truong_hoc,way/264994343,Trường Trung học phổ thông Mê Linh,21.1706986,105.7350218
truong_hoc,way/264994425,Trường Trung học phổ thông Tiền Phong,21.1583485,105.7501082
truong_hoc,way/264994617,Trường Trung học cơ sở Tiền Phong,21.1521374,105.7566765
truong_hoc,way/267916178,,21.1171443,105.8015826
truong_hoc,way/267916287,Trường Tiểu học Hải Bối,21.1101547,105.798043
truong_hoc,way/267916970,Trường Trung học cơ sở Bùi Quang Mại,21.1212541,105.7546592
truong_hoc,way/267916981,Trường Tiểu học Đại Mạch,21.1205201,105.7540669
truong_hoc,way/267919728,Trường mầm non Phố Yên,21.153956,105.7600019
truong_hoc,way/267919798,Trường Trung học cơ sở Tiền Phong B,21.1572307,105.7677492
truong_hoc,way/267924675,Trường Tiểu học Kim Chung,21.12952,105.7777806
truong_hoc,way/267936674,Trường Trung học cơ sở Hai Bà Trưng,21.2433815,105.702048
truong_hoc,way/267937127,Trường Tiểu học Mê Linh,21.16416,105.730582
truong_hoc,way/267937128,Trường Trung học cơ sở Mê Linh,21.1649839,105.7306358
truong_hoc,way/267939355,Trường Trung học cơ sở Võng La,21.1095937,105.7652738
truong_hoc,way/291267016,Trưòng Mầm non Nghĩa Đô,21.0493543,105.7952876
truong_hoc,way/291705165,Trưòng Tiểu học và Trung học cơ sở Nghĩa Đô,21.0471409,105.7959561
truong_hoc,way/324549021,Trường Trung học cơ sở Khương Đình,20.9928095,105.8153687
truong_hoc,way/324549027,Trường Mầm non Khương Đình,20.9911224,105.8168091
truong_hoc,way/335145869,Trường Tiểu học Cổ Nhuế 2A,21.0582101,105.7805431
truong_hoc,way/335347852,Trường Trung học cơ sở Đông Ngạc A,21.068895,105.7813723
truong_hoc,way/337920895,Trường Tiểu học Cổ Nhuế 2B,21.0612596,105.7778547
truong_hoc,way/339936729,Trường Trung học cơ sở Lê Quý Đôn,21.0424822,105.7983797
truong_hoc,way/339940206,Trường Trung học cơ sở Yên Hòa,21.0226445,105.7912527
truong_hoc,way/354342236,Trường Trung học cơ sở Ngọc Hà,21.0402194,105.8247058
truong_hoc,way/363747811,Trường Trung học phổ thông chuyên Hà Nội - Amsterdam,21.007012,105.7982471
truong_hoc,way/368133384,Trường Trung học cơ sở Liên Bảo,21.3151391,105.6054257
truong_hoc,way/368133386,Trường Tiểu học Liên Minh,21.3162158,105.6050501
truong_hoc,way/368133387,Trường Tiểu học Đống Đa,21.307826,105.6023391
truong_hoc,way/368145342,Trường Trung học cơ sở Lê Hồng Phong,21.2379916,105.7086766
truong_hoc,way/380402394,Trường Tiểu học Vũ Lăng,20.9264415,105.8517848
truong_hoc,way/380402395,Trường Trung học phổ thông Ngọc Hồi,20.9261458,105.8529211
truong_hoc,way/382871167,Trường Trung học phổ thông Đan Phượng,21.0869191,105.6691982
truong_hoc,way/384534317,Trường Trung học cơ sở Long Biên (Trường chính),21.0235615,105.9069096
truong_hoc,way/384534318,Trường Tiểu học Nông nghiệp,21.0044771,105.9385661
truong_hoc,way/384534319,Trường Trung học phổ thông Thạch Bàn,21.0181143,105.9161793
truong_hoc,way/398276451,Trường Tiểu học Hồ Tùng Mậu,21.0475464,105.7651415
truong_hoc,way/398276489,Trường Mầm non Hồ Tùng Mậu,21.0472004,105.7649768
truong_hoc,way/401290207,Trường Trung học cơ sơ Từ Sơn 1,21.1200478,105.9662024
truong_hoc,way/401290369,Trường Tiểu học Từ Sơn 1,21.1206192,105.965959
truong_hoc,way/420953924,Trường Tiểu học Liên Mạc,21.085212,105.7482588
truong_hoc,way/422748671,Trường Phổ thông Đoàn Thị Điểm,21.0708612,105.779966
truong_hoc,way/426733615,Trường Mầm non Thực nghiệm Hoa Hồng,21.0064339,105.8200265
truong_hoc,way/457134596,Trường Nhật Bản Hà Nội,21.0343447,105.7689337
truong_hoc,way/457741993,Trường Mầm non Tràng An,20.9917383,105.8011343
truong_hoc,way/457747396,Trường Trung học cơ sở Việt Nam - Angieri,20.9915613,105.7984822
truong_hoc,way/480700929,Trường Tiểu học và Trung học Cơ sở Trần Quôc Toản,21.1777441,106.065656
truong_hoc,way/485501783,Trường Trung học cơ sở Vĩnh Ngọc,21.1129249,105.8292227
truong_hoc,way/487142236,Trường Tiểu học Đông Ngạc A,21.0873475,105.7784097
truong_hoc,way/487142237,Trường Trung học cơ sở Đông Ngạc,21.0865103,105.7792442
truong_hoc,way/487142243,Trường Tiểu học Đông Ngạc B,21.0891153,105.7843656
truong_hoc,way/498409295,Trường Tiểu học Văn Yên,20.9721051,105.7847822
truong_hoc,way/499625377,,21.0532276,105.7108274
truong_hoc,way/499625378,,21.0535668,105.7099141
truong_hoc,way/500040428,Trường Tiểu học Thái Thịnh,21.0120868,105.81653
truong_hoc,way/500040429,Trường Trung học cơ sở Thái Thịnh,21.0124417,105.8160599
truong_hoc,way/500125108,Trường Tiểu học Gia Thụy,21.0490465,105.8859681
truong_hoc,way/500580438,Trường Trung học cơ sở Gia Thụy,21.0494699,105.8850011
truong_hoc,way/502742299,Trường Trung học phổ thông Cao Bá Quát – Gia Lâm,21.0240769,105.9382042
truong_hoc,way/503604052,Trường Tiểu học Vĩnh Quỳnh,20.9337392,105.8339737
truong_hoc,way/504048274,Trường Trung học phổ thông Nguyễn Gia Thiều,21.0464907,105.8742919
truong_hoc,way/504048275,Trường Trung học cơ sở Ái Mộ,21.0454511,105.8736358
truong_hoc,way/511615566,Trường Trung học phổ thông B Kim Bảng,20.6059042,105.8469925
truong_hoc,way/521721142,Trường Trung học cơ sở Chu Văn An,21.0421351,105.8327997
truong_hoc,way/527212153,Trường Trung học cơ sở Nhật Tân,21.0732038,105.8132461
truong_hoc,way/527458655,Trường Mầm non Vạn Phúc - khu B,20.9800943,105.7752737
truong_hoc,way/527458969,Trường Mầm non Vạn Phúc,20.9805817,105.7749238
truong_hoc,way/548262260,Trường Trung học cơ sở Phương Canh,21.0356378,105.7394111
truong_hoc,way/549120240,Trường Thể thao Thiếu niên 10 tháng 10,21.0276945,105.8231632
truong_hoc,way/554202135,Trường Trung học phổ thông Cổ Loa,21.0965549,105.8683286
truong_hoc,way/560585061,Trường Liên cấp Newton cơ sở 2,21.0417158,105.7674303
truong_hoc,way/562028053,Trường Trung học cơ sở Lương Yên,21.0091953,105.8639943
truong_hoc,way/563311945,Trường Trung học phổ thông Trần Phú,21.3080445,105.4174917
truong_hoc,way/563311969,Trường Trung học phổ thông Công nghiệp Việt Trì,21.309169,105.4178041
truong_hoc,way/563361112,Trường Tiểu học Tân Dân,21.3263836,105.4023275
truong_hoc,way/569806136,Trường Mầm non Phương Mai,21.0089275,105.8373917
truong_hoc,way/570127240,Trường Trung học phổ thông Tây Hồ,21.0861752,105.8091883
truong_hoc,way/570570399,Trường Tiểu học Đống Đa (cơ sở 2),21.0133384,105.8234115
truong_hoc,way/570571436,Trường Phổ thông Liên cấp Nguyễn Siêu,21.0166694,105.7901676
truong_hoc,way/570573189,Trường Tiểu học Láng Thượng,21.0226037,105.8015901
truong_hoc,way/570573262,Trường Tiểu học Lý Thái Tổ,21.0091731,105.804223
truong_hoc,way/570573799,Trường Trung học cơ sở Hoàng Liệt,20.9672118,105.8376082
truong_hoc,way/570574214,Trường Tiểu học Hoàng Liệt,20.9665587,105.838622
truong_hoc,way/570575340,Trường Quốc Tế Reigate Grammar Việt Nam,20.9748511,105.8336515
truong_hoc,way/570575341,Trường Mầm Non - Tiểu Học Bạch Dương,20.9760687,105.8349204
truong_hoc,way/570575348,Trường Tiểu học Đại Từ,20.9729176,105.8321448
truong_hoc,way/570578597,Trường Tiểu học Trung Hòa,21.0146927,105.7990235
truong_hoc,way/570578598,Trường Trung học cơ sở Trung Hòa,21.0140173,105.7989904
truong_hoc,way/570581703,Trường Tiểu học Tây Sơn,21.0128779,105.8468337
truong_hoc,way/570582486,Trường Phổ thông cơ sở Nguyễn Đình Chiểu,21.0025171,105.8629746
truong_hoc,way/570583312,Trường Tiểu học Nam Trung Yên,21.0182448,105.7858869
truong_hoc,way/570587184,Trường Tiểu học Thạch Bàn (Trường chính),21.0226706,105.914294
truong_hoc,way/570591933,Trường Trung học cơ sở Cầu Giấy B,21.0337414,105.7828185
truong_hoc,way/573038807,Trường Trung học cơ sở Phú Thượng,21.086396,105.8100728
truong_hoc,way/573038808,Trường Tiểu học Phú Thượng,21.0869784,105.8098337
truong_hoc,way/576213260,Trường Mầm non Thượng Cát,21.0964836,105.7323133
truong_hoc,way/576213271,Trường Trung học phổ thông Nguyễn Thị Minh Khai,21.0468501,105.751062
truong_hoc,way/576395913,Trường Trung học phổ thông Thượng Cát,21.084119,105.7376958
truong_hoc,way/576742591,Trường Trung học phổ thông Lý Thái Tổ,21.1112883,105.9517957
truong_hoc,way/576742594,Trường Trung học cơ sở Từ Sơn 2,21.1114071,105.9533913
truong_hoc,way/576742601,Trường Tiểu học Từ Sơn 2,21.1114728,105.9541738
truong_hoc,way/576742798,Trường Trung học cơ sở Từ Sơn 1,21.1165255,105.9667881
truong_hoc,way/576742817,Trường Tiểu học Từ Sơn 1,21.1167875,105.9659112
truong_hoc,way/577155253,Trường Tiểu học Từ Sơn 2,21.107141,105.9425234
truong_hoc,way/577155264,Trường Mầm non Từ Sơn 1,21.1076696,105.949764
truong_hoc,way/577203423,Trung tâm Giáo dục nghề nghiệp - Giáo dục thường xuyên Từ Sơn,21.1116791,105.9565667
truong_hoc,way/578186322,Trường Mầm non Văn Mỹ,20.8436932,105.6242691
truong_hoc,way/578187487,Trường Trung học cơ sở Hà Huy Tập,20.9984524,105.8569457
truong_hoc,way/582087502,Trường mầm non Gia Thụy,21.0523399,105.8887356
truong_hoc,way/582711689,sân trường mầm non Sơn ca,21.0418723,105.8687227
truong_hoc,way/588322159,"Trường Trung học cơ sở, tiểu học Vĩnh Thịnh",21.1749462,105.4874705
truong_hoc,way/588536758,Trường Phổ thông Đa Trí Tuệ - MIS,21.026869,105.7925215
truong_hoc,way/589521938,Vinschool,20.9942147,105.8666812
truong_hoc,way/589555919,Trường Trung học phổ thông Nguyễn Tât Thành,21.3255522,105.390216
truong_hoc,way/590716703,Trường mầm non Hoa Sữa,21.0368343,105.9102859
truong_hoc,way/593632328,Trường Trung học cơ sở Nguyễn Phong Sắc,20.9974035,105.8481424
truong_hoc,way/593642477,Trường Trung học cơ sở Khương Thượng (phân hiệu 1),21.0059155,105.840153
truong_hoc,way/593642482,Trường Tiểu học Phương Mai,21.0052225,105.8395392
truong_hoc,way/593653788,Trường Tiểu học An Dương,21.0545,105.8389432
truong_hoc,way/605828064,Trường Trung học phổ thông Mỹ Đình,21.0242364,105.7744551
truong_hoc,way/637461009,Trường Tiểu học Giáp Bát (điểm 2),20.9943934,105.8580009
truong_hoc,way/641558817,Trường Trung học cơ sở Trạm Trôi,21.0682707,105.7061635
truong_hoc,way/641558818,Trường Tiểu học Lý Nam Đế,21.0689309,105.7062387
truong_hoc,way/641558819,Trường Tiểu học Đức Giang,21.0625028,105.705906
truong_hoc,way/641558820,Trường Trung học cơ sở Đức Giang,21.0630296,105.7060182
truong_hoc,way/642181107,Trường Tiểu học Kim Chung B,21.0616027,105.7154896
truong_hoc,way/642181125,Trường Mầm non Hoa Sen,21.0676666,105.7065954
truong_hoc,way/645296157,Trường Trung học phổ thông Hoài Đức A,21.0497369,105.7044511
truong_hoc,way/645296160,Trường Trung học cơ sở Sơn Đồng,21.0490704,105.7035046
truong_hoc,way/646377850,,21.0514002,105.7069929
truong_hoc,way/646377852,Trường Mầm non Kim Chung A,21.0508768,105.706693
truong_hoc,way/646377854,Trung tâm Giáo dục nghề nghiệp-Giáo dục thường xuyên huyện Hoài Đức (cơ sở 1),21.0536709,105.7055883
truong_hoc,way/646377963,Trường Tiểu học Sơn Đồng,21.0441763,105.6966694
truong_hoc,way/646377970,Trường Trung học cơ sở Vân Canh,21.0354898,105.733942
truong_hoc,way/646377971,Trường Tiểu học Vân Canh,21.0360855,105.7339762
truong_hoc,way/646377986,Trường Trung học cơ sở Di Trạch,21.0487205,105.7210372
truong_hoc,way/646377987,Trường Tiểu học Di Trạch,21.0490285,105.7206094
truong_hoc,way/647253450,Trường Tiểu học Hương Mạc 2,21.1553166,105.9420573
truong_hoc,way/647253451,Trường Trung học cơ sở Hương Mạc,21.1503596,105.9435479
truong_hoc,way/647253561,Trường Trung học cơ sở Nguyễn Văn Cừ,21.1438727,105.9308451
truong_hoc,way/647253563,Trường Trung học phổ thông Nguyễn Văn Cừ,21.143872,105.9294818
truong_hoc,way/647253624,Trường Trung học cơ sở Hương Mạc 1,21.1517508,105.9310056
truong_hoc,way/647396790,Trường Trung học cơ sở Tương Giang,21.1397688,105.9904409
truong_hoc,way/647396794,Trường Tiểu học Tương Giang,21.1353535,105.9845334
truong_hoc,way/647396909,Trường Tiểu học Đồng Nguyên,21.1265326,105.9798297
truong_hoc,way/647396911,Trường Trung học cơ sở Từ Sơn,21.1271569,105.9797207
truong_hoc,way/647397111,Trường Trung học phổ thông Ngô Gia Tự,21.1406186,105.9779647
truong_hoc,way/647397165,Trường Mầm non Tam Sơn số 1,21.148098,105.9761841
truong_hoc,way/647397173,Trường Trung học cơ sở Tam Sơn,21.1442146,105.9734572
truong_hoc,way/647397175,Trường Tiểu học Tam Sơn,21.1452479,105.974734
truong_hoc,way/648461423,Trường Mầm non Đồng Quang,21.1212399,105.9518843
truong_hoc,way/648461434,Trường Tiểu học Đồng Quang,21.1212278,105.953223
truong_hoc,way/648461435,Trường Trung học cơ sở Đồng Nguyên,21.120626,105.9533863
truong_hoc,way/648729038,Trường Mầm non Tân Hồng 1,21.1089941,105.9722538
truong_hoc,way/649176318,Trường Tiểu học Đồng Quang,21.1392296,105.9493904
truong_hoc,way/649176336,Trường Trung học cơ sở Đồng Nguyên,21.1346726,105.9474968
truong_hoc,way/649185481,Trường Tiểu học Từ Sơn 2,21.0951403,105.9710587
truong_hoc,way/649185482,Trường Trung học cơ sở Từ Sơn 2,21.0958373,105.9710922
truong_hoc,way/650062369,Trường Trung học cơ sở Châu Khê,21.1125313,105.9301583
truong_hoc,way/650062370,Trường Tiểu học Châu Khê 2,21.1139917,105.9298755
truong_hoc,way/650062378,,21.1189598,105.9272323
truong_hoc,way/650062440,Trường Mầm non Phù Khê,21.1345882,105.9304276
truong_hoc,way/650062599,Trường Tiểu học Phù Khê,21.1365069,105.9346226
truong_hoc,way/650062693,Trường Mầm non Đồng Quang,21.138157,105.9466895
truong_hoc,way/650062697,Trường Tiểu học Đồng Quang,21.1346455,105.9451672
truong_hoc,way/650427719,Trường Tiểu học Tam Trinh (trụ sở chính),20.9689072,105.8732524
truong_hoc,way/650427919,Trường Trung học cơ sở Thịnh Liệt (điểm 2),20.9681782,105.8721498
truong_hoc,way/651503561,Trường Mầm non Tương Giang 1,21.1354969,105.98285
truong_hoc,way/651520257,Trường Trung học cơ sở Nội Duệ,21.1368291,106.0079099
truong_hoc,way/651520258,Trường Tiểu học Nội Duệ,21.1365747,106.0072964
truong_hoc,way/651520265,Trường Mầm non Nội Duệ,21.1348165,105.9996698
truong_hoc,way/652322535,Trường Trung học cơ sở Nguyễn Du,21.1378742,106.0208297
truong_hoc,way/652322536,Trường Trung học phổ thông Nguyễn Đăng Đạo,21.1363528,106.020973
truong_hoc,way/653161609,Trường Trung học phổ thông Lê Quý Đôn,21.0938021,105.9821959
truong_hoc,way/653161623,Trường Mầm non Từ Sơn 3,21.0990598,105.9754005
truong_hoc,way/659837217,Trường Tiểu học Tiền Phong,21.0815622,105.9176985
truong_hoc,way/659860788,Trường Mầm non Dương Hà,21.0753902,105.9275942
truong_hoc,way/659860790,Trường Trung học cơ sở Dương Hà,21.074762,105.9268576
truong_hoc,way/659860793,Trường Mầm non Thôn Thượng,21.0749209,105.9299344
truong_hoc,way/659860828,Trường Mầm non Hoa Sen,21.0793508,105.9247082
truong_hoc,way/659860849,Trường Mầm non Hoa Hồng,21.084955,105.919578
truong_hoc,way/659860852,Trường Mầm non Thị trấn Yên Viên,21.085804,105.9202527
truong_hoc,way/659909921,Trường Trung học cơ sở Đình Xuyên,21.07837,105.9353786
truong_hoc,way/659909922,Trường Tiểu học Đình Xuyên,21.0779931,105.9356232
truong_hoc,way/659910038,Trường Tiểu học Dương Hà,21.0659037,105.9313748
truong_hoc,way/659915515,Trường Tiểu học Lê Ngọc Hân,21.0761654,105.9463981
truong_hoc,way/659915540,Trường Tiểu học Ninh Hiệp,21.0767278,105.947015
truong_hoc,way/659915541,Trường Trung học cơ sở Ninh Hiệp,21.0789492,105.9462267
truong_hoc,way/659915631,Trường Mầm non Đình Xuyên,21.0779968,105.9344029
truong_hoc,way/660703521,Trường Trung học cơ sở Yên Viên,21.0966424,105.9164688
truong_hoc,way/660703601,Trường Trung học phổ thông Yên Viên,21.0908623,105.9257669
truong_hoc,way/660703606,Trường Tiểu học Thị trấn Yên Viên,21.0914309,105.9252569
truong_hoc,way/660703612,Trường Trung học cơ sở Thị trấn Yên Viên,21.0917486,105.9248971
truong_hoc,way/660703659,Trường Mầm non Hoa Sữa,21.0953229,105.9200156
truong_hoc,way/661138318,Trường Mầm non Yên Thường,21.0949489,105.9047487
truong_hoc,way/661138403,Trường Mầm non Yên Thường,21.1002604,105.9148664
truong_hoc,way/661138420,Trường Tiểu học Yên Thường,21.0992593,105.9194429
truong_hoc,way/661138421,Trường Trung học cơ sở Yên Thường,21.1019724,105.9161667
truong_hoc,way/661161533,Trường Tiểu học Văn Môn,21.1709135,105.9303904
truong_hoc,way/661161550,Trường Tiểu học Phù Khê,21.1465532,105.9342293
truong_hoc,way/661161571,Trường Mầm non Hương Mạc,21.1505597,105.9276468
truong_hoc,way/661161584,Trường Tiểu học Hương Mạc 1,21.1570789,105.9292128
truong_hoc,way/661161626,Trường Tiểu học Châu Khê 1,21.1220449,105.924293
truong_hoc,way/661451764,Trường Trung học cơ sở Đại Đồng,21.0901408,105.9875767
truong_hoc,way/661451794,Trường Mầm non Đại Đồng,21.0893901,105.9909482
truong_hoc,way/661451802,Trường Tiểu học Đại Đồng,21.0885781,105.9884696
truong_hoc,way/661451825,Trường Mầm non Đại Đồng 2,21.096999,105.9857626
truong_hoc,way/661451885,Trường Mầm non Từ Sơn 2,21.1111564,105.9772117
truong_hoc,way/662917176,Trường Trung học cơ sở Xuân Hòa,21.2820761,105.7264263
truong_hoc,way/662917178,Trường Trung học phổ thông Xuân Hòa,21.2846199,105.7217094
truong_hoc,way/670841007,Trường Tiểu học Chu Văn An,20.9591156,105.8227567
truong_hoc,way/677796532,Trường Tiểu học Yên Mỹ,20.9473445,105.8719046
truong_hoc,way/677796533,Trường Trung học cơ sở Yên Mỹ,20.9476567,105.871358
truong_hoc,way/677797196,Trường Mầm non Yên Mỹ,20.9425726,105.8712624
truong_hoc,way/680266953,Trường Liên cấp Newton - cơ sở 1,21.0523519,105.7846174
truong_hoc,way/682239143,Trường Mầm Non Thiên Đường Trẻ Thơ,21.0624104,105.9101533
truong_hoc,way/685182456,Trường Trung học cơ sở Đồng Nguyên,21.1267263,105.9731031
truong_hoc,way/689353214,Trường Mẫu giáo số 8,21.0447269,105.8510785
truong_hoc,way/691421444,Trường Tiểu học Văn Miếu - Quốc Tử Giám,21.0204528,105.8380609
truong_hoc,way/696946040,Trường Tiểu học Tiền An,21.1797197,106.0618891
truong_hoc,way/696966661,Trường Mầm non Võ Cường số 2,21.166927,106.0616771
truong_hoc,way/696991609,Trường Trung học cơ sở Tiền An,21.176959,106.061801
truong_hoc,way/696996712,Trường Trung học phổ thông Nguyễn Du,21.1723994,106.0542288
truong_hoc,way/697007618,Trường Trung học phổ thông Lý Nhân Tông,21.1924901,106.0397888
truong_hoc,way/697055244,Trường Mầm non Đồng Nguyên,21.1282866,105.9805346
truong_hoc,way/697056212,Trường Trung học cơ sở Tiền An,21.1839205,106.064562
truong_hoc,way/697056213,Trường Trung học phổ thông chuyên Bắc Ninh,21.1908034,106.0611741
truong_hoc,way/697058153,Trường Mầm non Kinh Bắc,21.1886112,106.0646177
truong_hoc,way/697058154,Trường Tiểu học Kinh Bắc,21.1885069,106.0657931
truong_hoc,way/697791076,Trường Tiểu học Ngọc Hà,21.0358751,105.8251437
truong_hoc,way/697791087,Trường Tiểu học Ngọc Hà,21.0384826,105.8271504
truong_hoc,way/698018239,Trường Tiểu học Việt Nam - Cuba,21.0432292,105.8423656
truong_hoc,way/698018240,Trường Trung học cơ sở Ba Đình (phân hiệu 1),21.0420367,105.8428133
truong_hoc,way/698018241,Trường Trung học phổ thông Phan Đình Phùng,21.0411904,105.8428148
truong_hoc,way/698018271,Trường Tiểu học Nguyễn Tri Phương,21.0431978,105.8382735
truong_hoc,way/698273225,Trung tâm Giáo dục nghề nghiệp-Giáo dục thường xuyên quận Ba Đình (cơ sở 3),21.0376144,105.8134935
truong_hoc,way/698676702,Trường Tiểu học Ngọc Hà (phân hiệu 2),21.0339111,105.8232572
truong_hoc,way/698676704,Trường Trung học cơ sở Ngọc Hà (phân hiệu 1),21.0342925,105.8206464
truong_hoc,way/699065682,Trường Mầm non Đông Ngạc,21.0620641,105.7783044
truong_hoc,way/699065691,Trường Trung học phổ thông DL Huỳnh Thúc Kháng,21.0613766,105.7821815
truong_hoc,way/699218310,Trường Mầm non Tuổi Hoa,21.0772942,105.775576
truong_hoc,way/699905158,Trường Mầm non Chu Văn An,21.0420006,105.8312835
truong_hoc,way/699905170,Trường Tiểu học Chu Văn An A,21.0428847,105.8243131
truong_hoc,way/699905193,Trường Tiểu học Chu Văn An,21.0438232,105.8177123
truong_hoc,way/700145148,Trường Mầm non A,21.0307559,105.8364519
truong_hoc,way/700620998,Trường Trung học cơ sở Thanh Quan,21.0377806,105.847426
truong_hoc,way/700627455,Trường Tiểu học Kim Đồng,21.0381757,105.851196
truong_hoc,way/700627456,Trường Trung học cơ sở Lê Lợi,21.0378859,105.850954
truong_hoc,way/700654150,Trung tâm Giáo dục nghề nghiệp-Giáo dục thường xuyên quận Ba Đình,21.0412233,105.847924
truong_hoc,way/700654159,Trường Mầm non Hoạ Mi,21.0391624,105.8484355
truong_hoc,way/700671920,Trường Trung học cơ sở Ba Đình (phân hiệu 2),21.0483773,105.841464
truong_hoc,way/700671922,Trường Trung học phổ thông Đinh Tiên Hoàng,21.0462858,105.8431492
truong_hoc,way/700671966,Trường Mẫu giáo số 3,21.0418373,105.8457443
truong_hoc,way/700671968,Trường Trung học cơ sở Ba Đình,21.0424516,105.8462984
truong_hoc,way/700840694,Trường Tiểu học Trần Nhật Duật,21.0371403,105.8528934
truong_hoc,way/700840704,Trường Mẫu giáo Tuổi thơ,21.0364685,105.8520949
truong_hoc,way/700840721,Trường Tiểu học Hồng Hà,21.0358617,105.8489146
truong_hoc,way/700853402,Trường Tiểu học Trưng Vương,21.0303503,105.8553814
truong_hoc,way/701605948,Trường Tiểu học Trần Quốc Toản,21.026886,105.8506278
truong_hoc,way/701605955,Trường Tiểu học Tràng An,21.0279425,105.8503167
truong_hoc,way/701882944,Trường Trung học cơ sở Hoàn Kiếm,21.0283197,105.8491047
truong_hoc,way/702456219,Trường Mầm non Kim Đồng,21.0269432,105.8384625
truong_hoc,way/702456278,Trường Tiểu học và Trung học cơ sở Lý Thường Kiệt,21.0289517,105.8385208
truong_hoc,way/703386682,Trường Tiểu học Thăng Long,21.0307089,105.8452161
truong_hoc,way/704134607,Trường Mầm non 20-10,21.0260007,105.8444437
truong_hoc,way/704147268,Trường Trung học phổ thông Trần Phú - Hoàn Kiếm,21.023767,105.8560191
truong_hoc,way/704147319,Trường Tiểu học Quang Trung,21.0202496,105.8484964
truong_hoc,way/704147365,Trường Tiểu học Bình Minh,21.0232576,105.8478061
truong_hoc,way/704147371,Trường Trung học phổ thông Việt Đức,21.0228844,105.8496923
truong_hoc,way/704147378,Trường Trung học cơ sở Trưng Vương,21.0233315,105.85221
truong_hoc,way/704159155,Wellspring Hanoi International School,21.0386591,105.8742192
truong_hoc,way/704159167,Trường Trung học cơ sở Ngọc Lâm,21.0450169,105.8760743
truong_hoc,way/704159169,Trường Tiểu học Ngọc Lâm,21.0442817,105.8761837
truong_hoc,way/704159194,Trường Tiểu học Ái Mộ B,21.0432799,105.8697621
truong_hoc,way/704250692,Trường Trung học cơ sở Bồ đề,21.0389501,105.8800561
truong_hoc,way/704250745,Trường Mầm non Hồng Tiến,21.039325,105.8730527
truong_hoc,way/704250752,Trường Mầm non Bồ Đề,21.0393046,105.8704795
truong_hoc,way/704250759,Trường Tiểu học Bồ Đề,21.037705,105.8724219
truong_hoc,way/704292532,Trường Trung học cơ sở Ngọc Thuỵ,21.0543268,105.872461
truong_hoc,way/704292562,Trường Mầm non Thượng Thanh,21.0562617,105.8785429
truong_hoc,way/704292576,Trường Tiểu học Gia Quất,21.054173,105.8777289
truong_hoc,way/711128158,Trường Mầm non Năng khiếu Louis,21.0060338,105.8000018
truong_hoc,way/738602793,Trường Tiểu học Đô thị Việt Hưng,21.0634535,105.910262
truong_hoc,way/738808141,Trường Mầm non Chu Văn An,21.0656094,105.9096838
truong_hoc,way/755367129,Trường Trung học phổ thông Huỳnh Thúc Kháng,20.9989167,105.8151384
truong_hoc,way/755377948,Trường Trung học cơ sở Hạ Đình,20.986939,105.810693
truong_hoc,way/755377949,Trường Tiểu học Hạ Đình,20.9876378,105.8107675
truong_hoc,way/762128810,Trường Tiểu học Đồng Tâm,20.806833,105.6751445
truong_hoc,way/762128815,Trường Trung học cơ sở Đồng Tâm,20.8064761,105.6741385
truong_hoc,way/762128825,Trường Mầm non Đồng Tâm,20.8069934,105.6734082
truong_hoc,way/762168570,,20.7999164,105.6772759
truong_hoc,way/762231861,Trường Trung học cơ sở Thượng Lâm,20.7962401,105.6751299
truong_hoc,way/762231862,Trường Tiểu học xã Thượng Lâm,20.7956343,105.6750702
truong_hoc,way/762456411,Trường Tiểu học Tuy Lai A,20.7736515,105.6828541
truong_hoc,way/762785868,Trường Mầm non An Mỹ,20.7529969,105.697822
truong_hoc,way/763107737,Trường Trung học cơ sở Mỹ Thành,20.782205,105.7037068
truong_hoc,way/763352516,Trường Tiểu học Đồng Lạc,20.824351,105.6825322
truong_hoc,way/763352520,Trường Trung học cơ sở Đồng Lạc,20.8232942,105.6826099
truong_hoc,way/763352524,Trường Mầm non xã Đồng Lạc,20.8238376,105.6825381
truong_hoc,way/763352688,Trường Tiểu học Trần Phú B,20.8117502,105.6457114
truong_hoc,way/764094797,Trường Trung học cơ sở Phúc Lâm,20.8098035,105.7069144
truong_hoc,way/764094873,Trường Tiểu học Phúc Lâm,20.8142529,105.7061424
truong_hoc,way/764094876,Trường Mầm non xã Phúc Lâm,20.8136496,105.7055079
truong_hoc,way/764357296,Trường Mầm non xã Trần Phú,20.8335274,105.6737237
truong_hoc,way/764357299,Trường Trung học cơ sở Trần Phú,20.8328875,105.6734374
truong_hoc,way/764357308,Trường Tiểu học Trần Phú A,20.8326431,105.6728855
truong_hoc,way/764553910,Trường Tiểu học xã Hồng Sơn,20.7355923,105.7045812
truong_hoc,way/764553920,Trường Mầm non Hồng Sơn,20.733534,105.7028901
truong_hoc,way/764553921,Trường Trung học cơ sở Hồng Sơn,20.7331741,105.7024751
truong_hoc,way/765136193,Trường Trung học cơ sở Bột Xuyên,20.782645,105.7158351
truong_hoc,way/765136206,Trường Tiểu học Xã Bột Xuyên,20.7798897,105.712261
truong_hoc,way/765138725,Trường Trung học phổ thông Mỹ Đức B,20.7542503,105.7038643
truong_hoc,way/765975786,Trường Tiểu học Lê Thanh A,20.7267803,105.7235544
truong_hoc,way/766661826,Trường Mầm non Lê Thanh B,20.7398213,105.7136672
truong_hoc,way/766661828,Trường Tiểu học Lê Thanh B,20.7392734,105.7135404
truong_hoc,way/766662052,Trường Tiểu học Xuy Xá,20.7174863,105.7329764
truong_hoc,way/766662117,Trường Mầm non xã Xuy Xá,20.7192418,105.735605
truong_hoc,way/767859408,Trường Tiểu học Phùng Xá,20.7224429,105.7627952
truong_hoc,way/767859421,Trường Mầm non xã Phùng Xá,20.7194482,105.7609451
truong_hoc,way/767859425,Trường Trung học cơ sở Phùng Xá,20.7202366,105.7613253
truong_hoc,way/768033040,Trường Tiểu học Hương Sơn A,20.61923,105.7779436
truong_hoc,way/768420583,Điểm trường Mầm non Thôn Yến Vỹ,20.6095141,105.77632
truong_hoc,way/768420595,Trường Tiểu học Hương Sơn B,20.6100803,105.7858582
truong_hoc,way/768696728,Trường Trung học cơ sở Đại Nghĩa,20.6824479,105.7462245
truong_hoc,way/768696730,Trường Trung học phổ thông Mỹ Đức A - khu B,20.6833414,105.7448217
truong_hoc,way/768696736,Trường Mầm non Tế Tiêu,20.6872899,105.7397328
truong_hoc,way/768696744,Trường Trung học cơ sở Tế Tiêu,20.6876919,105.7403572
truong_hoc,way/768696763,Trường Tiểu học Tế Tiêu,20.6869406,105.7405705
truong_hoc,way/769948441,Trường Trung học cơ sở An Tiến,20.6581141,105.737903
truong_hoc,way/769948447,Trường Tiểu học An Tiến,20.6574641,105.7373223
truong_hoc,way/779440864,Trường Trung học cơ sở Sơn Lôi,21.2734532,105.6795226
truong_hoc,way/779903800,Trường Tiểu học Sơn Lôi B,21.2703838,105.6805748
truong_hoc,way/792035946,Trường Tiểu học Archimedes Academy,21.0310073,105.7902644
truong_hoc,way/792035947,Trường Tiểu học và Trung học cơ sở HWS,21.0317411,105.7904403
truong_hoc,way/792035951,Alaska Academy,21.0304564,105.7940924
truong_hoc,way/792416730,Trường Trung học cơ sở Phụng Châu,20.9479314,105.7037115
truong_hoc,way/792416731,Trường Mầm non Phụng Châu,20.9478322,105.7028442
truong_hoc,way/792416735,Trường Tiểu học Phụng Châu,20.9495134,105.7024105
truong_hoc,way/800825637,Trường Trung học phổ thông Tiến Thịnh,21.1897125,105.6427602
truong_hoc,way/802417909,Trường Trung học phổ thông Trần Hưng Đạo - Thanh Xuân,20.9876054,105.8023262
truong_hoc,way/802431699,Trường Trung học cơ sở Thái Thịnh (phân hiệu),21.0052721,105.8183252
truong_hoc,way/802431700,Trường Tiểu học Bế Văn Đàn (phân hiệu),21.0050355,105.8179498
truong_hoc,way/802433054,Trường Trung học phổ thông Quang Trung - Đống Đa,21.0057066,105.8176706
truong_hoc,way/804545913,Trường Mầm non Hoa Sen,20.542578,105.9170778
truong_hoc,way/804545953,Trường Tiểu học Minh Khai,20.5421892,105.9159561
truong_hoc,way/804749599,Trường Trung học phổ thông Yên Mỹ,20.8937551,106.042803
truong_hoc,way/804749611,,20.8856822,106.0360279
truong_hoc,way/804749651,,20.8869523,106.0365948
truong_hoc,way/804749652,,20.8862541,106.037281
truong_hoc,way/804749663,,20.8835359,106.037683
truong_hoc,way/804749673,,20.8778005,106.0346183
truong_hoc,way/810475989,Trường Phổ thông Liên cấp TH School,21.007324,105.8307349
truong_hoc,way/812556568,Trường Tiểu học Kim Liên,21.0076197,105.8361607
truong_hoc,way/812557719,Trường Mầm non Kim Liên,21.0071708,105.8356056
truong_hoc,way/814968070,Trường Mầm non Kim Liên (phân hiệu 1),21.0053719,105.8359384
truong_hoc,way/814971615,Hanoi Adelaide School,21.0070908,105.8344116
truong_hoc,way/815625292,Trường Tiểu học Trung Yên,21.0110881,105.7937189
truong_hoc,way/815625293,Trường Mầm non Peace School,21.0112297,105.7945222
truong_hoc,way/816202770,Trường Trung học cơ sở & Trung học phổ thông Lương Thế Vinh (Cơ sở Cầu Giấy),21.0104023,105.7927502
truong_hoc,way/816205324,Trường Trung học phổ thông Nhân Chính,21.0034354,105.8062509
truong_hoc,way/817416233,Trường Trung học phổ thông Vũ Thê Lang,21.3261342,105.4007749
truong_hoc,way/817572203,Trường Trung học phổ thông Lê Quý Đôn - Đống Đa,21.0071168,105.8336234
truong_hoc,way/821395351,Trường Tiểu học Khương Thượng,21.0051721,105.8302513
truong_hoc,way/821395352,Trường Trung học cơ sở Khương Thượng,21.0045671,105.8300163
truong_hoc,way/822795760,Trường Trung học cơ sở Tân Mai,20.9841986,105.8504054
truong_hoc,way/822795761,Trường Trung học phổ thông Trương Định,20.9816848,105.84921
truong_hoc,way/826029900,Trường mầm non Hoa Hồng,21.010705,105.8155775
truong_hoc,way/828015640,Trường Trung học phổ thông chuyên Ngoại ngữ,21.0402213,105.7830389
truong_hoc,way/838059689,Trường Tiểu học Kim Liên A (phân hiệu 1),21.0103587,105.837117
truong_hoc,way/839655655,Trường Phổ thông cơ sở Xã Đàn,21.0157739,105.8314076
truong_hoc,way/839655656,Trường Phổ thông cơ sở Xã Đàn,21.0158765,105.8306027
truong_hoc,way/839675219,Trường Tiểu học Trung Tự,21.0096835,105.8327101
truong_hoc,way/839675221,Trường Mẫu giáo Việt Triều Hữu nghị,21.0097883,105.8345769
truong_hoc,way/839675223,Trung tâm Giáo dục nghề nghiệp - Giáo dục thường xuyên Đống Đa,21.0100472,105.8333495
truong_hoc,way/839899591,Trường Tiểu học Bà Triệu,21.0108388,105.8504966
truong_hoc,way/840063164,Trường Mầm non Trung Tự,21.0084384,105.8326479
truong_hoc,way/840066506,Trường Tiểu học Bế Văn Đàn,21.0129551,105.828883
truong_hoc,way/840066509,Trường Trung học cơ sở Đống Đa,21.0139097,105.829101
truong_hoc,way/840439575,Trường Tiểu học Đống Đa,21.0186558,105.8287048
truong_hoc,way/840583721,Trường Trung học cơ sở Vân Hồ,21.0094054,105.8494822
truong_hoc,way/840613321,Trường Tiểu học Lê Văn Tám,21.0030341,105.8454575
truong_hoc,way/840613326,Trường Mẫu giáo Bách Khoa,21.0029655,105.8450465
truong_hoc,way/840803798,Trung tâm Giáo dục nghề nghiệp - Giáo dục thường xuyên quận Hai Bà Trưng,21.0019473,105.8544565
truong_hoc,way/840876883,Trường Tiểu học Tây Mỗ,21.005638,105.7477216
truong_hoc,way/840876905,Trường Trung học cơ sở Tây Mỗ,21.0066198,105.7445921
truong_hoc,way/840934123,Trường Trung học cơ sở Nguyễn Quý Đức,21.0026336,105.7573222
truong_hoc,way/840934124,Trường Trung học phổ thông Đại Mỗ,21.0020321,105.7561253
truong_hoc,way/842611486,Trường Trung học phổ thông Chương Mỹ A,20.9127073,105.7008443
truong_hoc,way/842611503,Trường Tiểu học Ngọc Hòa,20.919529,105.6950085
truong_hoc,way/842611504,Trường Trung học cơ sở Ngọc Hòa,20.9188553,105.6948395
truong_hoc,way/846122939,Trường Liên cấp TH & Trung học cơ sở Ngôi Sao Hà Nội,21.0044922,105.80124
truong_hoc,way/847053740,Trường Tiểu học Jean Piaget,21.0171447,105.7859415
truong_hoc,way/848753689,Trường Mầm non Tân Xã,21.0219861,105.551818
truong_hoc,way/848753691,Trường Tiểu học Tân Xã,21.020937,105.5515363
truong_hoc,way/848753692,Trường Trung học cơ sở Tân Xã,21.0212775,105.5512642
truong_hoc,way/848753695,Trường Trung học phổ thông Hai Bà Trưng - Thạch Thất,21.0203,105.5500417
truong_hoc,way/849686745,Trường Tiểu học Nguyễn Quý Đức,20.9874769,105.7747686
truong_hoc,way/849827990,Trường Trung học cơ sở Mỹ Đình 1,21.0170679,105.7767067
truong_hoc,way/852423760,Trường Tiểu học Ngô Thì Nhậm,21.0150327,105.8539074
truong_hoc,way/854938876,TH School Hòa Lạc,20.9981743,105.5368146
truong_hoc,way/856836430,Trường Mầm non Đồng Trúc,20.9914705,105.5750701
truong_hoc,way/856836458,Trường Trung học cơ sở Đồng Trúc,20.993063,105.5694046
truong_hoc,way/856836492,,20.9967762,105.5705229
truong_hoc,way/856836506,Trường Mầm non Đồng Trúc,20.9971502,105.5716677
truong_hoc,way/858190901,Trường Trung học cơ sở Tô Hoàng,21.0081374,105.8497129
truong_hoc,way/858190902,Trường Tiểu học Tô Hoàng,21.0079557,105.8493084
truong_hoc,way/860064004,Trường Trung học cơ sở Ngô Gia Tự,21.0020476,105.8500913
truong_hoc,way/860067455,Trường Trung học phổ thông Thăng Long,21.0005486,105.8493107
truong_hoc,way/860278057,Trường Tiểu học Vũ Xuân Thiều,21.032479,105.9181086
truong_hoc,way/860278058,Trường Trung học cơ sở Sài Đồng,21.0325763,105.9110914
truong_hoc,way/860294716,Trường Trung học phổ thông Đống Đa,21.0220103,105.8295492
truong_hoc,way/860294717,Trường Tiểu học Cát Linh - Phân hiệu Tô Vĩnh Diện,21.0215012,105.8303053
truong_hoc,way/860294721,Trường Tiểu học Văn Miếu - Quốc Tử Giám (phân hiệu 1),21.0171701,105.834876
truong_hoc,way/861103409,Trường Mầm non May 10,21.0298501,105.9204659
truong_hoc,way/863495455,Trường Tiểu học Cổ Bi,21.0325963,105.9408599
truong_hoc,way/863797894,Trường Trung học cơ sở Đức Giang,21.0611356,105.8964449
truong_hoc,way/863797896,Trường Mầm non Việt Hưng,21.0598839,105.8977105
truong_hoc,way/868988115,Trường Tiểu học Thanh Xuân Trung,21.0013503,105.8052205
truong_hoc,way/869731375,Trường Trung học cơ sở Thanh Xuân,20.9983597,105.8023462
truong_hoc,way/869731376,Trường Mầm non Thanh Xuân Trung,20.9979474,105.8019714
truong_hoc,way/871803866,Trường Trung cấp Nghệ thuật Xiếc và Tạp kỹ Việt Nam,21.0386857,105.7744599
truong_hoc,way/871887393,Trường Tiểu học Thành Công A,21.0229472,105.8128485
truong_hoc,way/871887394,Trường Mầm non Thành Công,21.0213154,105.8125943
truong_hoc,way/874492975,Trường Mầm non Thực hành Hoa Sen,21.0266881,105.8219208
truong_hoc,way/874492979,Trường Mầm non Tuổi Hoa,21.0302478,105.8212177
truong_hoc,way/874998839,Trường Trung học cơ sở Mai Dịch,21.0370182,105.772949
truong_hoc,way/874998875,Trường Tiểu học Cầu Diễn,21.039245,105.7649102
truong_hoc,way/874999252,Trường Trung học cơ sở & Trung học phổ thông Lê Quý Đôn,21.0356369,105.7651016
truong_hoc,way/875184380,Greenfield School,20.9748563,105.9234941
truong_hoc,way/875184401,Edison Schools,20.949139,105.9401114
truong_hoc,way/875488193,Trường Tiểu học Lê Quý Đôn,21.0334319,105.7633671
truong_hoc,way/875488195,Trường Liên cấp Việt - Úc Hà Nội,21.0322538,105.7622418
truong_hoc,way/875488199,Trường Trung học cơ sở Đoàn Thị Điểm,21.0332826,105.7638587
truong_hoc,way/875488226,Trường Trung học cơ sở & Trung học phổ thông M.V. Lômônôxốp,21.0302485,105.7671247
truong_hoc,way/875488227,Trường Tiểu học Đoàn Thị Điểm,21.0310209,105.7673946
truong_hoc,way/875680699,Trường Trung học cơ sở Thành Công,21.023023,105.8135161
truong_hoc,way/875680716,Trường Tiểu học Thành Công B,21.0207754,105.8160937
truong_hoc,way/879919782,Trường Trung học cơ sở Lê Lợi,20.9663524,105.7811155
truong_hoc,way/880261004,Trường Mầm non Hoa Hồng,21.0425605,105.7922885
truong_hoc,way/884063651,Trường Tiểu học Vietkids,21.0178963,105.8279668
truong_hoc,way/884063652,Trường Tiểu học Đồng Tâm,20.9979615,105.8444685
truong_hoc,way/885744692,Trường Tiểu học Đại Kim,20.9780535,105.8219244
truong_hoc,way/885744699,Trường Trung học cơ sở Đại Kim,20.9783298,105.8215837
truong_hoc,way/886608538,Trường Trung học cơ sở Láng Thượng,21.0229037,105.8024089
truong_hoc,way/886608539,Trường Mầm non Láng Thượng,21.0225522,105.8025964
truong_hoc,way/886615014,Trường Trung học phổ thông Yên Hòa,21.0210964,105.7988302
truong_hoc,way/888367921,Trường Tiểu hoc Ngọc Khánh,21.0278754,105.8149584
truong_hoc,way/888367953,Trường Mầm non Thanh Xuân Bắc,20.992878,105.8003806
truong_hoc,way/888441065,Trường Trung học phổ thông Cầu Giấy,21.0383511,105.8019982
truong_hoc,way/889270316,Trường Trung học phổ thông Đoàn Kết - Hai Bà Trưng,20.9983223,105.8553227
truong_hoc,way/889989772,Trường Tiểu học Đặng Trần Côn,20.9923452,105.7986064
truong_hoc,way/889989781,Trường Tiểu học Thanh Xuân Bắc,20.9919177,105.7992812
truong_hoc,way/891004237,Trường Trung học cơ sở Chu Văn An,20.9512688,105.8514742
truong_hoc,way/891419018,Trường Trung học cơ sở Lê Ngọc Hân (Cơ sở Thi Sách),21.0151131,105.8547936
truong_hoc,way/892577220,Trường Quốc tế Anh Việt Hà Nội,21.0021183,105.8165474
truong_hoc,way/895234877,Khu giảng đường A1 - Trường Đại học Mỏ - Địa chất,21.0723014,105.7790919
truong_hoc,way/896414891,Trường Trung học Vinschool,21.0039546,105.7392143
truong_hoc,way/897564106,Trường Tiểu học Đức Thắng,21.0783024,105.7766415
truong_hoc,way/897569850,Trường Trung học cơ sở Đông Ngạc,21.0826117,105.7733597
truong_hoc,way/897961146,Trường Hàn Quốc Hà Nội,21.0434513,105.7729255
truong_hoc,way/898392068,Trung tâm Huấn luyện và Bồi dưỡng nghiệp vụ - Công an thành phố Hà Nội,20.9628383,105.7698049
truong_hoc,way/899388705,Trường Tiểu học Quỳnh Mai,21.0017471,105.8590625
truong_hoc,way/899388706,Trường Trung học cơ sở Quỳnh Mai,21.0017783,105.8594974
truong_hoc,way/899388710,Trường Mầm non Quỳnh Mai,21.0007573,105.8611841
truong_hoc,way/899881715,Trường Tiểu học Đông Ngạc B,21.0915667,105.7832364
truong_hoc,way/901113596,Trường Marie Curie,21.0166078,105.7760249
truong_hoc,way/901113609,Green School Mỹ Đình,21.0157644,105.775314
truong_hoc,way/903424416,Trường Tiểu học Trưng Trắc,21.0114631,105.8550225
truong_hoc,way/905067705,Trường Mầm non Hoa Hướng Dương,20.9667025,105.8244026
truong_hoc,way/909125235,Trường Tiểu học Cát Linh,21.0282567,105.8293321
truong_hoc,way/909125236,Trường Trung học cơ sở Cát Linh,21.0287284,105.8293613
truong_hoc,way/910279785,Trường Liên cấp Everest,21.0505251,105.7924133
truong_hoc,way/914126560,Trường Trung học phổ thông Phúc Lợi,21.0467297,105.9245261
truong_hoc,way/914297405,Trung tâm Giáo dục nghề nghiệp – Giáo dục thường xuyên Gia Lâm,21.0216088,105.9388287
truong_hoc,way/914593366,Trường Tiểu học Phan Chu Trinh,21.0297538,105.8392583
truong_hoc,way/916879500,Trường Tiểu học Phương Mai (phân hiệu),21.003386,105.8255106
truong_hoc,way/916879506,Trường Trung học cơ sở Khương Thượng (phân hiệu 2),21.0038195,105.8250871
truong_hoc,way/921987262,Trường Hữu nghị 80,21.1402834,105.4957552
truong_hoc,way/925420445,Trường Trung học cơ sở Đông Thái,21.0507202,105.8127354
truong_hoc,way/925425784,Trường Tiểu học Đông Thái,21.0518698,105.8104528
truong_hoc,way/926276869,Trường Trung học cơ sở Thăng Long,21.0328418,105.8107274
truong_hoc,way/926276871,Trường Trung học phổ thông Phạm Hồng Thái,21.0336773,105.8118853
truong_hoc,way/926276872,Hanoi International School,21.033744,105.8130385
truong_hoc,way/926276873,"Trường Tiểu học, Trung học cơ sở và Trung học phổ thông Thực nghiệm Khoa học Giáo dục",21.0330584,105.8128265
truong_hoc,way/939606836,Trường Phổ thông Liên cấp Alfred Nobel,21.0214264,105.805101
truong_hoc,way/939606845,Trường Trung học phổ thông Phùng Khắc Khoan,21.0025938,105.8364415
truong_hoc,way/939610969,Trường Trung học phổ thông chuyên Nguyễn Huệ,20.9609319,105.7598456
truong_hoc,way/939673822,Trường Trung học phổ thông chuyên Sơn Tây,21.1425606,105.497469
truong_hoc,way/939673832,Trường Trung học phổ thông Hoàng Văn Thụ,20.9818562,105.8767803
truong_hoc,way/939812599,Trường Trung học phổ thông Lê Quý Đôn - Hà Đông,20.9724592,105.7800414
truong_hoc,way/939812601,Trường Tiểu học Lê Lợi,20.9650209,105.7816848
truong_hoc,way/939812607,Trường Trung học cơ sở Nguyễn Trãi,20.97197,105.7784922
truong_hoc,way/939812609,Trường Trung học phổ thông Lê Lợi,20.9683776,105.7830561
truong_hoc,way/939812616,Trường Tiểu học Nguyễn Trãi,20.9718393,105.7794262
truong_hoc,way/939977280,Trường Trung học cơ sở Láng Hạ,21.0124655,105.8101847
truong_hoc,way/939977304,Trường Trung học cơ sở Văn Miếu - Quốc Tử Giám,21.0155713,105.8367257
truong_hoc,way/939977306,Trường Tiểu học Văn Miếu - Quốc Tử Giám (phân hiệu 2),21.0156076,105.8362269
truong_hoc,way/939977307,Trường Mầm non Cát Linh,21.0278021,105.8293012
truong_hoc,way/939977308,Trường Mầm non Ô Chợ Dừa (phân hiệu 2),21.0214328,105.8289506
truong_hoc,way/940668398,Trường Tiểu học Ngọc Hà (phân hiệu 1),21.040369,105.8242035
truong_hoc,way/940668409,Trường Trung học cơ sở Nguyễn Trãi,21.0309119,105.8264428
truong_hoc,way/940668415,Trường Trung học cơ sở Phúc Xá,21.0462504,105.8497221
truong_hoc,way/940668417,Trường Tiểu học Nghĩa Dũng,21.0482603,105.8470353
truong_hoc,way/940679286,Trường Tiểu học Nguyễn Bá Ngọc,21.0342825,105.8135554
truong_hoc,way/940717114,Trường Tiểu học Thủ Lệ,21.0319272,105.8066216
truong_hoc,way/940892132,Trường Trung học cơ sở Đoàn Kết,21.0099149,105.8542572
truong_hoc,way/940892142,Trường Tiểu học Bạch Mai,20.9980818,105.8514361
truong_hoc,way/941188198,Alpha School,21.0074117,105.7350714
truong_hoc,way/941450645,Trường Tiểu học Khương Đình,20.9893193,105.8170382
truong_hoc,way/941450646,Trung tâm Giáo dục thường xuyên quận Thanh Xuân,20.9888578,105.8172283
truong_hoc,way/941450647,Trường Trung học phổ thông Khương Đình,20.9883741,105.8170601
truong_hoc,way/944109885,Trường Trung học cơ sở Tiên Dược,21.250468,105.8500463
truong_hoc,way/944109908,Trường Trung học phổ thông MInh Trí,21.2601992,105.7510377
truong_hoc,way/944300304,Trường Trung học phổ thông Quốc Oai,20.9917066,105.6448994
truong_hoc,way/944300305,Trường Tiểu học Lê Ngọc Hân,21.0169265,105.8565023
truong_hoc,way/944300306,Trường Tiểu học Giáp Bát (điểm 3),20.993477,105.8487336
truong_hoc,way/944300307,Trường Tiểu học và Trung học cơ sở Tân Khai,20.9982027,105.8739034
truong_hoc,way/944300308,Trường Tiểu học Minh Khai,21.0044585,105.8522825
truong_hoc,way/944300314,Trường Tiểu học Đoàn Kết,21.010273,105.8542271
truong_hoc,way/944300324,Trường Mầm non Họa Mi (phân hiệu 1),20.9975831,105.8740509
truong_hoc,way/944300332,Trường Trung học cơ sở Mai Động (Phân hiệu 2),21.0065325,105.8656519
truong_hoc,way/944300333,Trường Trung học cơ sở Minh Khai,21.0065206,105.8599595
truong_hoc,way/944300346,Trường Tiểu học Đồng Nhân,21.0106854,105.860235
truong_hoc,way/944513298,Trường Mầm non 8-3,20.9996648,105.8597135
truong_hoc,way/944513305,Trường Tiểu học Thanh Lương,21.0077118,105.8617693
truong_hoc,way/947075347,Trường Trung học phổ thông Ba Vì,21.1206242,105.3648595
truong_hoc,way/947075353,Trường Phổ thông Dân tộc Nội trú Hà Nội,21.1213384,105.3632457
truong_hoc,way/947075378,Trường Trung học phổ thông Bắc Lương Sơn,20.9862452,105.4559069
truong_hoc,way/947075384,Trường Trung học cơ sở Yên Bình,20.9851504,105.456456
truong_hoc,way/947208596,Trường Tiểu học Khương Mai,20.9987574,105.8252174
truong_hoc,way/947208616,Trường Trung học cơ sở Nguyễn Trãi,20.997019,105.8174802
truong_hoc,way/947549853,Trường Trung học cơ sở Thanh Xuân Nam,20.9867531,105.8007713
truong_hoc,way/947549858,Trường Mầm non Tuổi Hoa,20.9862125,105.8016881
truong_hoc,way/947549859,Trường Tiểu học Thanh Xuân Nam,20.9865634,105.8025226
truong_hoc,way/947559485,Trường Mầm non Thăng Long,20.9980307,105.8148208
truong_hoc,way/947715047,Trường Trung học phổ thông Bất Bạt,21.1815312,105.3030215
truong_hoc,way/947715054,Trường Trung học cơ sở Sơn Đà,21.1807423,105.3030235
truong_hoc,way/947715058,Trường Tiểu học Sơn Đà,21.1810411,105.3044717
truong_hoc,way/947715064,Trường Mầm non Sơn Đà,21.1802881,105.3028063
truong_hoc,way/947715075,Trường Trung học phổ thông Minh Quang,21.0712831,105.3175488
truong_hoc,way/951204773,Trường Trung học phổ thông Tùng Thiện,21.1131294,105.4947078
truong_hoc,way/951945582,Trường Trung học phổ thông Ngô Quyền - Ba Vì,21.2422416,105.3877088
truong_hoc,way/951945585,Trường Trung học phổ thông Quảng Oai,21.1962291,105.4256912
truong_hoc,way/951945589,Trường Trung học phổ thông Trần Phú - Ba Vì,21.1986105,105.4252624
truong_hoc,way/951945594,Trường Trung học phổ thông Lương Thế Vinh - Ba Vì,21.21328,105.4128712
truong_hoc,way/951945597,Trường Tiểu học Yên Bài (khu A),21.0399387,105.4340606
truong_hoc,way/951945598,Trường Trung học cơ sở Yên Bài A,21.0395265,105.4337666
truong_hoc,way/951945605,Trường Tiểu học và Trung học cơ sở Hợp Nhất (khu Trung học cơ sở),21.0802296,105.3294339
truong_hoc,way/951945611,Trường Tiểu học Ba Trại A,21.1268736,105.3544251
truong_hoc,way/951945614,Trường Trung học cơ sở Ba Trại,21.1240296,105.3480507
truong_hoc,way/951945617,Trường Tiểu học Ba Trại B,21.1248506,105.3483269
truong_hoc,way/951945620,Trường Trung học phổ thông Bắc Thăng Long,21.1292714,105.7721126
truong_hoc,way/951945627,Trường Trung học phổ thông Cao Bá Quát - Quốc Oai,20.9588133,105.6793768
truong_hoc,way/951945631,Trường Trung học phổ thông Chúc Động,20.8827971,105.6700351
truong_hoc,way/951945636,Trường Trung học phổ thông Chương Mỹ B,20.833497,105.7117343
truong_hoc,way/951945644,Trường Trung học phổ thông Đa Phúc,21.2579044,105.8508004
truong_hoc,way/951945647,Trường Tiểu học Thị trấn Sóc Sơn,21.2591656,105.849824
truong_hoc,way/951945660,Trường Trung học phổ thông Đại Cường,20.6492888,105.8653592
truong_hoc,way/953304715,Trường Mầm non và Tiểu học Genesis,21.0499375,105.8012735
truong_hoc,way/953737975,Trường Tiểu học Phan Đình Giót,21.0027822,105.8064959
truong_hoc,way/953737977,Trường Trung học cơ sở Chương Dương,21.0300569,105.858133
truong_hoc,way/953737979,Trường Tiểu học Chương Dương,21.0299022,105.8578567
truong_hoc,way/953737981,Trường Tiểu học Chương Dương (khu B),21.0268887,105.8612253
truong_hoc,way/953737982,Trường Tiểu học Điện Biên,21.0284256,105.8459797
truong_hoc,way/953737984,Trường Tiểu học Nguyễn Du,21.033364,105.855281
truong_hoc,way/953737985,Trường Tiểu học Phúc Tân,21.0386063,105.8532142
truong_hoc,way/953737993,Trường Trung học cơ sở Cầu Giấy A,21.038647,105.795315
truong_hoc,way/953738002,Trường Trung học cơ sở Nam Trung Yên,21.0138753,105.7882521
truong_hoc,way/953738008,Trường Trung học cơ sở Nghĩa Tân,21.042165,105.7943415
truong_hoc,way/953738009,Trường Tiểu học Nghĩa Tân,21.0424665,105.795087
truong_hoc,way/953738019,Trường Tiểu học Cầu Giấy B (phân hiệu 2),21.0277809,105.7972994
truong_hoc,way/953738021,Trường Tiểu học Cầu Giấy A,21.0352219,105.7839663
truong_hoc,way/954924140,Trường Tiểu học Nguyễn Khả Trạc,21.0433338,105.7764424
truong_hoc,way/957452559,Trường Tiểu học - Trung học cơ sở - Trung học phổ thông Khương Hạ,20.9917953,105.8151867
truong_hoc,way/957452564,Trường Trung học cơ sở Khương Mai,20.9922292,105.82697
truong_hoc,way/957452566,Trường Trung học cơ sở Thanh Xuân Trung,20.9971635,105.8073518
truong_hoc,way/957452572,Trường Trung học cơ sở Kim Giang,20.9825155,105.8124958
truong_hoc,way/957452573,Trường Tiểu học Kim Giang,20.9826908,105.813103
truong_hoc,way/957452578,Trường Trung học cơ sở Giáp Bát (điểm 2),20.9957452,105.8420728
truong_hoc,way/957452582,Trường Tiểu học Nguyễn Tuân,20.9965613,105.8067482
truong_hoc,way/957452589,Trường Trung học cơ sở Nhân Chính,21.005924,105.8107
truong_hoc,way/957452591,Trường Tiểu học Nhân Chính,21.0021541,105.8117801
truong_hoc,way/957452593,Trường Tiểu học Phương Liệt,20.9972117,105.8383519
truong_hoc,way/957814741,Trường Trung học cơ sở An Dương,21.0520736,105.8395859
truong_hoc,way/957814751,Trường Trung học cơ sở Quảng An,21.066533,105.8240008
truong_hoc,way/957814752,Trường Tiểu học Quảng An,21.0648415,105.8257803
truong_hoc,way/957814755,Trường Trung học cơ sở Tứ Liên,21.0634217,105.8345925
truong_hoc,way/957814757,Trường Tiểu học Tứ Liên,21.0628456,105.8352532
truong_hoc,way/957814760,Trường Mầm non Tứ Liên,21.0641956,105.833319
truong_hoc,way/957814765,Trường Tiểu học Xuân La,21.0659831,105.8057831
truong_hoc,way/957814769,Trường Trung học cơ sở Xuân La,21.0648598,105.8067392
truong_hoc,way/958579247,Trường Trung học phổ thông Đông Anh,21.1573625,105.8527511
truong_hoc,way/958579249,Trường Trung học cơ sở Thư Lâm,21.156112,105.8528118
truong_hoc,way/958579254,Trường Tiểu học Thư Lâm,21.1550922,105.8529937
truong_hoc,way/958579258,Trường Trung học phổ thông Đông Mỹ,20.9114228,105.8711158
truong_hoc,way/958579270,Trường Mầm non A xã Đông Mỹ,20.9124924,105.8706615
truong_hoc,way/958579272,Trường Trung học phổ thông Hồng Thái,21.1308231,105.6818299
truong_hoc,way/958579281,Trường Trung học phổ thông Tân Lập,21.0874505,105.7173958
truong_hoc,way/958579294,Trường Tiểu học Tân Lập A,21.0879953,105.7162488
truong_hoc,way/958579298,Trường Mầm non Tân Lập (phân hiệu),21.0871671,105.7163082
truong_hoc,way/958579308,Trường Trung học phổ thông Liên Hà,21.1535734,105.8925183
truong_hoc,way/958579313,Trường Trung học phổ thông Vân Nội,21.1502713,105.8148614
truong_hoc,way/958579319,Trường Trung học cơ sở Vân Nội,21.1497626,105.815957
truong_hoc,way/958579321,Trường Trung học phổ thông Dương Xá,21.0084307,105.9676696
truong_hoc,way/958579326,Trường Trung học cơ sở Dương Xá,21.0075433,105.9670192
truong_hoc,way/958579327,Trường Tiểu học Dương Xá,21.0074311,105.9677369
truong_hoc,way/958618333,Trường Tiểu học Mỹ Đình 2,21.0268139,105.7739734
truong_hoc,way/958803245,Trường Trung học phổ thông Quang Trung - Hà Đông,20.966366,105.7672525
truong_hoc,way/958803250,Trường Trung học phổ thông Trần Hưng Đạo - Hà Đông,20.9435345,105.7576993
truong_hoc,way/958803264,Trường Trung học phổ thông Hoài Đức B,20.9887966,105.7236289
truong_hoc,way/958803270,Trường Trung học phổ thông Hoài Đức C,21.0195133,105.6967876
truong_hoc,way/958803287,Trường Trung học phổ thông Vạn Xuân - Hoài Đức,21.04644,105.6784978
truong_hoc,way/958803293,Trường Trung học phổ thông Việt Nam - Ba Lan,20.9597516,105.8405452
truong_hoc,way/958803297,Trường Trung học phổ thông Lý Thường Kiệt,21.0599758,105.8894757
truong_hoc,way/958803301,Trường Trung học cơ sở Thượng Thanh,21.060629,105.8908919
truong_hoc,way/958803302,Trường Tiểu học Thuợng Thanh,21.0592494,105.889825
truong_hoc,way/960175329,Trường Tiểu học Yên Viên,21.096856,105.9170516
truong_hoc,way/961292912,Trường Trung học phổ thông Lưu Hoàng,20.6479935,105.8037241
truong_hoc,way/961292913,Trường Trung học phổ thông Trần Đăng Ninh,20.7764897,105.7497635
truong_hoc,way/961292932,Trường Trung học phổ thông Ứng Hoà A,20.7269407,105.7765196
truong_hoc,way/961292933,Trường Trung học phổ thông Ứng Hoà B,20.7082444,105.8412669
truong_hoc,way/961664401,Trường Tiểu học Phúc Đồng,21.0404952,105.9034195
truong_hoc,way/961810506,Trường Trung học phổ thông Nguyễn Trãi - Thường Tín,20.8960724,105.8505605
truong_hoc,way/961810510,Trường Trung học phổ thông Trung Văn,20.9939023,105.7873922
truong_hoc,way/961810514,Trường Tiểu học Nam Từ Liêm,21.0303075,105.7477206
truong_hoc,way/961810537,Trường Trung học cơ sở Nam Từ Liêm,21.0320152,105.748856
truong_hoc,way/961810540,Trường Trung học phổ thông Xuân Phương,21.0321404,105.7476779
truong_hoc,way/962218840,Trường Tiểu học Quảng Lãng,20.8086066,106.0678703
truong_hoc,way/962220264,Trường Trung học cơ sở Quảng Lãng,20.8090429,106.0689555
truong_hoc,way/962220266,Trường Mầm non Quảng Lãng,20.8080639,106.06688
truong_hoc,way/962258113,Trường Trung học phổ thông Mỹ Đức A,20.6805307,105.7479437
truong_hoc,way/962258119,Trường Trung học phổ thông Đồng Quan,20.7974235,105.8469293
truong_hoc,way/962258123,Trường Trung học phổ thông Ngọc Tảo,21.0894397,105.600722
truong_hoc,way/962258139,Trường Trung học phổ thông Phú Xuyên B,20.7088327,105.9411577
truong_hoc,way/962258140,Trường Trung học phổ thông Hợp Thanh,20.6714434,105.7056463
truong_hoc,way/962258151,Trường Trung học phổ thông Mỹ Đức C,20.6312609,105.7793919
truong_hoc,way/962258158,Trường Trung học phổ thông Tân Dân,20.7401673,105.8785465
truong_hoc,way/962258160,Trường Trung học phổ thông Phú Xuyên A,20.7555642,105.9130488
truong_hoc,way/962258165,Trường Tiểu học Tân Dân,20.741147,105.8787749
truong_hoc,way/962447869,Trường Trung học phổ thông Kim Anh,21.225359,105.7607646
truong_hoc,way/962447871,Trường Trung học phổ thông Phúc Thọ,21.1203315,105.5483908
truong_hoc,way/962447906,Trường Hữu nghị T78,21.1194269,105.5264633
truong_hoc,way/962451103,Trường Trung học phổ thông Vân Cốc,21.1417288,105.6125589
truong_hoc,way/962451130,Trường Trung học phổ thông Phan Huy Chú - Quốc Oai,21.0166245,105.646547
truong_hoc,way/962451147,Trường Trung học phổ thông Minh Khai,20.9527908,105.5981489
truong_hoc,way/962639642,Trường Trung học phổ thông Trung Giã,21.311942,105.8655191
truong_hoc,way/962639648,Trường Trung học phổ thông Minh Phú,21.2781267,105.7956667
truong_hoc,way/962639650,Trường Trung học cơ sở Trung Giã,21.312295,105.8660996
truong_hoc,way/962639667,Trường Trung học phổ thông Thanh Oai B,20.8907649,105.7770461
truong_hoc,way/962639676,Trường Trung học phổ thông Sóc Sơn,21.2001883,105.8413515
truong_hoc,way/962639678,Trường Trung học phổ thông Thanh Oai A,20.849201,105.7776647
truong_hoc,way/962639682,Trường Trung học phổ thông Xuân Giang,21.2432158,105.8909138
truong_hoc,way/962639689,Trường Trung học phổ thông Xuân Khanh,21.1076429,105.4392169
truong_hoc,way/962831152,,21.0413911,105.7504894
truong_hoc,way/962831164,Trường Trung cấp nghề Tổng hợp Hà Nội,20.8851834,105.5772607
truong_hoc,way/963227367,Trường Mầm non số 6,21.039468,105.8202166
truong_hoc,way/963227376,Trường Trung học cơ sở Ngô Sĩ Liên,21.0191077,105.8525094
truong_hoc,way/963227377,Trường Mầm non Hoa Sen,21.0307278,105.8579506
truong_hoc,way/963227380,Trường Mầm non Bà Triệu,21.0190532,105.8496926
truong_hoc,way/963536731,Trường Trung học phổ thông Lâm Nghiệp,20.9085731,105.5733444
truong_hoc,way/964415602,Trường Trung học phổ thông Hàn Thuyên,21.1779179,106.0761833
truong_hoc,way/964416435,Trường Trung học cơ sở Tiền An,21.1804817,106.0674897
truong_hoc,way/964417803,Trường Trung học cơ sở Suối Hoa,21.1818759,106.0774748
truong_hoc,way/964417884,Trường Tiểu học Suối Hoa,21.1812356,106.0767012
truong_hoc,way/964417967,Trường Mầm non Phương Anh,21.1819566,106.0769125
truong_hoc,way/964422018,Trường Mầm non Vũ Ninh,21.1907808,106.0776398
truong_hoc,way/964908477,Trường Tiểu học Nhật Tân,21.0765246,105.8226209
truong_hoc,way/965788864,Trường Tiểu học Lý Nam Đế,21.0193561,105.7387239
truong_hoc,way/965815444,Trường Tiểu học Xuân Phương,21.0259934,105.738333
truong_hoc,way/965816271,Trường Trung học cơ sở Lý Nam Đế,21.0204612,105.7384115
truong_hoc,way/966177531,Trường Trung học cơ sở Biên Giang,20.9292653,105.7188145
truong_hoc,way/966177542,Trường Tiểu học Biên Giang,20.9290906,105.7229707
truong_hoc,way/966177545,Trường Trung học cơ sở Đồng Mai,20.9293427,105.7331679
truong_hoc,way/966177547,Trường Tiểu học Đồng Mai 1,20.9336518,105.7349221
truong_hoc,way/966177549,Trường Mầm non Đồng Mai,20.9347046,105.7359166
truong_hoc,way/966204362,Trường Tiểu học Đồng Mai 2,20.9211927,105.7374627
truong_hoc,way/966204367,Trường Mầm non Đồng Dương,20.9245821,105.7384558
truong_hoc,way/966204377,Trường Trung học cơ sở Dương Nội,20.9831304,105.7450791
truong_hoc,way/966204381,Trường Mầm non Dương Nội,20.9751592,105.7460052
truong_hoc,way/966204384,Trường Tiểu học Kim Đồng,20.9748024,105.7459295
truong_hoc,way/966204388,Trường Tiểu học An Hưng,20.9741274,105.7521914
truong_hoc,way/966204395,Trường Trung học cơ sở Lê Quý Đôn,20.9765637,105.7525375
truong_hoc,way/966204396,Trường Tiểu học Dương Nội B,20.9808969,105.7490442
truong_hoc,way/966204400,Trường Tiểu học Trần Quốc Toản,20.9883909,105.7450118
truong_hoc,way/967020813,Trường Mầm non Tây Mỗ B,21.0169688,105.7392914
truong_hoc,way/967149605,Trường Trung học cơ sở Mỹ Đình 2,21.0255813,105.7740585
truong_hoc,way/973038809,Trường Trung học cơ sở Cầu Diễn,21.0384985,105.7599469
truong_hoc,way/973038813,Trường Mầm non Đại Mỗ B,20.9925604,105.7688045
truong_hoc,way/973038814,Trường Trung học cơ sở Đại Mỗ,20.9920008,105.7694664
truong_hoc,way/973038815,Trường Tiểu học Đại Mỗ,20.9951095,105.752247
truong_hoc,way/973038821,Trường Mầm non Đại Mỗ A,20.9924587,105.7552058
truong_hoc,way/973038860,Trường Phổ thông Quốc tế Việt Nam,20.9878403,105.7525244
truong_hoc,way/973197743,Trường Trung học cơ sở Liên Mạc,21.0878127,105.759467
truong_hoc,way/973197768,Trường Trung học cơ sở Minh Khai,21.0542218,105.7460772
truong_hoc,way/973197774,Trường Tiểu học Minh Khai B,21.0671217,105.7416877
truong_hoc,way/973197779,Trường Trung học phổ thông Tây Đô,21.0664955,105.7413735
truong_hoc,way/973197783,Trường Tiểu học Minh Khai A,21.0510009,105.7426464
truong_hoc,way/973197784,Trường Trung học cơ sở Phúc Diễn,21.0502422,105.755375
truong_hoc,way/973197788,Trường Mầm non Phúc Diễn,21.0512429,105.7548198
truong_hoc,way/973197789,Trường Tiểu học Phúc Diễn,21.0521035,105.7549077
truong_hoc,way/973216604,Trường Tiểu học Phú Diễn,21.0497503,105.7591312
truong_hoc,way/973216609,Trường Phổ thông Liên cấp Tây Hà Nội,21.0419097,105.7507613
truong_hoc,way/973216610,Trường Tiểu học Tây Tựu A,21.0699655,105.7293233
truong_hoc,way/973216614,Trường Trung học cơ sở Tây Tựu,21.0709335,105.7278016
truong_hoc,way/973216618,Trường Tiểu học Tây Tựu B,21.0680384,105.7392007
truong_hoc,way/973471768,Trường Tiểu học Thịnh Liệt,20.9715137,105.8488725
truong_hoc,way/973477511,Trường Trung học cơ sở Thịnh Liệt (trụ sở chính),20.9784013,105.8503124
truong_hoc,way/974596754,Trường Mầm non Ánh Sao,20.9905862,105.8121818
truong_hoc,way/974878438,Trường Trung học phổ thông chuyên Hưng Yên,20.669505,106.0604298
truong_hoc,way/974902943,Trung tâm Giáo dục nghề nghiệp-Giáo dục thường xuyên thành phố Hưng Yên,20.6459034,106.0603104
truong_hoc,way/974902945,Trường Trung học phổ thông Hưng Yên,20.646215,106.0598839
truong_hoc,way/974924299,Trường Mầm non Vinschool,21.0001786,105.7378966
truong_hoc,way/974927219,Trường Tiểu học Hiến Nam,20.6657788,106.0551971
truong_hoc,way/974940930,Trường Trung học phổ thông Tô Hiệu,20.6644258,106.0550308
truong_hoc,way/974940939,Trường Trung học cơ sở Hiến Nam,20.6637813,106.0596409
truong_hoc,way/975185413,Trường Mầm non 19-5,20.6471891,106.0600698
truong_hoc,way/975185431,Trường Trung học cơ sở Lê Lợi,20.6485657,106.0555571
truong_hoc,way/975207032,Trường Tiểu học Hoàng Lê,20.6497608,106.0556428
truong_hoc,way/975216547,Trường Trung học phổ thông Dương Quảng Hàm,20.9226255,105.9326912
truong_hoc,way/975216568,Trường Trung học phổ thông Văn Lâm,20.9851522,106.0299695
truong_hoc,way/975222636,Trường Trung học phổ thông Quang Trung,20.686,106.0618482
truong_hoc,way/975332440,Trường Mầm non An Tảo,20.6741631,106.0662178
truong_hoc,way/975332442,Trường Tiểu học An Tảo,20.6746018,106.0618757
truong_hoc,way/975332449,Trường Trung học cơ sở An Tảo,20.6733529,106.0634651
truong_hoc,way/975332453,Trường Tiểu học Bảo Khê,20.7018233,106.0589115
truong_hoc,way/975667722,Trường Trung học phổ thông Kim Động,20.745373,106.0611664
truong_hoc,way/975967856,Trường Tiểu học Thượng Cát,21.0904456,105.7345757
truong_hoc,way/975967868,Trường Trung học cơ sở Thượng Cát,21.0929993,105.7305926
truong_hoc,way/975967872,Trường Trung học cơ sở Đông Ngạc (phân hiệu),21.0910122,105.7769756
truong_hoc,way/975967873,Trường Tiểu học Thuỵ Phương,21.0910615,105.7764341
truong_hoc,way/975967882,Trường Mầm non Thuỵ Phương,21.0900165,105.7766658
truong_hoc,way/975967902,Trường Tiểu học Nguyễn Du,20.9942072,105.7794452
truong_hoc,way/975967903,Trường Trung học cơ sở Nguyễn Du,20.9937101,105.7792239
truong_hoc,way/975967904,Trường Tiểu học Trung Văn,20.9902825,105.7848578
truong_hoc,way/975967909,Trường Trung học cơ sở Trung Văn,20.9909212,105.7909973
truong_hoc,way/975967911,Trường Phổ thông Liên cấp Olympia,20.9914053,105.790527
truong_hoc,way/976255130,Trường Trung học cơ sở Xuân Phương,21.027817,105.7451042
truong_hoc,way/976255147,Trường Trung học cơ sở Mễ Trì,21.010664,105.7754932
truong_hoc,way/976255151,Trường Tiểu học Mễ Trì,21.0103391,105.7763706
truong_hoc,way/976255164,Trường Tiểu học Phú Đô,21.0130247,105.7695124
truong_hoc,way/976255167,Trường Trung học cơ sở Phú Đô,21.0122798,105.7700215
truong_hoc,way/976255184,Trung tâm Giáo dục nghề nghiệp - Giáo dục thường xuyên quận Nam Từ Liêm,21.0346043,105.7393019
truong_hoc,way/976255185,Trường Tiểu học Phương Canh,21.0334545,105.7432422
truong_hoc,way/976633046,Trường Tiểu học Kiến Hưng,20.9593804,105.7893438
truong_hoc,way/976633051,Trường Trung học cơ sở Kiến Hưng,20.9585951,105.7885466
truong_hoc,way/976633055,Trường Trung học cơ sở Lê Hồng Phong,20.9672794,105.7755237
truong_hoc,way/976633057,Trường Tiểu học Lê Hồng Phong,20.9675296,105.7753038
truong_hoc,way/976633060,Trường Tiểu học Mậu Lương,20.9471316,105.7876112
truong_hoc,way/976633064,Trường Trung học cơ sở Mậu Lương,20.9449124,105.7909588
truong_hoc,way/976633065,Trường Trung học cơ sở Mỗ Lao,20.9850313,105.7830229
truong_hoc,way/976633069,Trường Trung học cơ sở Phú Cường,20.941184,105.7799657
truong_hoc,way/976633073,Trường Trung học cơ sở Phú La,20.9617284,105.7681034
truong_hoc,way/976633075,Trường Trung học cơ sở - Trung học phổ thông Ban Mai,20.961519,105.7675409
truong_hoc,way/976633079,Trường Trung học cơ sở Phú Lãm,20.9452159,105.7512135
truong_hoc,way/976633083,Trường Tiểu học Phú Lãm,20.9431515,105.7539982
truong_hoc,way/976633088,Trường Tiểu học Phú La,20.9553274,105.7647793
truong_hoc,way/976633091,Trường Trung học cơ sở Trần Đăng Ninh,20.9698656,105.7656947
truong_hoc,way/976633093,Trường Tiểu học Lê Trọng Tấn,20.9470543,105.74247
truong_hoc,way/976633096,Trường Tiểu học Phú Cường,20.9351068,105.7609866
truong_hoc,way/977113577,Trường Tiểu học Phú Lương 2,20.9398454,105.7663343
truong_hoc,way/977113582,Trường Trung học cơ sở Phú Lương,20.9382646,105.7660808
truong_hoc,way/977113583,Trường Tiểu học Phú Lương 1,20.9367078,105.7711682
truong_hoc,way/977113586,Trường Tiểu học Đoàn Kết,20.9692648,105.771607
truong_hoc,way/977113590,Trường Tiểu học Trần Đăng Ninh,20.9689681,105.7711386
truong_hoc,way/977113591,Trường Tiểu học Trần Phú,20.9779516,105.7804602
truong_hoc,way/977113592,Trường Tiểu học Trần Phú (cơ sở 2),20.9781757,105.7818122
truong_hoc,way/977113597,Trường Tiểu học Vạn Bảo,20.9784585,105.7696974
truong_hoc,way/977113602,Trường Tiểu học Vạn Phúc,20.9815875,105.7728143
truong_hoc,way/977113606,Trường Trung học cơ sở Vạn Phúc,20.9787647,105.7785698
truong_hoc,way/977482379,Trường Quốc tế Singapore,20.9696571,105.8749594
truong_hoc,way/977788057,Trường Trung học cơ sở Nguyễn Tất Thành,20.6703503,106.0564643
truong_hoc,way/978110391,Trường Tiểu học Hồng Châu,20.6403138,106.0608446
truong_hoc,way/978110394,Trường Trung học cơ sở Hồng Châu,20.6410327,106.0605089
truong_hoc,way/978110395,Trường Trung học cơ sở Lam Sơn,20.6749149,106.0480575
truong_hoc,way/978110398,Trường Tiểu học Lam Sơn,20.6754661,106.0477453
truong_hoc,way/978289559,Trường Trung học cơ sở Bảo Khê,20.7010964,106.0590653
truong_hoc,way/978303558,Trường Trung học cơ sở Minh Khai,20.6519932,106.0500933
truong_hoc,way/978303562,Trường Tiểu học Minh Khai,20.6481285,106.0511018
truong_hoc,way/978303565,Trường Trung học cơ sở Nguyễn Quốc Ân,20.6436583,106.0555389
truong_hoc,way/978607670,Trường Tiểu học Hùng Cường,20.6898815,106.034323
truong_hoc,way/978607673,Trường Trung học cơ sở Hùng Cường,20.6931399,106.0374059
truong_hoc,way/978607683,Trường Trung học cơ sở Liên Phương,20.6563238,106.0739759
truong_hoc,way/978607688,Trường Tiểu học Liên Phương,20.6509297,106.0776781
truong_hoc,way/978607700,Trường Tiểu học Nguyễn Huệ,20.6471943,106.0553809
truong_hoc,way/978607704,Trường Tiểu học Phú Cường,20.701831,106.0290644
truong_hoc,way/978607705,Trường Trung học cơ sở Phú Cường,20.702452,106.0296978
truong_hoc,way/978607733,Trường Trung học cơ sở Quảng Châu,20.6364108,106.0600359
truong_hoc,way/978607736,,20.6369103,106.0604256
truong_hoc,way/978607739,Trường Tiểu học Quảng Châu,20.6385278,106.0598521
truong_hoc,way/978607751,Trường Tiểu học Trung Nghĩa,20.6803813,106.0797936
truong_hoc,way/978674464,Trường Quốc tế Đa cấp Anh - Hà Nội,21.044257,105.9188508
truong_hoc,way/984794710,Trường Trung học cơ sở Thị trấn Lương Bằng,20.7388156,106.0599413
truong_hoc,way/984794711,Trường Tiểu học Thị trấn Lương Bằng,20.7384857,106.0603665
truong_hoc,way/985095314,Trường Trung học cơ sở Lê Quý Đôn,20.737479,106.0591915
truong_hoc,way/985795880,Trường Trung học phổ thông Hùng Vương,20.9854309,106.0323775
truong_hoc,way/985795884,Trường Trung học phổ thông Đức Hợp,20.7309756,105.9947492
truong_hoc,way/985795893,Trường Trung học phổ thông Nghĩa Dân,20.7897515,106.0485876
truong_hoc,way/986697433,Trường Trung học phổ thông Phùng Hưng,20.8180407,105.9836235
truong_hoc,way/986697444,Trường Trung học phổ thông Nguyễn Siêu,20.8249373,105.9437809
truong_hoc,way/986697455,Trường Trung học phổ thông Triệu Quang Phục,20.8895724,105.9863443
truong_hoc,way/986697462,Trường Trung học phổ thông Khoái Châu (cơ sở 2),20.7919991,105.9883218
truong_hoc,way/986697463,Trường Trung học phổ thông Trần Quang Khải,20.869389,105.9529668
truong_hoc,way/986697466,Trường Trung học phổ thông Khoái Châu,20.8379404,105.97748
truong_hoc,way/987850246,Trường Tiểu học Hoàng Văn Thụ (điểm 1),20.985746,105.8595116
truong_hoc,way/987850247,Trường Trung học cơ sở Hoàng Văn Thụ (điểm 1),20.9850799,105.8593905
truong_hoc,way/987950082,Trường Tiểu học Thanh Lân,20.9942219,105.891463
truong_hoc,way/987950084,Trường Tiểu học và Trung học cơ sở Thanh Đàm,20.9942554,105.8862373
truong_hoc,way/987950091,Trường Trung học cơ sở Định Công,20.983544,105.8267225
truong_hoc,way/987950095,Trường Trung học cơ sở Giáp Bát (điểm 1),20.9856099,105.8421238
truong_hoc,way/987950097,Trường Tiểu học Giáp Bát (điểm 1),20.9865421,105.8427785
truong_hoc,way/987950102,Trường Trung học cơ sở Hoàng Văn Thụ (điểm 2),20.9909147,105.8529803
truong_hoc,way/987950106,Trường Tiểu học Hoàng Văn Thụ (điểm 2),20.9903718,105.8530331
truong_hoc,way/987950108,Trưòng Tiểu học Vạn Xuân,20.9812333,105.8862802
truong_hoc,way/988018757,Trường Tiểu học Mai Động,20.9916294,105.8636005
truong_hoc,way/988018759,Trường Tiểu học Hoàng Văn Thụ (thuộc điểm 2),20.9905774,105.8619211
truong_hoc,way/988018761,Trường Tiểu học Tân Định,20.9883412,105.8457044
truong_hoc,way/988018762,Trường Trung học cơ sở Tân Định,20.9882057,105.8451455
truong_hoc,way/988018765,Trường Tiểu học Tân Mai,20.9842133,105.8496511
truong_hoc,way/988018768,Trường Tiểu học Trần Phú,20.9736827,105.8841389
truong_hoc,way/988018772,Trường Trung học cơ sở Lĩnh Nam,20.9731792,105.8841707
truong_hoc,way/988018774,Trường Trung học cơ sở Vĩnh Hưng,20.9880351,105.8794521
truong_hoc,way/988018778,Trường Tiểu học Vĩnh Hưng,20.9849076,105.8771698
truong_hoc,way/988194024,Trưòng Tiểu học và Trung học cơ sở Nam Dư,20.9857761,105.8910896
truong_hoc,way/988194027,Trường Tiểu học Lĩnh Nam (cơ sở 2),20.9737498,105.8947656
truong_hoc,way/988194029,Trường Tiểu học Nguyễn Bỉnh Khiêm,21.0393974,105.9110725
truong_hoc,way/988194031,Trường Tiểu học Sài Đồng,21.0387578,105.905402
truong_hoc,way/988194037,Trường Trung học cơ sở Phúc Đồng,21.0408647,105.9027353
truong_hoc,way/988194043,Trường Trung học cơ sở Đô thị Việt Hưng,21.0666302,105.9091737
truong_hoc,way/988194046,Trường Tiểu học Long Biên (Phân hiệu),21.0229476,105.9024838
truong_hoc,way/988194054,Trường Tiểu học Gia Thượng,21.0629812,105.8641976
truong_hoc,way/988194056,Trường quốc tế Pháp Alexandre Yersin,21.0601476,105.8686153
truong_hoc,way/991652346,Trường Tiểu học Thạch Bàn (Phân hiệu),21.0191024,105.9127002
truong_hoc,way/991652356,Trường Tiểu học Thanh Am,21.0691205,105.8974545
truong_hoc,way/991839266,Trường Tiểu học và Trung học cơ sở Cự Khối (Trường chính),21.0111058,105.9097182
truong_hoc,way/991839270,Trường Tiểu học và Trung học cơ sở Cự Khối (Phân hiệu),21.0111492,105.9088769
truong_hoc,way/991839273,,21.0119198,105.9098061
truong_hoc,way/991839274,Trường Tiểu học Đức Giang,21.0690012,105.8897441
truong_hoc,way/991839277,Trường Tiểu học Giang Biên,21.0634325,105.9171935
truong_hoc,way/991852369,Trường Tiểu học Lý Thường Kiệt,21.0611148,105.864412
truong_hoc,way/991852370,Trường Trung học cơ sở Ngô Gia Tự,21.0692001,105.9059015
truong_hoc,way/991852372,Trường Tiểu học Long Biên (Trường chính),21.0240897,105.8895039
truong_hoc,way/991852373,Trường Trung học cơ sở Long Biên (Phân hiệu),21.0293198,105.8833719
truong_hoc,way/991852376,Trường Trung học cơ sở Giang Biên,21.0636907,105.9182555
truong_hoc,way/991852380,Trường Tiểu học Ngô Gia Tự,21.0696231,105.9061693
truong_hoc,way/995113702,Trường Trung học cơ sở Văn Lang,21.3288232,105.3927506
truong_hoc,way/998706314,Trung tâm Giáo dục nghề nghiệp- Giáo dục thường xuyên huyện Kim Động,20.7426957,106.0564559
truong_hoc,way/998753742,Trường Tiểu học Thị trấn Phùng,21.0871422,105.6637522
truong_hoc,way/998753744,Trường Tiểu học Đan Phượng,21.087491,105.6644205
truong_hoc,way/998753747,Trường Mầm non Huyện - Đan Phượng,21.0869712,105.6648536
truong_hoc,way/998753753,Trường Trung học cơ sở Đan Phượng,21.0906703,105.6680772
truong_hoc,way/998753758,Trường Trung học cơ sở Song Phượng,21.0814011,105.6685061
truong_hoc,way/998753759,Trường Tiểu học Song Phượng,21.0819432,105.6684862
truong_hoc,way/998753768,Trường Mầm non Song Phượng,21.0825086,105.6685052
truong_hoc,way/998753770,Trường Trung học cơ sở Lương Thế Vinh,21.0859178,105.6587627
truong_hoc,way/1008260944,Trường Trung học cơ sở Hiệp Cường,20.712383,106.0616551
truong_hoc,way/1008260945,Trường Tiểu học Hiệp Cường,20.7126025,106.0623499
truong_hoc,way/1015330965,,20.9638425,105.9167308
truong_hoc,way/1018777835,Trường Dự bị Đại học Dân tộc Trung ương,21.3247509,105.4013335
truong_hoc,way/1019884996,Trường Trung học phổ thông chuyên Biên Hoà,20.5335337,105.9308992
truong_hoc,way/1019884998,Trường Trung học phổ thông A Phủ Lý,20.5368746,105.9032068
truong_hoc,way/1019885004,Trường Trung học phổ thông B Phủ Lý,20.5242068,105.9238816
truong_hoc,way/1019885007,Trường Trung học phổ thông C Phủ Lý,20.5822965,105.9539678
truong_hoc,way/1019885022,Trường Trung học phổ thông Lý Thường Kiệt,20.5667634,105.865268
truong_hoc,way/1019885057,Trường Trung học phổ thông Lê Hoàn,20.5020089,105.9665198
truong_hoc,way/1019898143,Trường Trung học phổ thông A Bình Lục,20.4896757,106.0122035
truong_hoc,way/1019898161,Trường Trung học phổ thông C Bình Lục,20.5512601,105.9995339
truong_hoc,way/1019898169,Trường Trung học phổ thông Nguyễn Hữu Tiến,20.6222136,105.9910247
truong_hoc,way/1019898178,Trường Trung học phổ thông A Kim Bảng,20.576798,105.8760527
truong_hoc,way/1019898188,Trường Trung học phổ thông C Kim Bảng,20.6079856,105.8827388
truong_hoc,way/1019898193,Trường Trung học phổ thông A Duy Tiên,20.6441257,105.9855744
truong_hoc,way/1019898199,Trường Trung học phổ thông B Duy Tiên,20.6468137,105.9335996
truong_hoc,way/1019898204,Trường Trung học phổ thông Lý Nhân,20.5613698,106.0281966
truong_hoc,way/1023288046,Trường Trung học cơ sở Thị trấn Sóc Sơn,21.2604053,105.8508718
truong_hoc,way/1024119319,Trường Mầm non Ninh Xá,21.1823099,106.077984
truong_hoc,way/1031063696,Trường Tiểu học Kinh Bắc,21.2128682,106.0492743
truong_hoc,way/1031063701,Trường Trung học cơ sở Hoà Long,21.2093153,106.0569292
truong_hoc,way/1031063705,Trường Tiểu học Vạn An,21.1957116,106.0503466
truong_hoc,way/1031063714,Trường Trung học cơ sở Hòa Long,21.1925282,106.0500828
truong_hoc,way/1031077419,Trường Tiểu học Khắc Niệm,21.1380988,106.0609968
truong_hoc,way/1031077422,Trường Trung học cơ sở Khắc Niệm,21.1438529,106.0573217
truong_hoc,way/1034719618,Trường Trung học phổ thông chuyên Hoàng Văn Thụ,20.833884,105.3425525
truong_hoc,way/1034772141,Trường Tiểu học Phú Minh,20.7809102,105.9148783
truong_hoc,way/1034772151,Trường Trung học cơ sở Phú Minh,20.7839043,105.9198277
truong_hoc,way/1034955340,Trường Mầm non Phú Minh,20.7787856,105.9169675
truong_hoc,way/1034955354,Trường Trung học cơ sở Nam Tiến,20.7732969,105.921064
truong_hoc,way/1034955358,Trường Tiểu học Nam Tiến A,20.7726636,105.9212181
truong_hoc,way/1034955365,Trường Tiểu học Nam Tiến B,20.772037,105.9352498
truong_hoc,way/1034967043,Trường Mầm non Hoàng Mai (điểm 3),20.9798526,105.8492103
truong_hoc,way/1036443749,Trường Mầm non Quốc tế Winston Bắc Ninh,21.1809732,106.0749663
truong_hoc,way/1037260256,Trường Trung học phổ thông Yên Phong số 2,21.2162431,106.0030636
truong_hoc,way/1037260299,Trường Trung học phổ thông Lý Thường Kiệt,21.1304825,106.0788705
truong_hoc,way/1037268062,Trường Trung học phổ thông Yên Phong số 1,21.1983138,105.9550106
truong_hoc,way/1037268067,Trường Trung học phổ thông Tiên Du số 1,21.1084918,106.0389316
truong_hoc,way/1037268100,Trường Trung học phổ thông Thuận Thành số 2,21.0375091,106.053004
truong_hoc,way/1040727585,Trường Mầm non song ngữ Sasuke Thanh Xuân,20.9969634,105.8057356
truong_hoc,way/1041128115,Trường Mẫu giáo số 7,21.0242618,105.8169398
truong_hoc,way/1047537137,Trường Tiểu học Đại Cường,20.6520424,105.8563955
truong_hoc,way/1047537142,Trường Trung học cơ sở Đại Cường,20.6516246,105.8567684
truong_hoc,way/1047537147,Trường Trung học cơ sở Đại Hùng,20.6585868,105.844505
truong_hoc,way/1047537149,Trường Mầm non Đại Hùng,20.6627158,105.8400424
truong_hoc,way/1047537152,Trường Tiểu học Đại Hùng,20.663938,105.8355792
truong_hoc,way/1050444671,Trường Trung học cơ sở Suối Hoa,21.1882126,106.0624586
truong_hoc,way/1056341549,Trường Tiểu học Lômônôxốp,21.0147223,105.7810413
truong_hoc,way/1058072006,Trường Trung học phổ thông Hoàng Mai,20.9991774,105.809149
truong_hoc,way/1062770965,Trường Trung học cơ sở Phùng Hưng,21.1380996,105.5011195
truong_hoc,way/1062770973,Trường Tiểu học Tây Đằng A,21.1966407,105.4245369
truong_hoc,way/1062770983,Trường Trung học cơ sở Thạch Thất,21.0538416,105.5822962
truong_hoc,way/1062770989,Trường Mầm non Huyện - Quốc Oai,20.9909867,105.6418225
truong_hoc,way/1063191486,Trường Mẫu giáo Nguyễn Công Trứ,21.0126641,105.8540402
truong_hoc,way/1063191489,Trường Mầm non Nguyễn Công Trứ,21.0122434,105.8540804
truong_hoc,way/1063218201,Trường Mầm non Hoa Hồng,21.1833078,106.0625984
truong_hoc,way/1064289887,Trường Phổ thông Hermann Gmeiner Việt Trì,21.3287201,105.3963238
truong_hoc,way/1066700474,Trường Trung cấp Kỹ thuật - Tin học Hà Nội,21.0236583,105.8109119
truong_hoc,way/1066700478,Trường Tiểu học - Trung học cơ sở - Trung học phổ thông Chu Văn An,21.1312626,105.7775436
truong_hoc,way/1066700489,Trường Trung cấp nghề số 1 Hà Nội,20.7479355,105.9153092
truong_hoc,way/1066700497,Trường Trung cấp nghề Nấu ăn - Nghiệp vụ Du lịch và Thời trang Hà Nội,21.0192947,105.8385902
truong_hoc,way/1066700499,Trường Trung cấp nghề Cơ khí I Hà Nội,21.1754431,105.8587898
truong_hoc,way/1066700505,Trường Trung cấp nghề Kỹ thuật Nấu ăn - Nghiệp vụ Du lịch và Thời trang Hà Nội (cơ sở 2),21.0186308,105.8359502
truong_hoc,way/1066700506,Trường Trung cấp nghề Giao thông công chính Hà Nội,21.052641,105.7370622
truong_hoc,way/1066700507,Trường Trung cấp Xây dựng Hà Nội,21.0496136,105.8450192
truong_hoc,way/1066839451,Trường Trung cấp nghề Tổng hợp Hà Nội,20.9704568,105.781097
truong_hoc,way/1066839455,Trường Trung cấp Kinh tế - Kỹ thuật và Công nghệ Hà Nội,20.9508261,105.7509621
truong_hoc,way/1066839456,Trường Trung cấp Kinh tế - Kỹ thuật và Công nghệ Hà Nội (cơ sở 2),21.0468362,105.8479531
truong_hoc,way/1066840335,Trường Phục hồi chức năng và Dạy nghề cho người khuyết tật Khoái Châu,20.8349447,105.9726046
truong_hoc,way/1067639910,Trường Tiểu học Trung Thành,21.0221581,105.9404693
truong_hoc,way/1067819624,Trường Trung học cơ sở Nguyễn Bỉnh Khiêm,21.0373166,105.9044359
truong_hoc,way/1067819627,,21.0369294,105.90382
truong_hoc,way/1070976306,Trường Mầm non Cổ Bi,21.0295194,105.9405182
truong_hoc,way/1070976309,Trường Trung học cơ sở Cổ Bi,21.0229784,105.9412224
truong_hoc,way/1070976320,Trường Mầm non Hoa Phượng,21.022095,105.9415223
truong_hoc,way/1071065137,Trường Trung cấp nghề Cơ khí xây dựng,21.0279251,105.93962
truong_hoc,way/1071065153,Trường Trung học cơ sở Phúc Lợi,21.0475638,105.9256312
truong_hoc,way/1071065163,Trường Tiểu học Đặng Xá,21.0274829,105.9602556
truong_hoc,way/1071065171,Trung tâm hướng dẫn hoạt động Thiếu nhi Trung ương,21.0188689,105.9431031
truong_hoc,way/1073109290,Trường Tiểu học Phú Thị,21.0197823,105.9704389
truong_hoc,way/1073109291,Trường Trung học cơ sở Phú Thị,21.0208565,105.9705005
truong_hoc,way/1074257029,Trường Tiểu học Cao Bá Quát,21.0183267,105.9510264
truong_hoc,way/1074257030,Trường Trung học cơ sở Cao Bá Quát,21.0176717,105.9519106
truong_hoc,way/1074490410,Trường Mầm Non Phúc Đồng,21.0379608,105.9038476
truong_hoc,way/1077007415,Trung tâm Giáo dục nghề nghiệp-Giáo dục thường xuyên huyện Ba Vì,21.2108518,105.4136861
truong_hoc,way/1077007429,Trường Trung cấp nghề Công nghệ Tây An,21.0921554,105.7115122
truong_hoc,way/1078843856,Trường Tiểu học Chúc Sơn A,20.9180858,105.7010931
truong_hoc,way/1078843858,Trường Mầm non Huyện - Chương Mỹ,20.9187388,105.7045513
truong_hoc,way/1078843859,Trường Trung học cơ sở Ngô Sỹ Liên,20.9192436,105.701158
truong_hoc,way/1078940509,Trường Tiểu học Thị trấn Chúc Sơn B,20.9218322,105.7094832
truong_hoc,way/1078961102,Trường Tiểu học Xuân Mai A,20.8993129,105.5705756
truong_hoc,way/1078961105,Trường Trung học phổ thông Xuân Mai,20.9000738,105.5688742
truong_hoc,way/1078961111,Trường Mầm non Xuân Mai,20.8994541,105.5711543
truong_hoc,way/1078961113,Trường Trung học cơ sở Xuân Mai A,20.8879351,105.5673049
truong_hoc,way/1078961122,Trường Tiểu học Xuân Mai B,20.9050321,105.5868871
truong_hoc,way/1079204735,Trường Trung học cơ sở Đại Yên,20.9013928,105.6972047
truong_hoc,way/1079204736,Trường Tiểu học Đại Yên,20.9019058,105.6973268
truong_hoc,way/1079204740,Trường Mầm non Đại Yên (khu C),20.8941875,105.6841539
truong_hoc,way/1079204742,Trường Mầm non Đại Yên,20.8903096,105.6989215
truong_hoc,way/1079204744,Trường Mầm non Đại Yên,20.9062699,105.697625
truong_hoc,way/1079204746,Trường Trung học cơ sở Đồng Phú,20.8344916,105.7099867
truong_hoc,way/1079204747,Trường Mầm non Đồng Phú,20.834058,105.7098519
truong_hoc,way/1079204749,Trường Tiểu học Đồng Phú,20.8322579,105.7105624
truong_hoc,way/1079204755,Trường Tiểu học Đông Phương Yên,20.923446,105.6362624
truong_hoc,way/1079204756,Trường Trung học cơ sở Đông Phương Yên,20.9244982,105.6359217
truong_hoc,way/1079204760,Trường Mầm non Đông Phương Yên,20.9240586,105.6360211
truong_hoc,way/1079204768,Trường Trung học cơ sở Đông Sơn,20.923503,105.6211675
truong_hoc,way/1079204769,Trường Tiểu học Đông Sơn,20.9241833,105.6216933
truong_hoc,way/1079368030,Trường Tiểu học Xuân Hoà,21.2820933,105.7275183
truong_hoc,way/1079368031,Trường Mầm non Đồng Xuân,21.276963,105.730655
truong_hoc,way/1079654520,Trường Tiểu học Lê Hồng Phong,20.5364768,105.9071308
truong_hoc,way/1079654521,Trường Mầm non Lê Hồng Phong,20.5365158,105.9078499
truong_hoc,way/1079654530,Trường Tiểu học Trần Hưng Đạo,20.5329725,105.9270698
truong_hoc,way/1079654531,Trường Trung học cơ sở Trần Quốc Toản,20.5364577,105.9186663
truong_hoc,way/1079654532,Trường Trung học cơ sở Trần Phú,20.5394722,105.9180803
truong_hoc,way/1079654556,Trường Tiểu học Lương Khánh Thiện,20.5464718,105.9173584
truong_hoc,way/1079654557,Trường Trung học cơ sở Lương Khánh Thiện,20.5465686,105.917054
truong_hoc,way/1079654558,Trường Mầm non Lương Khánh Thiện,20.5466535,105.9167696
truong_hoc,way/1082236842,Trường Trung học cơ sở & Trung học phổ thông Tạ Quang Bửu,21.0026516,105.8465688
truong_hoc,way/1084375115,Trường Tiểu học Bắc Lý,20.5660945,106.0749336
truong_hoc,way/1084375116,Trường Trung học cơ sở Bắc Lý,20.5663908,106.0758349
truong_hoc,way/1084375125,Trường Tiểu học Đạo Lý,20.5876705,106.0732172
truong_hoc,way/1084375129,Trường Mầm non Đạo Lý,20.5920294,106.0695545
truong_hoc,way/1084375131,Trường Trung học cơ sở Đạo Lý,20.5914714,106.0683973
truong_hoc,way/1086689904,Trường Trung học phổ thông Nguyễn Thị Giang,21.2775131,105.4708859
truong_hoc,way/1086841553,Trường Trung học phổ thông Nguyễn Viết Xuân,21.2749062,105.5165352
truong_hoc,way/1086841561,Trường Trung học phổ thông Đội Cấn,21.1997243,105.5014128
truong_hoc,way/1086841567,Trường Trung học phổ thông Đội Cấn (cơ sở 2),21.2001305,105.4989143
truong_hoc,way/1086841572,Trường Trung học phổ thông Bến Tre,21.2330153,105.7043445
truong_hoc,way/1086841590,Trường Trung học phổ thông Vĩnh Yên,21.294706,105.5566707
truong_hoc,way/1086841617,Trường Trung học phổ thông Lê Xoay,21.2269278,105.5037649
truong_hoc,way/1088736371,Trường Hà Nội Toronto,21.0057349,105.7967019
truong_hoc,way/1088736396,Trường Mầm non Hoa Sen,21.0084643,105.7994105
truong_hoc,way/1088736404,Trường Trung học cơ sở Trần Duy Hưng,21.0079236,105.7999622
truong_hoc,way/1089001005,Trường Mầm non Chích Bông,21.0107352,105.8325435
truong_hoc,way/1089595620,Trường Tiểu học Tây Đằng B,21.2059176,105.4287325
truong_hoc,way/1089595625,,21.2068437,105.4293341
truong_hoc,way/1089595628,Trường Trung học cơ sở Tây Đằng,21.1964465,105.4283599
truong_hoc,way/1089984750,Trường Mầm non Cấm Lĩnh A,21.1855533,105.3612744
truong_hoc,way/1089984755,Trường Tiểu học Cấm Lĩnh,21.1865049,105.3611752
truong_hoc,way/1089984760,Trường Trung học cơ sở Cấm Lĩnh,21.1846667,105.3609728
truong_hoc,way/1089984764,Trường Trung học cơ sở Cam Thượng,21.1619536,105.4617793
truong_hoc,way/1089984765,Trường Tiểu học Cam Thượng,21.1620801,105.4613377
truong_hoc,way/1089984769,Trường Mầm non Cam Thượng,21.1621797,105.4608649
truong_hoc,way/1089984789,Trường Tiểu học Châu Sơn,21.259505,105.4220483
truong_hoc,way/1089984796,Trường Trung học cơ sở Châu Sơn,21.2596552,105.4226845
truong_hoc,way/1089984801,Trường Tiểu học Chu Minh,21.1987319,105.437894
truong_hoc,way/1089984802,Trường Trung học cơ sở Chu Minh,21.1983769,105.4384762
truong_hoc,way/1089984803,Trường Mầm non Chu Minh,21.1987996,105.4388312
truong_hoc,way/1089984814,Trường Tiểu học Cổ Đô,21.2830204,105.3686205
truong_hoc,way/1089984819,Trường Trung học cơ sở Cổ Đô,21.2842752,105.3696484
truong_hoc,way/1089984823,Trường Mầm non Cổ Đô,21.2837947,105.3696672
truong_hoc,way/1090377179,Trường Mầm non Phú Diễn A,21.0500791,105.7599825
truong_hoc,way/1090377180,Trường Trung học cơ sở Phú Diễn A,21.0507384,105.7581594
truong_hoc,way/1090377195,Trường Trung học cơ sở Đông Quang,21.1780004,105.4496308
truong_hoc,way/1090377196,Trường Tiểu học Đông Quang,21.1784909,105.4492324
truong_hoc,way/1090377203,Trường Mầm non Đồng Thái,21.2256763,105.3942506
truong_hoc,way/1090377206,Trường Tiểu học Đồng Thái,21.226949,105.398432
truong_hoc,way/1090377211,Trường Trung học cơ sở Đồng Thái,21.2270181,105.3992922
truong_hoc,way/1090377216,Trường Tiểu học Khánh Thượng,21.0314524,105.3146507
truong_hoc,way/1090377217,Trường Trung học cơ sở Khánh Thượng,21.0314498,105.315741
truong_hoc,way/1090377224,Trường Tiểu học Khánh Thượng (điểm trường Gò Đình Muôn),21.0217433,105.3421275
truong_hoc,way/1090377228,Trường Trung học cơ sở Minh Châu,21.2063598,105.4572037
truong_hoc,way/1090377229,Trường Tiểu học Minh Châu,21.2062198,105.4565559
truong_hoc,way/1090377230,Trường Mầm non Minh Châu,21.2067374,105.4582698
truong_hoc,way/1090717259,Trường Tiểu học Phú Châu,21.2316598,105.4242356
truong_hoc,way/1090717260,Trường Trung học cơ sở Phú Châu,21.2328074,105.4236951
truong_hoc,way/1090717267,Trường Tiểu học Phú Phương,21.2516791,105.4213699
truong_hoc,way/1090717270,Trường Trung học cơ sở Phú Phương,21.2519539,105.4201848
truong_hoc,way/1090717276,Trường Mầm non Phú Đông,21.2522008,105.3731639
truong_hoc,way/1090717282,Trường Tiểu học Phú Sơn,21.2239835,105.3768805
truong_hoc,way/1090717283,Trường Trung học cơ sở Phú Sơn,21.2232884,105.379281
truong_hoc,way/1090717291,Trường Trung học cơ sở Tản Hồng,21.2686174,105.4202229
truong_hoc,way/1090717292,Trường Tiểu học Tản Hồng,21.2694617,105.4197499
truong_hoc,way/1090717300,Trường Tiểu học Tản Lĩnh,21.1146495,105.4053038
truong_hoc,way/1090717301,Trường Trung học cơ sở Tản Lĩnh,21.1149926,105.4049936
truong_hoc,way/1090717307,Trường Tiểu học Thái Hoà,21.2313438,105.3701921
truong_hoc,way/1090717308,Trường Trung học cơ sở Thái Hoà,21.2310775,105.3706505
truong_hoc,way/1090717309,Trường Trung học cơ sở Thuần Mỹ,21.1524784,105.3014297
truong_hoc,way/1090717310,Trường Tiểu học Thuần Mỹ,21.1530226,105.3011708
truong_hoc,way/1090886395,Trường Trung học cơ sở Trung tâm Nghiên cứu Bò và Đồng cỏ Ba Vì,21.1016142,105.428421
truong_hoc,way/1090886396,Trường Tiểu học Trung tâm Nghiên cứu Bò và Đồng cỏ Ba Vì,21.1014766,105.4289775
truong_hoc,way/1090886403,Trường Mầm non Trung tâm Nghiên cứu Bò và Đồng cỏ Ba Vì,21.0993445,105.4353755
truong_hoc,way/1090886421,Trường Trung học cơ sở Thuỵ An,21.161695,105.4155392
truong_hoc,way/1090886427,Trường Trung học cơ sở Tòng Bạt,21.1907533,105.3295514
truong_hoc,way/1090886428,Trường Tiểu học Tòng Bạt,21.1910897,105.330234
truong_hoc,way/1090886435,Trường Mầm non Tòng Bạt,21.1918132,105.3311006
truong_hoc,way/1090886438,Trường Tiểu học Vân Hoà,21.0795788,105.4267608
truong_hoc,way/1090886444,Trường Trung học cơ sở Vân Hoà,21.0801495,105.4269162
truong_hoc,way/1090886446,Trường Mầm non Vật Lại,21.2012659,105.4082301
truong_hoc,way/1090886447,Trường Tiểu học Vật Lại,21.204183,105.4036894
truong_hoc,way/1090886448,Trường Trung học cơ sở Vật Lại,21.2084353,105.4029995
truong_hoc,way/1090886449,Trường Trung học cơ sở Yên Bài B,21.0764325,105.4344271
truong_hoc,way/1090886450,Trường Tiểu học Yên Bài C,21.0760509,105.4343265
truong_hoc,way/1090886451,Trường Tiểu học Yên Bài (khu B),21.0536161,105.4491253
truong_hoc,way/1091417233,,21.3491279,105.7081207
truong_hoc,way/1091417238,Trường Trung học phổ thông Trần Phú,21.3160987,105.5968851
truong_hoc,way/1091417246,Trường Tiểu học Liên Bảo,21.3150246,105.5959709
truong_hoc,way/1091482434,Trường Trung học phổ thông chuyên Vĩnh Phúc,21.336679,105.6055013
truong_hoc,way/1091482436,Trung tâm Giáo dục thường xuyên tỉnh Vĩnh Phúc,21.3211024,105.6031719
truong_hoc,way/1091537225,Trường Trung học cơ sở Văn Lý,20.5868399,105.9930662
truong_hoc,way/1091537227,Trường Tiểu học Văn Lý,20.5827981,105.9891521
truong_hoc,way/1091630385,Trường Trung học phổ thông Kim Ngọc,21.3175336,105.5662263
truong_hoc,way/1091630397,Trường Trung học phổ thông Nguyễn Thái Học,21.3041417,105.6190177
truong_hoc,way/1091630405,Trường Trung học phổ thông Tam Dương,21.3758297,105.5397939
truong_hoc,way/1091630411,Trường Tiểu học Hợp Hoà B,21.3749001,105.5450795
truong_hoc,way/1091630416,Trường Trung học phổ thông Tam Dương II,21.3359488,105.5492478
truong_hoc,way/1091630421,Trường Trung học phổ thông Trần Hưng Đạo,21.3724649,105.6047266
truong_hoc,way/1091634404,Trường Trung học phổ thông Tam Đảo,21.4264237,105.5910753
truong_hoc,way/1091634419,Trường Trung học phổ thông Ngô Gia Tự,21.4104134,105.4639038
truong_hoc,way/1091634421,Trường Trung học phổ thông Liễn Sơn,21.4313591,105.5191298
truong_hoc,way/1091634422,Trường Trung học phổ thông Trần Nguyên Hãn,21.3395333,105.4579786
truong_hoc,way/1091753365,Trường Trung học phổ thông Ngô Gia Tự (cơ sở 2),21.4210184,105.4673379
truong_hoc,way/1091753376,Trường Trung học phổ thông Văn Quán,21.3726635,105.4509159
truong_hoc,way/1091824449,Trường Trung học phổ thông Sáng Sơn,21.4197525,105.4028905
truong_hoc,way/1091824457,Trường Trung học phổ thông Sông Lô,21.3690622,105.4177212
truong_hoc,way/1091824471,Trường Trung học phổ thông Yên Lạc,21.2337902,105.5673839
truong_hoc,way/1091824482,Trung tâm Giáo dục nghề nghiệp-Giáo dục thường xuyên huyện Yên Lạc,21.2325637,105.5657149
truong_hoc,way/1091824489,Trường Trung học phổ thông Yên Lạc 2,21.1965776,105.5803286
truong_hoc,way/1091824495,Trường Trung học phổ thông Phạm Công Bình,21.213173,105.6107163
truong_hoc,way/1091864925,Trường Trung học phổ thông Hai Bà Trưng,21.2301938,105.7104821
truong_hoc,way/1091864929,Trường Trung học cơ sở Hùng Vương,21.2286463,105.7111217
truong_hoc,way/1091864933,Trường Trung học phổ thông Đồng Đậu,21.2596516,105.5596925
truong_hoc,way/1091864937,Trường Trung học phổ thông Bình Xuyên,21.2787559,105.6456549
truong_hoc,way/1091864938,Trường Tiểu học Hương Canh B,21.2774811,105.6448659
truong_hoc,way/1091864951,Trường Trung học phổ thông Quang Hà,21.3407987,105.6452158
truong_hoc,way/1091864960,Trường Trung học phổ thông Nguyễn Duy Thì,21.3148461,105.6881848
truong_hoc,way/1091864964,Trường Trung học phổ thông Võ Thị Sáu,21.2454614,105.6322331
truong_hoc,way/1091864967,Trường Trung học cơ sở Nguyễn Duy Thì,21.2482057,105.6290735
truong_hoc,way/1096357861,Trường Mầm non Phúc Lộc,21.1339704,105.8468998
truong_hoc,way/1096926605,Trường Mầm non Thạch Bàn (Phân hiệu),21.0228428,105.9068632
truong_hoc,way/1101799521,Trường Mầm non Linh Đàm,20.9702589,105.8283273
truong_hoc,way/1103248427,Trường Mầm non Họa Mi,21.0196746,105.8114815
truong_hoc,way/1104046461,Trường Mầm non Thanh Xuân Nam,20.9895975,105.8023574
truong_hoc,way/1107060227,Trường Mầm non Vân Hoà,21.0770235,105.4257298
truong_hoc,way/1107064254,Trường Trung học cơ sở Nghĩa Dân,20.7953551,106.0485198
truong_hoc,way/1107064255,,20.8016538,106.0502257
truong_hoc,way/1108011364,Trường Mầm Non Sao Sáng,20.9839541,105.8135176
truong_hoc,way/1110149614,Trường Trung học cơ sở & Trung học phổ thông Marie Curie,20.9546828,105.7703302
truong_hoc,way/1112600731,Trường Trung học phổ thông Công Nghiệp,20.81922,105.3450547
truong_hoc,way/1113043218,Trường Trung học phổ thông Lâm Thao,21.3159681,105.2895463
truong_hoc,way/1113043219,Trường Trung học phổ thông Long Châu Sa,21.3150211,105.2890822
truong_hoc,way/1113297539,Trường Mầm non Hoa Trà My,21.0039947,105.800339
truong_hoc,way/1114922853,Times School Minh Khai,20.9981863,105.8706593
truong_hoc,way/1114922913,Trường Mầm non Đinh Tiên Hoàng,21.032165,105.8568053
truong_hoc,way/1115515612,Trường Mầm Non Tư Thục Hoa Mai,21.0622281,105.7791399
truong_hoc,way/1116143690,Trường Trung học cơ sở Cầu Giấy,21.0165481,105.7915878
truong_hoc,way/1116399743,Trường Trung học phổ thông Hoàng Quán Chi,21.0203188,105.7894749
truong_hoc,way/1116421773,Trường Tiểu học Yên Hòa,21.020279,105.7938458
truong_hoc,way/1117295551,Trường Phổ thông Hermann Gmeiner Hà Nội,21.0413862,105.7798915
truong_hoc,way/1117343633,Trường Mầm non 1-6,21.2004225,105.4244972
truong_hoc,way/1117343638,Trường Mầm non Hoà Chính,20.8094002,105.7200446
truong_hoc,way/1117343640,Trường Tiểu học Hoà Chính,20.8112881,105.7260538
truong_hoc,way/1117343642,Trường Trung học cơ sở Hoà Chính,20.8108607,105.7302998
truong_hoc,way/1117343653,Trường Tiểu học Hoàng Diệu,20.8610568,105.7317641
truong_hoc,way/1117343654,Trường Trung học cơ sở Hoàng Diệu,20.86168,105.7326659
truong_hoc,way/1117343660,Trường Trung học cơ sở Hoàng Văn Thụ,20.8744865,105.6508404
truong_hoc,way/1117343661,Trường Tiểu học Hoàng Văn Thụ,20.8695942,105.649297
truong_hoc,way/1117343662,Trường Mầm non Hoàng Văn Thụ,20.870033,105.6489457
truong_hoc,way/1117343663,Trường Trung học cơ sở Lương Mỹ,20.8456621,105.6274551
truong_hoc,way/1117343664,Trường Tiểu học Lương Mỹ,20.8461521,105.6277072
truong_hoc,way/1117343669,Trường Trung học cơ sở Tiên Phương,20.9405127,105.6858883
truong_hoc,way/1117343670,Trường Tiểu học Tiên Phương,20.9397893,105.6860526
truong_hoc,way/1117343671,Trường Trung học cơ sở Phú Nghĩa,20.9297744,105.6591447
truong_hoc,way/1117343672,Trường Tiểu học Phú Nghĩa,20.9291305,105.6589509
truong_hoc,way/1117343673,Trường Mầm non Phú Nghĩa,20.9306593,105.6561579
truong_hoc,way/1117395472,Trường Tiểu học Thuỷ Xuân Tiên,20.8989088,105.5968722
truong_hoc,way/1117395473,Trường Mầm non Thuỷ Xuân Tiên,20.895313,105.5966577
truong_hoc,way/1117395483,Trường Trung học cơ sở Thuỷ Xuân Tiên,20.9057121,105.6028151
truong_hoc,way/1117395486,Trường Mầm non Ngọc Hoà,20.9220631,105.6917421
truong_hoc,way/1117395490,Trường Tiểu học Trường Yên,20.9172094,105.6479001
truong_hoc,way/1117395491,Trường Trung học cơ sở Trường Yên,20.9166319,105.6479443
truong_hoc,way/1117395497,Trường Trung học cơ sở Thanh Bình,20.9069956,105.6227203
truong_hoc,way/1117395501,Trường Tiểu học Thanh Bình,20.9071548,105.624296
truong_hoc,way/1117395504,Trường Mầm non Thanh Bình,20.9084201,105.6222213
truong_hoc,way/1117395509,Trường Trung học cơ sở Trung Hoà,20.906224,105.6429964
truong_hoc,way/1117395513,Trường Tiểu học Trung Hoà,20.9039062,105.6423902
truong_hoc,way/1117395520,Trường Trung học cơ sở Tân Tiến,20.8752309,105.6139719
truong_hoc,way/1117395521,Trường Mầm non Tân Tiến,20.876131,105.6134787
truong_hoc,way/1117395522,Trường Tiểu học Tân Tiến,20.8662404,105.6105555
truong_hoc,way/1117395523,Trường Trung học phổ thông Nguyễn Văn Trỗi,20.8445729,105.6483525
truong_hoc,way/1117395528,Trường Tiểu học Hữu Văn,20.8688519,105.6605168
truong_hoc,way/1117395529,Trường Trung học cơ sở Hữu Văn,20.8693628,105.660883
truong_hoc,way/1117395530,Trường Mầm non Hữu Văn,20.8695256,105.6616224
truong_hoc,way/1117395531,Trường Trung học cơ sở Mỹ Lương,20.8613153,105.6694914
truong_hoc,way/1117395533,Trường Mầm non Mỹ Lương,20.8534036,105.6813746
truong_hoc,way/1117395534,Trường Tiểu học Mỹ Lương,20.8542383,105.6807738
truong_hoc,way/1117395535,Trường Trung học cơ sở Quảng Bị,20.8636437,105.698686
truong_hoc,way/1117395536,Trường Tiểu học Quảng Bị,20.8643241,105.698659
truong_hoc,way/1117395537,Trường Mầm non Quảng Bị,20.8648089,105.6990017
truong_hoc,way/1117395542,Trường Tiểu học Hợp Đồng,20.879164,105.698482
truong_hoc,way/1117395543,Trường Trung học cơ sở Hợp Đồng,20.8794202,105.699111
truong_hoc,way/1117395544,Trường Tiểu học Thuỵ Hương,20.9054565,105.7186076
truong_hoc,way/1117395545,Trường Trung học cơ sở Thuỵ Hương,20.9057934,105.7191387
truong_hoc,way/1117395546,Trường Mầm non Thuỵ Hương,20.9049428,105.7196565
truong_hoc,way/1117395547,Trường Mầm non Lam Điền,20.8907139,105.7255141
truong_hoc,way/1117395548,Trường Tiểu học Lam Điền,20.8915577,105.7254593
truong_hoc,way/1117395549,Trường Trung học cơ sở Lam Điền,20.8920464,105.7256522
truong_hoc,way/1117407768,St. Paul American School Hanoi,21.0180705,105.7251983
truong_hoc,way/1117521215,Trường Tiểu học Nam Phương Tiến A,20.8860161,105.6265064
truong_hoc,way/1117521216,Trường Mầm non Nam Phương Tiến,20.8856602,105.6270737
truong_hoc,way/1117521221,Trường Trung học cơ sở Nam Phương Tiến A,20.8837165,105.6267077
truong_hoc,way/1117521224,Trường Trung học cơ sở Nam Phương Tiến B,20.8436885,105.5955848
truong_hoc,way/1117521228,Trường Tiểu học Nam Phương Tiến B,20.8458089,105.5992768
truong_hoc,way/1117521231,Trường Trung học cơ sở Thượng Vực,20.8522081,105.7216251
truong_hoc,way/1117521232,Trường Tiểu học Thượng Vực,20.8521239,105.7211323
truong_hoc,way/1117521233,Trường Mầm non Thượng Vực,20.8524475,105.7190066
truong_hoc,way/1117536896,Trường Trung học cơ sở Bê Tông,20.8800568,105.5746697
truong_hoc,way/1117536897,Trường Tiểu học Bê Tông,20.8803374,105.5738463
truong_hoc,way/1117536914,Trường Trung học cơ sở Hồng Phong,20.8437687,105.6954621
truong_hoc,way/1117536915,Trường Tiểu học Hồng Phong,20.8434766,105.6959726
truong_hoc,way/1117536917,Trường Trung học cơ sở Phú Nam An,20.8166948,105.743387
truong_hoc,way/1117536921,Trường Tiểu học Phú Nam An,20.8156527,105.7436235
truong_hoc,way/1117536923,Trường Mầm non Phú Nam An,20.8150268,105.7394232
truong_hoc,way/1117536926,Trường Tiểu học Văn Võ,20.8325126,105.7471056
truong_hoc,way/1117536927,Trường Trung học cơ sở Văn Võ,20.8330974,105.7471076
truong_hoc,way/1117536928,Trường Mầm non Văn Võ,20.8328022,105.7463432
truong_hoc,way/1117537655,Trường Trung học phổ thông chuyên Sư phạm,21.0380446,105.7840921
truong_hoc,way/1117622662,Trường Nguyễn Bỉnh Khiêm - Cầu Giấy,21.0420744,105.7877448
truong_hoc,way/1117940022,Trường Trung học cơ sở và Trung học phổ thông Nguyễn Tất Thành,21.037269,105.7848239
truong_hoc,way/1117941605,Trường Mầm non Hoa Hồng (phân hiệu 1),21.0421974,105.7892147
truong_hoc,way/1118223281,Trường Mầm non Hoạ Mi,21.042291,105.776568
truong_hoc,way/1118223286,Trường Mầm non Mai Dịch,21.0439824,105.7750209
truong_hoc,way/1118308348,Trường Mầm non Ánh Sao,21.0438474,105.7957306
truong_hoc,way/1118510629,Trường Tiểu học Mai Dịch,21.0343414,105.7781047
truong_hoc,way/1118788846,Trường Mầm non Sao Mai,21.0341329,105.7737835
truong_hoc,way/1118788848,,21.034532,105.7757208
truong_hoc,way/1119185576,Trường Trung học phổ thông Trí Đức,21.0302309,105.7699237
truong_hoc,way/1119187734,Trường Mầm non Mỹ Đình 2,21.0273601,105.7753057
truong_hoc,way/1119201317,Trường Mầm non Trâu Quỳ,21.0174032,105.9389733
truong_hoc,way/1119809327,Mầm non Hoa Đào,21.0420232,105.8405384
truong_hoc,way/1119809328,Mầm non Hoa Hướng Dương,21.0341248,105.8058109
truong_hoc,way/1121131357,Trường Dewey Tây Hồ Tây,21.0552927,105.792301
truong_hoc,way/1121941107,Trường Mầm non Xuân Canh,21.0876905,105.8508741
truong_hoc,way/1122272608,Trường Trung học cơ sở Mai Đình,21.2387228,105.951749
truong_hoc,way/1122826489,Trường Tiểu học và Trung học cơ sở FPT Cầu Giấy,21.0394266,105.80456
truong_hoc,way/1122930523,Trường Mầm non Phúc Lợi,21.040107,105.9328943
truong_hoc,way/1123277039,Trường mầm non Hà Nội Montessori,21.0399017,105.7893756
truong_hoc,way/1123620514,Trường Trung học phổ thông Yên Lãng,21.1772194,105.6664451
truong_hoc,way/1123789397,Trường Trung học cơ sở Dương Quang,21.007258,105.98626
truong_hoc,way/1123916682,Trường Tiểu học Trạch Mỹ Lộc,21.0966132,105.5320521
truong_hoc,way/1123921328,Trường Trung học cơ sở xã Phú Cường,21.2869559,105.4037713
truong_hoc,way/1123921329,Trường Tiểu học xã Phú Cường,21.2866375,105.404279
truong_hoc,way/1123921330,Trường Trung học cơ sở Vạn Thắng,21.2462674,105.3950667
truong_hoc,way/1123921331,Trường Trung học cơ sở Phong Vân,21.254093,105.3606967
truong_hoc,way/1123921332,Trường Trung học cơ sở Tiên Phong,21.178573,105.4322278
truong_hoc,way/1123921333,Trường Trung học cơ sở Xuân Khanh,21.1143445,105.4403114
truong_hoc,way/1123921334,Trường Trung học cơ sở Kim Sơn,21.0901637,105.4684525
truong_hoc,way/1123921335,Trường Trung học cơ sở Trung Sơn Trầm,21.111345,105.4902122
truong_hoc,way/1123921336,Trường Trung học cơ sở Sơn Lộc,21.1170836,105.4941203
truong_hoc,way/1123921337,Trường Tiểu Học Trung Hưng,21.1323437,105.4971819
truong_hoc,way/1123921338,Trường Trung học cơ sở Trung Hưng,21.1320618,105.4975524
truong_hoc,way/1123921339,Trường Trung học cơ sở Sơn Tây,21.1337885,105.503976
truong_hoc,way/1123921341,Trường Trung học cơ sở Ngô Quyền,21.1408443,105.5011247
truong_hoc,way/1123921342,Trường Tiểu học Trần Phú,21.1452807,105.4991731
truong_hoc,way/1123921343,Trường Mầm non Sơn Ca,21.1442717,105.5024466
truong_hoc,way/1123921344,Trường Mầm non Trưng Vương,21.1401169,105.5074508
truong_hoc,way/1123928311,Trường Trung học cơ sở Hồng Hà,21.1486592,105.5051212
truong_hoc,way/1123928312,,21.1496491,105.50936
truong_hoc,way/1123928313,Trường Trung học cơ sở Viên Sơn,21.1498424,105.5098624
truong_hoc,way/1123928314,Trường Trung học cơ sở Sen Phương (khu 1),21.1408197,105.5243571
truong_hoc,way/1123928316,Trường Trung học cơ sở Thọ Lộc,21.1151282,105.5329259
truong_hoc,way/1123928317,Trường Trung học cơ sở Võng Xuyên,21.1300916,105.5494609
truong_hoc,way/1123928318,Trường Trung học cơ sở Cẩm Đình,21.1456494,105.5521655
truong_hoc,way/1123928319,Trường Trung học cơ sở Sen Phương (khu 2),21.1426748,105.5432973
truong_hoc,way/1124817466,Trường Tiểu học Trâu Quỳ,21.0076936,105.9395758
truong_hoc,way/1125993919,Trường Mầm non A,21.0169105,105.9475776
truong_hoc,way/1125993920,Trường Mầm non Ánh Sao,21.0203896,105.9505356
truong_hoc,way/1125993921,Trường Tiểu học Quang Trung,21.0959901,105.9042372
truong_hoc,way/1125993929,Trường Mầm non Bình Minh,21.075581,105.9457028
truong_hoc,way/1137787685,Trường Tiểu học - Trung học cơ sở Hà Nội,20.9891376,105.8096836
truong_hoc,way/1138077151,Bill Gates Schools,20.9717785,105.8276379
truong_hoc,way/1144267184,Times School Khai Son,21.0596797,105.8769679
truong_hoc,way/1144267185,Times School Khai Son Middle School,21.0603474,105.8790618
truong_hoc,way/1148780777,Trường Trung học phổ thông Thọ Xuân,21.1235225,105.65435
truong_hoc,way/1149375428,Trường Trung học phổ thông Thường Tín,20.8652587,105.8616085
truong_hoc,way/1149375429,Trường Trung học phổ thông Minh Hà,21.0516731,105.6090121
truong_hoc,way/1149375430,Trường Trung học phổ thông Phùng Khắc Khoan - Thạch Thất,21.0231741,105.6072388
truong_hoc,way/1149566485,Trường Mầm non J106,20.8881332,105.5835923
truong_hoc,way/1149566487,Trường Mầm non Thị trấn Chúc Sơn B,20.9257826,105.720912
truong_hoc,way/1149566489,Trường Mầm non Đan Phượng,21.0896301,105.6650747
truong_hoc,way/1149566491,Trường Mầm non Đồng Tháp,21.0790696,105.6496059
truong_hoc,way/1149566493,Trường Trung học cơ sở Đồng Tháp,21.0797269,105.6483429
truong_hoc,way/1149566497,Trường Tiểu học Đồng Tháp,21.0807144,105.6480314
truong_hoc,way/1149599553,Trường Mầm non Thị trấn Phùng,21.0854245,105.6664673
truong_hoc,way/1149599572,Trường Tiểu học Phương Đình A,21.1013025,105.6474111
truong_hoc,way/1149599574,Trường Mầm non Phương Đình,21.1012705,105.648433
truong_hoc,way/1149599575,Trường Trung học cơ sở Phương Đình,21.1028451,105.6480363
truong_hoc,way/1149914331,Trường Trung học cơ sở Trâu Quỳ,21.0142058,105.938347
truong_hoc,way/1150081576,"Trường Tiểu học, Trung học cơ sở & Trung học phổ thông Ngôi Sao Hà Nội - Hoàng Mai",20.9741706,105.82143
truong_hoc,way/1151213244,Trường Trung học cơ sở Linh Đàm,20.9587588,105.8287376
truong_hoc,way/1151213248,Trường Tiểu học Linh Đàm,20.9601395,105.8381642
truong_hoc,way/1151213252,Trường Mầm non Hoàng Liệt (cơ sở Tứ Kỳ),20.9600576,105.8391042
truong_hoc,way/1152638407,Trường Trung học cơ sở Thanh Trù,21.2848819,105.6201974
truong_hoc,way/1152638410,Trường Trung học cơ sở Tô Hiệu,21.3030567,105.59481
truong_hoc,way/1152638412,Trường Tiểu học Định Trung,21.3190605,105.5882942
truong_hoc,way/1152638413,Trường Tiểu học Thanh Trù,21.2836672,105.6143424
truong_hoc,way/1152638416,Trường Tiểu học Ngô Quyền,21.3058235,105.5972673
truong_hoc,way/1152638421,Trường Trung học cơ sở Định Trung,21.3191376,105.5891023
truong_hoc,way/1152638424,Trường Mầm non Định Trung,21.3194921,105.5868368
truong_hoc,way/1152638427,Trường Tiểu học Tích Sơn,21.3033373,105.5830863
truong_hoc,way/1152638431,Trường Mầm non Thanh Trù,21.2828399,105.6143713
truong_hoc,way/1152638433,Trường Trung học cơ sở Vĩnh Yên,21.3209349,105.5812248
truong_hoc,way/1153416077,Trường Tiểu học Tứ Hiệp,20.9476664,105.8510605
truong_hoc,way/1153416092,Trường Trung học cơ sở Tứ Hiệp,20.9475838,105.8536175
truong_hoc,way/1153435551,Trường Mầm non Phạm Tu,20.9505604,105.8516213
truong_hoc,way/1153435554,Trường Mầm non A Tứ Hiệp,20.9490044,105.8491344
truong_hoc,way/1153435555,Trường Mầm non A Tứ Hiệp (điểm Cương Ngô 1),20.9466223,105.8506944
truong_hoc,way/1153435557,Trường Mầm non Tứ Hiệp (điểm Cổ Điển B),20.9448983,105.8545313
truong_hoc,way/1153641564,Trường Tiểu học Chu Văn An,20.9531263,105.8414957
truong_hoc,way/1153641568,Trường Tiểu học Thanh Trì,20.9388925,105.8478936
truong_hoc,way/1153680275,Trường Mầm non Cúc Chi,20.9517989,105.837736
truong_hoc,way/1153680279,Trường Mầm non Đại Thanh,20.9441227,105.8424059
truong_hoc,way/1154456668,Trường dạy Trẻ em khuyết tật huyện Thanh Trì,20.9403835,105.846458
truong_hoc,way/1154456670,Trường Tiểu học Đại Áng,20.9060795,105.8306595
truong_hoc,way/1154456672,Trường Trung học cơ sở Đại Áng,20.9078042,105.8289678
truong_hoc,way/1154456673,Trường Trung học phổ thông Nguyễn Quốc Trinh,20.9040154,105.8303932
truong_hoc,way/1154456682,Trường Mầm non Đại Áng,20.9061977,105.8280916
truong_hoc,way/1155206475,Trường Mầm non Chu Văn An,20.9396214,105.8538877
truong_hoc,way/1155206477,Trường Mầm non Tứ Hiệp (điểm Đồng Trì),20.9407141,105.8617744
truong_hoc,way/1155240101,Trường Trung học cơ sở Đông Mỹ,20.9164641,105.8758582
truong_hoc,way/1155240104,Trường Tiểu học Đông Mỹ,20.9179823,105.8728449
truong_hoc,way/1155240108,Trường Mầm non B xã Đông Mỹ,20.9201427,105.8787509
truong_hoc,way/1155240110,Trường Trung học cơ sở Duyên Hà,20.9251328,105.8790332
truong_hoc,way/1155240111,Trường Tiểu học Duyên Hà,20.9255801,105.8795694
truong_hoc,way/1155240112,Trường Mầm non xã Duyên Hà (điểm Văn Khúc),20.9253817,105.8851033
truong_hoc,way/1155240114,Trường Mầm non xã Duyên Hà (điểm Đại Lan),20.9282005,105.8725129
truong_hoc,way/1155357382,Trường Tiểu học Hữu Hoà,20.9451175,105.8059698
truong_hoc,way/1155357385,Trường Trung học cơ sở Hữu Hoà,20.9468547,105.8054005
truong_hoc,way/1155357389,Trường Mầm non xã Hữu Hoà,20.945402,105.8046323
truong_hoc,way/1155357393,Trường Mầm non xã Hữu Hoà,20.9518593,105.8045719
truong_hoc,way/1155357395,Trường Tiểu học Hữu Hoà (cơ sở 2),20.9556704,105.8025464
truong_hoc,way/1156580288,Trường Mầm non A xã Liên Ninh,20.9164413,105.8657267
truong_hoc,way/1156580291,Trường Tiểu học Tạ Hoàng Cơ,20.9156013,105.8637121
truong_hoc,way/1156580292,Trường Trung học cơ sở Liên Ninh,20.9062006,105.8555606
truong_hoc,way/1156580300,Trường Tiểu học Liên Ninh,20.906722,105.8540673
truong_hoc,way/1156580303,Trường Mầm non B xã Liên Ninh,20.9098793,105.8564761
truong_hoc,way/1156580305,Trường Trung học cơ sở Chu Văn An,20.9658144,105.8156363
truong_hoc,way/1156580307,Trường Tiểu học Chu Văn An,20.9626272,105.8155571
truong_hoc,way/1156580309,Trường Tiểu học Phạm Tu,20.9643167,105.8184332
truong_hoc,way/1156580311,Trường Mầm non Chu Văn An,20.9681547,105.8211782
truong_hoc,way/1156580313,Trường Mầm non Thanh Liệt,20.9614617,105.8119574
truong_hoc,way/1157115924,Trường Mầm non xã Vĩnh Quỳnh (điểm 3),20.9345403,105.8245274
truong_hoc,way/1157115927,Trường Mầm non xã Vĩnh Quỳnh,20.9332132,105.8338007
truong_hoc,way/1157115928,Trường Mầm non Quỳnh Đô,20.9377975,105.8354657
truong_hoc,way/1157115929,Trường Trung học cơ sở Vĩnh Quỳnh,20.9374763,105.8241037
truong_hoc,way/1157115930,Trường Trung học cơ sở Vĩnh Quỳnh,20.9333894,105.8352172
truong_hoc,way/1157172154,Trường Mầm non Ngũ Hiệp,20.9269921,105.8552459
truong_hoc,way/1157172155,Trường Trung học cơ sở Ngũ Hiệp,20.9276484,105.8610847
truong_hoc,way/1157172156,Trường Tiểu học Ngũ Hiệp,20.9232155,105.8587131
truong_hoc,way/1157172168,Trường Trung học phổ thông Lê Thánh Tông,20.928491,105.8602045
truong_hoc,way/1157172169,Trường Mầm non B xã Ngũ Hiệp,20.9302077,105.8600062
truong_hoc,way/1158428699,Trường Trung học cơ sở Lý Thường Kiệt,21.0576103,105.8684432
truong_hoc,way/1158428702,Trường Tiểu học Ngọc Thuỵ,21.0577862,105.8694407
truong_hoc,way/1160126096,Trường Mầm non xã Đại Đồng,21.0844522,105.5640406
truong_hoc,way/1160126098,Trường Trung học cơ sở Đại Đồng,21.087567,105.5591304
truong_hoc,way/1160126100,Trường Tiểu học Đại Đồng,21.086263,105.5598176
truong_hoc,way/1160693807,Trường Tiểu học Chi Đông,21.2098052,105.7549786
truong_hoc,way/1160693808,Trường Trung học cơ sở Chi Đông,21.2054563,105.7523843
truong_hoc,way/1160693809,Trường Trung học phổ thông Quang Minh,21.2121465,105.7556424
truong_hoc,way/1160693810,Trường Mầm non Chi Đông,21.2109982,105.7553767
truong_hoc,way/1160855843,Trường Mầm non Yên Xá,20.9683699,105.7976453
truong_hoc,way/1160855845,Trường Tiểu học Yên Xá,20.9668623,105.7973959
truong_hoc,way/1160855848,Trường Trung học cơ sở Tân Triều,20.9794662,105.7980901
truong_hoc,way/1160855854,Trường Tiểu học Tân Triều,20.9784144,105.797769
truong_hoc,way/1160855857,Trường Mầm non xã Tân Triều,20.9801809,105.8030026
truong_hoc,way/1160855859,Trường Tiểu học Triều Khúc,20.9775787,105.801204
truong_hoc,way/1162574683,Trường Trung học cơ sở Thanh Am,21.0743207,105.89311
truong_hoc,way/1164792121,Trường Tiểu học Lương Yên,21.0096941,105.8640182
truong_hoc,way/1164792122,Trường Trung học phổ thông Đông Đô,21.0515343,105.8098081
truong_hoc,way/1164792126,Trưòng Mầm non Xuân Đỉnh,21.0653613,105.8036867
truong_hoc,way/1164792129,Westlink International School Hanoi (khối Tiểu học),21.0648226,105.8029651
truong_hoc,way/1164792130,Westlink International School Hanoi (khối Trung học cơ sở),21.0634447,105.8023475
truong_hoc,way/1165327433,Trường Quốc tế St. Mary's,21.0193336,105.7973774
truong_hoc,way/1167288804,Trường Mầm non Tây Hồ,21.0560541,105.8098604
truong_hoc,way/1167763876,Trường Mầm Non Phú Châu,21.232593,105.4226924
truong_hoc,way/1171478107,Trường Trung học cơ sở Lê Quý Đôn,20.8196212,105.3460345
truong_hoc,way/1171597394,Trường Mầm non Yên Hoà,21.0206849,105.7945664
truong_hoc,way/1171650821,Trường Tiểu học & Trung học cơ sở Dân Chủ,20.7935113,105.3543069
truong_hoc,way/1171650822,Trường Mầm non Dân Chủ,20.7937991,105.3536704
truong_hoc,way/1171975668,Trường Trung học cơ sở & Trung học phổ thông Lý Thái Tổ,21.0095275,105.803194
truong_hoc,way/1171975677,Trường Mầm non Lý Thái Tổ 2,21.0083762,105.8040821
truong_hoc,way/1171975682,Trường Mầm non Vietkids,21.0262963,105.791974
truong_hoc,way/1172381232,Trường Trung học phổ thông chuyên Khoa học Tự nhiên,20.9925476,105.7969702
truong_hoc,way/1172381238,SenTia School,20.9942129,105.7949812
truong_hoc,way/1172381243,Trường Mầm non Thành Đông,20.994793,105.7943462
truong_hoc,way/1172381253,Trường Trung học cơ sở Nguyễn Lân,20.9846361,105.800014
truong_hoc,way/1172381254,Trường Liên cấp Trung học cơ sở - Tiểu học Vietschool Pandora,20.9849479,105.7997242
truong_hoc,way/1172381257,Trường Mầm non Triều Khúc,20.9821017,105.7974074
truong_hoc,way/1173423561,Trường Mầm non Hoa Mộc Lan,21.0564704,105.883156
truong_hoc,way/1173423562,Trường Trung học cơ sở Gia Quất,21.0565124,105.8837667
truong_hoc,way/1173423563,Trường Mầm non Gia Quất,21.0529222,105.8784332
truong_hoc,way/1173732820,Trường Trung học cơ sở Chu Văn An,21.0623955,105.914481
truong_hoc,way/1173732826,Trường Mầm non Tràng An,21.0643906,105.9148282
truong_hoc,way/1174290217,Trường Mầm non Nguyệt Quế,21.0561937,105.8713712
truong_hoc,way/1178056396,Trường Trung học cơ sở Lê Quý Đôn,21.0516486,105.9215595
truong_hoc,way/1178056425,Trường Trung học cơ sở Nguyễn Gia Thiều,21.0442345,105.902073
truong_hoc,way/1178056427,Trường Tiểu học Đô thị Sài Đồng,21.0449577,105.9012316
truong_hoc,way/1180678524,Trường Trung cấp 24 Biên phòng - Khu B,21.1698959,105.3791532
truong_hoc,way/1180678525,Trường Trung cấp 24 Biên phòng - Khu A,21.1759708,105.3807748
truong_hoc,way/1181062128,Trường Trung học cơ sở Thịnh Liệt (thuộc điểm 2),20.9734262,105.8695432
truong_hoc,way/1181062129,Trường Tiểu học Tam Trinh (điểm 2),20.9737377,105.8683841
truong_hoc,way/1181138804,Trường Mẫu giáo số 10,21.0337659,105.8288371
truong_hoc,way/1181138806,Trường Mầm non Sao Mai,21.0450459,105.8109942
truong_hoc,way/1181778339,Trường Quốc tế Nhật Bản,20.9809109,105.7667475
truong_hoc,way/1182027085,Trường Tiểu học Vạn Thắng,21.2454147,105.3944102
truong_hoc,way/1182027098,Trường Trung học cơ sở Tốt Động,20.8837974,105.6704566
truong_hoc,way/1182027099,Trường Tiểu học Tốt Động,20.8846502,105.670589
truong_hoc,way/1182027104,Trường Tiểu học Tân Lập B,21.0815813,105.713554
truong_hoc,way/1182027111,Trường Trung học cơ sở Tân Lập,21.0825561,105.7115326
truong_hoc,way/1182143641,Trường Trung học cơ sở Cổ Loa,21.1208762,105.8693334
truong_hoc,way/1182143652,Trường Trung học cơ sở Nguyên Khê,21.1764522,105.8409961
truong_hoc,way/1182143657,Trường Tiểu học Lê Hữu Tựu,21.1754506,105.8415633
truong_hoc,way/1182143662,Trường Tiểu học Tô Thị Hiển,21.1789055,105.8419295
truong_hoc,way/1182143670,Trường Tiểu học Văn Đức,20.9439387,105.901578
truong_hoc,way/1182143672,Trường Trung học cơ sở Văn Đức,20.9430222,105.8984991
truong_hoc,way/1182143676,Trường Mầm non Văn Đức,20.9433737,105.8991623
truong_hoc,way/1182143678,Trường Mầm non Văn Đức (điểm Chử Xá),20.9398031,105.9030064
truong_hoc,way/1182144701,Trường Trung học cơ sở Yên Nghĩa,20.9557609,105.7370438
truong_hoc,way/1182144705,Trường Tiểu học Yên Nghĩa,20.958216,105.7380799
truong_hoc,way/1182206471,Trường Trung học cơ sở Võng Xuyên B,21.1262539,105.5532058
truong_hoc,way/1182206512,Trường Trung học phổ thông Tự Lập,21.2169599,105.667504
truong_hoc,way/1182206527,Trường Trung học phổ thông Thạch Thất,21.051442,105.5681336
truong_hoc,way/1182206531,Trường Trung học phổ thông Nguyễn Du - Thanh Oai,20.8145423,105.7767365
truong_hoc,way/1182274015,Trường Trung học phổ thông Lý Tử Tấn,20.8585009,105.8479602
truong_hoc,way/1182274021,Trường Trung học phổ thông Tô Hiệu - Thường Tín,20.8038958,105.8873773
truong_hoc,way/1182274031,Trường Trung học phổ thông Vân Tảo,20.8668554,105.8903402
truong_hoc,way/1182274032,Trường Quốc tế True North,20.9868033,105.7816301
truong_hoc,way/1182274034,Trường Tiểu học Nguyễn Trung Trực,21.042969,105.8463077
truong_hoc,way/1182274035,Trường Trung học phổ thông Hồ Tùng Mậu,20.9928898,105.8148882
truong_hoc,way/1182376982,Trường Mầm non Hoàng Văn Thụ (phân hiệu 2),20.9846348,105.8614288
truong_hoc,way/1182376989,Trường Trung học phổ thông Vạn Xuân - Long Biên,21.0437899,105.8754123
truong_hoc,way/1182376991,Trường Trung học phổ thông Bắc Đuống,21.0982353,105.9293334
truong_hoc,way/1182376993,Trường Trung học phổ thông Lê Ngọc Hân,21.0880744,105.924475
truong_hoc,way/1182376995,Trường Phổ thông Võ thuật Bảo Long,21.0605682,105.9404009
truong_hoc,way/1182377001,Trường Trung học phổ thông Lạc Long Quân,21.2581949,105.8541538
truong_hoc,way/1182377003,Trường Trung học phổ thông Lam Hồng,21.1940992,105.8472606
truong_hoc,way/1182377006,Trường Trung học phổ thông Đặng Thai Mai,21.3176283,105.8533432
truong_hoc,way/1182377009,Trường Trung học phổ thông An Dương Vương,21.1608337,105.8521934
truong_hoc,way/1182377011,"Trường Tiểu học, Trung học cơ sở & Trung học phổ thông Archimedes Đông Anh",21.153671,105.8260001
truong_hoc,way/1182392602,Trường Trung học phổ thông Ngô Quyền - Đông Anh,21.1119799,105.8330094
truong_hoc,way/1182392611,,21.0521034,105.7836595
truong_hoc,way/1182392613,Trường Tiểu học & Trung học cơ sở Pascal,21.0529331,105.7839367
truong_hoc,way/1182392614,,21.0447885,105.7460984
truong_hoc,way/1182901069,Trường Mầm non Nghĩa Dân,20.793387,106.0526
truong_hoc,way/1183325591,Trường Phổ thông Liên cấp Newton Vĩnh Phúc,21.302327,105.6054361
truong_hoc,way/1183365385,Trường Trung học cơ sở Phú Thịnh,21.1503726,105.4963955
truong_hoc,way/1183365387,Trường Tiểu học Phú Thịnh,21.1497804,105.4981061
truong_hoc,way/1183365392,Trường Tiểu học Sơn Lộc,21.1164852,105.4943669
truong_hoc,way/1183365396,Trường Mầm non Sơn Lộc,21.1169224,105.4906155
truong_hoc,way/1183365402,Trường Mầm non Sao Việt,21.1278872,105.5054237
truong_hoc,way/1183365410,Trường Mầm non Đường Lâm,21.1570735,105.4646343
truong_hoc,way/1183365412,Trường Tiểu học Đường Lâm,21.1564702,105.4647772
truong_hoc,way/1183365415,Trường Trung học cơ sở Đường Lâm,21.1560149,105.464602
truong_hoc,way/1183365419,Trường Mầm non Cổ Đông,21.0669135,105.5137286
truong_hoc,way/1183365422,Trường Mầm non Cổ Đông (khu Đồng Trạng),21.0434279,105.5159771
truong_hoc,way/1183365425,Trường Tiểu học Cổ Đông (khu B),21.0458207,105.5148823
truong_hoc,way/1183365427,Trường Tiểu học Cổ Đông,21.0662392,105.5131127
truong_hoc,way/1183365428,Trường Trung học cơ sở Cổ Đông,21.0658663,105.5126849
truong_hoc,way/1183370273,,21.1331324,105.5035456
truong_hoc,way/1183409647,Trường Mầm non Quang Trung,21.1364868,105.5056412
truong_hoc,way/1184649364,,21.2221044,105.4040339
truong_hoc,way/1184835595,,21.2074828,105.3945684
truong_hoc,way/1184921786,Trường Mầm non Việt-Bun,21.0120352,105.8571945
truong_hoc,way/1185266858,Trường Trung học cơ sở Nguyễn Thị Minh Khai,21.0775075,105.7373001
truong_hoc,way/1185266863,Trường Tiểu học Nguyễn Thị Minh Khai,21.0767203,105.7383152
truong_hoc,way/1185266867,Trường Mầm non Nguyễn Thị Minh Khai,21.0785937,105.7359212
truong_hoc,way/1185266869,Trường Trung học cơ sở Bắc Từ Liêm,21.0739687,105.7319097
truong_hoc,way/1185266872,Trường Tiểu học Bắc Từ Liêm,21.073329,105.7324238
truong_hoc,way/1185266878,Trường Mầm non Bắc Từ Liêm,21.0725326,105.734693
truong_hoc,way/1185298808,Trưòng Tiểu học và Trung học cơ sở Nghĩa Đô (phân hiệu 2),21.0545824,105.7881995
truong_hoc,way/1185298821,Trường Trung học cơ sở Thượng Cát,21.0883744,105.7333264
truong_hoc,way/1185298826,Trường Mầm non Phú Minh,21.0503201,105.7450937
truong_hoc,way/1185448005,Trường Trung học phổ thông Ngô Thì Nhậm,20.9535121,105.8100842
truong_hoc,way/1185473908,Trường Tiểu học Đông Hội,21.0792494,105.8756772
truong_hoc,way/1185473912,Trường Trung học cơ sở Ngô Quyền,21.0792303,105.878926
truong_hoc,way/1185473936,Trường Trung học cơ sở Bắc Hồng,21.1787847,105.8085918
truong_hoc,way/1185473937,Trường Tiểu học Bắc Hồng,21.1781379,105.8067544
truong_hoc,way/1185473953,Trường Trung học cơ sở Thuỵ Lâm,21.1771367,105.9029621
truong_hoc,way/1185473958,Trường Tiểu học Thuỵ Lâm A,21.1748961,105.9054586
truong_hoc,way/1185473962,Trường Tiểu học Thuỵ Lâm,21.1719933,105.8918448
truong_hoc,way/1185473963,Trường Mầm non Minh Phú,21.266722,105.7749142
truong_hoc,way/1185473965,Trường Trung học cơ sở Minh Phú,21.2677288,105.7754276
truong_hoc,way/1185473968,Trường Tiểu học Minh Phú,21.2779332,105.7796254
truong_hoc,way/1185477906,Trường Trung học cơ sở Xuân Giang,21.2444544,105.8984442
truong_hoc,way/1185477909,Trường Mầm non Xuân Giang,21.2443685,105.9000468
truong_hoc,way/1185477910,Trường Tiểu học Xuân Giang,21.2399297,105.8944675
truong_hoc,way/1185477911,Trường Trung học cơ sở Văn Quán,20.9765691,105.7864297
truong_hoc,way/1185477915,Trường Tiểu học Nguyễn Du,20.9755993,105.78828
truong_hoc,way/1185477916,Trường Trung học cơ sở Văn Yên,20.9720721,105.7855716
truong_hoc,way/1185483558,Trường Trung học cơ sở Phụng Thượng,21.0929467,105.5825432
truong_hoc,way/1185483559,Trường Tiểu học Phụng Thượng,21.0928939,105.5838495
truong_hoc,way/1185483562,Trường Trung học cơ sở Hát Môn,21.1307228,105.6154401
truong_hoc,way/1185483563,Trường Tiểu học Hát Môn,21.1304564,105.6163159
truong_hoc,way/1185483567,Trường Trung học cơ sở Hạ Bằng,21.0111959,105.5571326
truong_hoc,way/1185483570,Trường Tiểu học Hạ Bằng,21.01147,105.5574089
truong_hoc,way/1185483571,Trường Trung học cơ sở Bình Yên,21.0424391,105.5500139
truong_hoc,way/1185483576,Trường Trung học cơ sở Hương Ngải,21.0525363,105.6010893
truong_hoc,way/1185483579,Trường Tiểu học Hương Ngải,21.0536202,105.5993883
truong_hoc,way/1185483580,Trường Mầm non Hương Ngải,21.0531521,105.6002073
truong_hoc,way/1185539858,Trường Trung học cơ sở Liên Hà,21.1415877,105.8987652
truong_hoc,way/1185629552,Trường Trung học cơ sở Dục Tú,21.1154248,105.895826
truong_hoc,way/1185629556,Trường Tiểu học Dục Tú,21.1144556,105.8961081
truong_hoc,way/1185629561,Trường Mầm non Hoa Sữa,21.1339644,105.91049
truong_hoc,way/1185631603,Trường Tiểu học Liên Hà A,21.139368,105.9004855
truong_hoc,way/1185631607,Trường Mầm non Hoa Mai,21.139098,105.9021114
truong_hoc,way/1185631609,Trường Mầm non Liên Hà,21.1512637,105.8986852
truong_hoc,way/1185631612,Trường Tiểu học Liên Hà,21.149779,105.89857
truong_hoc,way/1185678702,Trường Mẫu giáo Tuổi Thơ,21.0288409,105.8142665
truong_hoc,way/1185678703,Trường Mầm non Hoa Hướng Dương,21.0343903,105.8057468
truong_hoc,way/1185863352,Trường Tiểu học Kim Liên A,21.0079418,105.836559
truong_hoc,way/1185901829,Trường Trung học cơ sở Nguyễn Huy Tưởng,21.1395664,105.8477809
truong_hoc,way/1185901867,Trường Tiểu học Uy Nỗ,21.1440521,105.8549263
truong_hoc,way/1185911637,Trường Mầm non Tuổi Thơ,21.1444859,105.8558929
truong_hoc,way/1185911640,Trường Trung học cơ sở Uy Nỗ,21.1394397,105.8588146
truong_hoc,way/1186364135,Trường Trung học phổ thông Nguyễn Thượng Hiền - Ứng Hoà,20.7280222,105.769112
truong_hoc,way/1186653119,Trường Mẫu giáo Hoa Hồng,21.0424437,105.8436038
truong_hoc,way/1186653122,Trường Mẫu giáo số 5,21.0369702,105.8276009
truong_hoc,way/1186653125,Trường Mẫu giáo số 9,21.0387155,105.8137363
truong_hoc,way/1186653132,Trường Mầm non Hoa Mai,21.0430961,105.8431293
truong_hoc,way/1186653134,Trường Mẫu giáo số 2,21.0487539,105.841026
truong_hoc,way/1186851436,Trường Tiểu học Trưng Trắc,20.9600919,105.9959973
truong_hoc,way/1186851440,Trường Trung học phổ thông Trưng Vương,20.961377,105.9950674
truong_hoc,way/1186851444,Trường Trung học cơ sở Trưng Trắc,20.9605581,105.9955557
truong_hoc,way/1187066400,Trường Trung học phổ thông Minh Châu,20.8738069,106.0203643
truong_hoc,way/1187339502,Trường Mầm non Tuổi Hoa,21.0479635,105.9262853
truong_hoc,way/1187339510,Trường Mầm non Ánh Sao,21.0705175,105.8987575
truong_hoc,way/1187339544,Trường Tiểu học Phúc Lợi,21.0442485,105.9254697
truong_hoc,way/1188004479,Trường Mầm non Long Biên (Trường chính),21.0261582,105.8898091
truong_hoc,way/1188774702,Trường Trung học cơ sở Nguyễn Trãi A,20.8665155,105.8607843
truong_hoc,way/1188774712,Trường Mầm non Nguyễn Trãi,20.8436429,105.8530666
truong_hoc,way/1188774745,Trường Tiểu học Nguyễn Trãi,20.8465999,105.8503816
truong_hoc,way/1188774749,Trường Trung học cơ sở Nguyễn Trãi,20.8467532,105.8497409
truong_hoc,way/1188779481,Trường Trung học cơ sở Dũng Tiến,20.8172574,105.8555225
truong_hoc,way/1188779482,Trường Tiểu học Dũng Tiến,20.8172256,105.8550026
truong_hoc,way/1188779484,Trường Mầm non Dũng Tiến,20.8154908,105.8559962
truong_hoc,way/1188890476,AMIS (American Montessori Intl. School) Văn Khê,20.9731359,105.7643997
truong_hoc,way/1188890507,,20.9737657,105.7660818
truong_hoc,way/1188890508,,20.9738695,105.7665575
truong_hoc,way/1188890509,,20.9748252,105.7664718
truong_hoc,way/1189166192,Trường Mầm non Tân Hội B,21.0912943,105.7086828
truong_hoc,way/1189453920,Trường liên cấp Marie Curie – Long Biên,21.0574447,105.9092552
truong_hoc,way/1190841553,Trường Mầm non Đô thị Sài Đồng,21.0453921,105.9021418
truong_hoc,way/1190941790,Trường Phổ thông Năng khiếu Thể dục thể thao Hà Nội,21.0262538,105.7648092
truong_hoc,way/1192146453,,21.0773044,105.6197174
truong_hoc,way/1192146454,Trường Trung học cơ sở Tam Hiệp - Phúc Thọ,21.0767169,105.620147
truong_hoc,way/1192455701,,21.0154731,105.6194947
truong_hoc,way/1192808459,,20.8741839,105.860785
truong_hoc,way/1192808460,Trường Mầm non Văn Phú,20.868321,105.8510591
truong_hoc,way/1193283045,Trường Mầm non May - May Kindergarten,20.9872853,105.8298243
truong_hoc,way/1193595338,,21.1088685,105.4076508
truong_hoc,way/1193904954,Trường Mẫu giáo Quang Trung,21.0196276,105.8481249
truong_hoc,way/1193904955,Trường Mẫu giáo Mầm non A,21.0227775,105.8484396
truong_hoc,way/1194307923,,21.2493815,105.3910442
truong_hoc,way/1195213373,,21.2534716,105.3648369
truong_hoc,way/1195546189,Trường Mầm non Lý Thái Tổ 2,21.0112643,105.8026482
truong_hoc,way/1196072160,Trung tâm Giáo dục nghề nghiệp - Giáo dục thường xuyên huyện Bình Lục,20.4864717,106.0056881
truong_hoc,way/1196072166,Trung tâm Giáo dục nghề nghiệp - Giáo dục thường xuyên thị xã Duy Tiên,20.6463167,105.9838344
truong_hoc,way/1196077201,Trường Phổ thông Dân tộc nội trú Trung học phổ thông tỉnh Hoà Bình,20.8495929,105.3342804
truong_hoc,way/1196077203,Trường Trung học phổ thông Lạc Long Quân,20.8311523,105.338925
truong_hoc,way/1196077204,Trường Trung học phổ thông Ngô Quyền,20.7886806,105.3501052
truong_hoc,way/1196682595,Trường Mầm non Hoa Thủy Tiên,21.051584,105.9005438
truong_hoc,way/1197077271,Trường Trung học phổ thông Hiệp Hoà số 2,21.2990837,105.9606443
truong_hoc,way/1197139587,Trường Trung học cơ sở Đông Dư,20.9971906,105.9164703
truong_hoc,way/1197139588,Trường Tiểu học Đông Dư,20.9967144,105.9166936
truong_hoc,way/1197716009,Trung tâm Giáo dục nghề nghiệp - Giáo dục thường xuyên quận Cầu Giấy,21.0364114,105.7690056
truong_hoc,way/1198271564,Trường Tiểu học Vinschool The Harmony,21.0433728,105.9039386
truong_hoc,way/1198548273,Trường Trung học BVIS Secondary,21.0015438,105.8150083
truong_hoc,way/1198548274,Trường Mầm non BVIS Early Years Centre,21.0011866,105.8156919
truong_hoc,way/1198574574,Trường Trung học phổ thông Đà Bắc,20.8777804,105.2607737
truong_hoc,way/1198574575,Trường Phổ thông Dân tộc nội trú Trung học cơ sở&Trung học phổ thông huyện Đà Bắc,20.8785109,105.2606771
truong_hoc,way/1198857565,Trường Mầm non Phú Diễn,21.0483326,105.7697891
truong_hoc,way/1198857568,Trưòng Mầm non Nghĩa Đô (phân hiệu 2),21.0546444,105.7872571
truong_hoc,way/1198857571,Trường Mầm non Đông Ngạc A,21.0860113,105.7799493
truong_hoc,way/1198857576,Trường Mầm non Nhật Tảo,21.0890974,105.78953
truong_hoc,way/1198857580,Trường Mầm non Liên Mạc,21.085077,105.7562425
truong_hoc,way/1198857581,,21.0692781,105.7270424
truong_hoc,way/1198857586,Trường Mầm non Phúc Lý,21.0664357,105.7444668
truong_hoc,way/1198857587,Trường Mầm non Thượng Cát,21.0944917,105.7343074
truong_hoc,way/1199331277,Trường Mầm non IQ Hoàng Mai,20.971865,105.8478541
truong_hoc,way/1199701867,Trường Trung học cơ sở Tân Hội,21.0924041,105.6989667
truong_hoc,way/1199896442,Trường Mầm non xã Phú Cường,21.2873263,105.4034702
truong_hoc,way/1201121662,Mầm non Minh Phú,21.0110891,105.9050697
truong_hoc,way/1202271587,Trường Tiểu học Nghiêm Xuyên,20.8038213,105.8589004
truong_hoc,way/1202447563,Trường Mầm non Kiều Mai,21.0422893,105.7499391
truong_hoc,way/1202447565,Trưòng Mầm non Xuân Đỉnh,21.0715415,105.79929
truong_hoc,way/1202447569,Trưòng Mầm non Xuân Đỉnh,21.0685556,105.7886645
truong_hoc,way/1202447570,Trưòng Mầm non Xuân Đỉnh,21.0744422,105.7890738
truong_hoc,way/1202447572,Trường Tiểu học Đông Ngạc,21.0859722,105.7838758
truong_hoc,way/1202447573,Trường Trung học cơ sở Phú Diễn,21.046149,105.7684038
truong_hoc,way/1202493029,Trường Mầm non Hoa Mai,21.0339497,105.8008272
truong_hoc,way/1202493036,Trường Tiểu học Cầu Giấy B (phân hiệu 1),21.0296354,105.7998386
truong_hoc,way/1203384879,,21.2884999,105.3957952
truong_hoc,way/1203397053,Trường Mầm non Cầu Giấy (phân hiệu 1),21.0371228,105.7930704
truong_hoc,way/1203397056,Trường Mầm non Trung Hoà,21.011632,105.8051177
truong_hoc,way/1203397057,Trường Mầm non Yên Hòa - Phân hiệu 2,21.0099358,105.7916709
truong_hoc,way/1203397068,Trường Mầm non Cầu Giấy,21.0264305,105.7860061
truong_hoc,way/1203397070,Trường Mầm non Bình Minh - Phân hiệu,21.012529,105.7896272
truong_hoc,way/1203863635,Trường Mầm non Cự Khối (Trường chính),21.012731,105.9076255
truong_hoc,way/1203863636,Trường Mầm non Cự Khối (Phân hiệu 1),21.0157497,105.9054948
truong_hoc,way/1203930407,Trường Mầm non Hoa Linh - Baby Home,21.0404912,105.7916404
truong_hoc,way/1203930410,Trường Mầm non Trăng Đỏ,21.0150263,105.7982166
truong_hoc,way/1203930414,Trường Archimedes Academy,21.0170557,105.8006069
truong_hoc,way/1205258223,Trường Mầm non Cự Khối (Phân hiệu 2),21.0125381,105.8986852
truong_hoc,way/1205265961,Trường Trung học Vinschool Times City,20.9910393,105.8667766
truong_hoc,way/1205426180,Trường Mầm non Bình Minh,21.0526513,105.8095774
truong_hoc,way/1206569671,Trường Mầm non GP Academy,21.044902,105.8036084
truong_hoc,way/1206778599,Trường Mầm non 59 - Cầu Giấy,21.045892,105.8010623
truong_hoc,way/1208800256,Trường Mầm non Phương Mai (phân hiệu 1),21.0098684,105.8375186
truong_hoc,way/1209987266,Trường Quốc tế ParkCity Hanoi,20.9628253,105.7610568
truong_hoc,way/1210280546,Trường mầm non Hasuko Hoa Sen,21.0476214,105.7837129
truong_hoc,way/1211601198,Trường Tiểu học Giấy Bãi Bằng,21.4020786,105.317438
truong_hoc,way/1211601211,Trường Mầm non Giấy Bãi Bằng,21.3998659,105.3141071
truong_hoc,way/1212175615,Trường Mầm non Trần Phú,20.9676271,105.8789551
truong_hoc,way/1212175616,Trường Tiểu học Lĩnh Nam (cơ sở 1),20.9681683,105.8794428
truong_hoc,way/1212235271,,21.0395113,105.8538406
truong_hoc,way/1212915406,Trường Mầm Non 1-6,21.0318474,105.8460141
truong_hoc,way/1212917309,Trường Tiểu học Nguyễn Bá Ngọc,21.0324142,105.8496262
truong_hoc,way/1212993415,Trưòng Tiểu học và Trung học cơ sở Nghĩa Đô (phân hiệu 1),21.0488495,105.7934998
truong_hoc,way/1213750876,Trường Tiểu học Đồng Tâm,21.3115389,105.5718614
truong_hoc,way/1213750888,Trường Mầm non Đồng Tâm,21.3094574,105.5725206
truong_hoc,way/1213750889,Trường Trung học cơ sở Đồng Tâm,21.3030501,105.5664279
truong_hoc,way/1213750899,Trường Tiểu học Đồng Tâm (khu Lạc Ý),21.28272,105.5909478
truong_hoc,way/1213750900,Trường Mầm non Đồng Tâm B,21.2811544,105.5963371
truong_hoc,way/1213750903,Trường Trung học cơ sở Hội Hợp,21.3008448,105.5659145
truong_hoc,way/1213750904,Trường Tiểu học Hội Hợp B,21.3001838,105.5653623
truong_hoc,way/1213752893,Trường Mầm non Hội Hợp B,21.2992883,105.56378
truong_hoc,way/1213752900,Trường Mầm non Hội Hợp A,21.2947437,105.558212
truong_hoc,way/1213752905,Trường Tiểu học Hội Hợp A,21.2932398,105.5578294
truong_hoc,way/1213752916,Trường Tiểu học Kim Ngọc,21.3033999,105.599097
truong_hoc,way/1213752922,Trường Mầm non Đống Đa,21.3018051,105.5968994
truong_hoc,way/1213752933,Trường Mầm non Ngô Quyền,21.3052636,105.5956688
truong_hoc,way/1213872793,Trưòng Mầm non Nghĩa Đô (phân hiệu 1),21.049001,105.8023652
truong_hoc,way/1217754337,Trường Mầm non Tuổi Hoa,21.0163202,105.8131169
truong_hoc,way/1217807981,Trường Mầm non Họa Mi (phân hiệu 2),20.9952753,105.885854
truong_hoc,way/1217825598,Trường Mầm non Quang Trung,21.0082835,105.9402546
truong_hoc,way/1218067461,Trường Quốc tế Ecopark Daesung,20.9558514,105.9273556
truong_hoc,way/1218184036,Trường Phổ thông Liên cấp Genesis Hà Nội,20.9961673,105.7829301
truong_hoc,way/1218514404,Trường Mầm non Ánh Dương,21.1405131,105.8289111
truong_hoc,way/1218514407,Trường Trung học cơ sở Tiên Dương,21.1413725,105.8290394
truong_hoc,way/1218514423,Trường Tiểu học Đào Duy Tùng,21.1291342,105.8563502
truong_hoc,way/1218514430,Trường Tiểu học Tiên Dương A,21.1420787,105.8289698
truong_hoc,way/1218545780,Trường Mầm non Hoa Sữa,20.9748336,105.8214445
truong_hoc,way/1221908296,Trường Tiểu học An Dương Vương,21.1294836,105.8807858
truong_hoc,way/1221908304,Trường Mầm non Bắc Hồng,21.178393,105.8054935
truong_hoc,way/1221908310,Trường Mầm non Thành Loa,21.1157476,105.8684561
truong_hoc,way/1221908318,Trường Mầm non Đại Mạch,21.1265368,105.7582058
truong_hoc,way/1221908325,Trường Tiểu học Võng La,21.1082763,105.7650716
truong_hoc,way/1221908328,Trường Mầm non Võng La,21.1081411,105.7727944
truong_hoc,way/1222284720,Trường Mầm non Đặng Xá,21.0283873,105.959542
truong_hoc,way/1222284723,Trường Trung học cơ sở Đặng Xá,21.0298799,105.9603251
truong_hoc,way/1222380560,Trường Mầm non Kim Chung A,21.1275711,105.7748817
truong_hoc,way/1222380572,Trường Mầm non Kim Chung,21.1313221,105.7832336
truong_hoc,way/1222380574,Trường Tiểu học Thăng Long,21.1318031,105.7852654
truong_hoc,way/1222380576,Trường Trung học cơ sở Hải Bối,21.1121043,105.79197
truong_hoc,way/1222380577,Trường Mầm non Hải Bối,21.1115865,105.7930495
truong_hoc,way/1222403197,Trường Mầm non Tiên Dương,21.1535055,105.8290841
truong_hoc,way/1222467992,Trường Trung học cơ sở Vinschool,20.9939672,105.937715
truong_hoc,way/1222468004,Trường Tiểu học Vinschool,20.9953097,105.9425079
truong_hoc,way/1222468015,Trường Mầm non Vinschool,20.9961182,105.9431833
truong_hoc,way/1222497617,Trường Mầm non Kim Nỗ,21.1318754,105.7939029
truong_hoc,way/1222497618,Trường Mầm non Ban Mai,21.1426967,105.7987269
truong_hoc,way/1222497622,Trường Trung học cơ sở Kim Nỗ,21.1304776,105.7954279
truong_hoc,way/1222497629,Trường Tiểu học Kim Nỗ,21.1311568,105.7952032
truong_hoc,way/1222497646,Trường Mầm non Đông Hội (điểm Hội Phụ),21.0854808,105.8724705
truong_hoc,way/1222497647,Trường Mầm non Đông Hội (điểm Đông Trù),21.0759998,105.8765769
truong_hoc,way/1222497651,Trường Trung học cơ sở Đông Hội,21.0836906,105.8713118
truong_hoc,way/1222497655,Trường Tiểu học Ngô Tất Tố,21.0895669,105.8925354
truong_hoc,way/1222497656,Trường Trung học cơ sở Mai Lâm,21.0903588,105.8926778
truong_hoc,way/1222497657,Trường Mầm non Mai Lâm,21.0900687,105.8912438
truong_hoc,way/1222497670,Trường Trung học cơ sở Việt Hùng,21.1388433,105.8775788
truong_hoc,way/1222497671,Trường Tiểu học Việt Hùng,21.1372069,105.8767581
truong_hoc,way/1222497672,Trường Mầm non Hoa Sen,21.1361361,105.8720646
truong_hoc,way/1222497678,Trường Mầm non Việt Hùng (khu Đông),21.1353464,105.8783907
truong_hoc,way/1222516184,Trường Mầm non Mai Lâm (khu Lê Xá),21.0851364,105.8797987
truong_hoc,way/1222516188,Trường Mầm non Mai Lâm (khu Du Ngoại),21.0895364,105.9027445
truong_hoc,way/1222516189,Trường Mầm non Vĩnh Ngọc (khu Phương Trạch),21.1163467,105.8146806
truong_hoc,way/1222516193,Trường Tiểu học Vĩnh Ngọc,21.1146879,105.8261
truong_hoc,way/1223996606,Trường Mầm non Hoạ My,21.117208,105.8303834
truong_hoc,way/1223996607,Trường Mầm non Vĩnh Ngọc (khu Vĩnh Thanh),21.1129272,105.8330392
truong_hoc,way/1223996615,Trường Mầm non Nắng Hồng (khu Tằng My),21.1668316,105.7942053
truong_hoc,way/1223996619,Trường Mầm non Nắng Hồng (khu Vệ),21.1706035,105.7847787
truong_hoc,way/1223996622,Trường Mầm non Nam Hồng,21.1648069,105.7831407
truong_hoc,way/1223996627,Trường Trung học cơ sở Nam Hồng,21.1652093,105.784005
truong_hoc,way/1223996628,Trường Tiểu học Nam Hồng,21.1645456,105.7840882
truong_hoc,way/1223996636,Trường Trung học cơ sở Pascal,21.1678965,105.7844264
truong_hoc,way/1223996640,Trường Mầm non Nguyên Khê (khu Khê Nữ),21.178055,105.8372681
truong_hoc,way/1223996643,Trường Mầm non Nguyên Khê (khu Sơn Du),21.1749527,105.823084
truong_hoc,way/1223996646,Trường Mầm non Nguyên Khê,21.175679,105.8474211
truong_hoc,way/1224476691,Trường Trung học cơ sở Tàm Xá,21.105468,105.8462874
truong_hoc,way/1224476695,Trường Tiểu học Tàm Xá,21.1089198,105.8466337
truong_hoc,way/1224476698,Trường Mầm non Tàm Xá,21.1091824,105.8452766
truong_hoc,way/1224476702,Trường Mầm non Thư Lâm,21.1703689,105.8795176
truong_hoc,way/1224476706,Trường Mầm non Thuỵ Lâm,21.1733275,105.9026234
truong_hoc,way/1224476709,Trường Mầm non Uy Nỗ,21.1359474,105.8566336
truong_hoc,way/1224675753,Trường Mầm non Sao Mai,21.138788,105.8474078
truong_hoc,way/1224675757,Trường Tiểu học Thư Lâm A,21.1780496,105.8665851
truong_hoc,way/1224675761,Trường Mầm non Vân Hà,21.1480133,105.9148641
truong_hoc,way/1224785749,Trường Trung học cơ sở Vân Hà,21.1496941,105.9147754
truong_hoc,way/1224785750,Trường Tiểu học Vân Hà,21.1493139,105.9157393
truong_hoc,way/1224785754,Trường Mầm non Vân Nội,21.1457493,105.8138106
truong_hoc,way/1224785757,Trường Tiểu học Vân Nội,21.1447613,105.8139455
truong_hoc,way/1224785761,Trường Trung học cơ sở Xuân Canh,21.0918931,105.8517278
truong_hoc,way/1224785762,Trường Tiểu học Xuân Canh,21.0913238,105.8510767
truong_hoc,way/1224785775,Trường Mầm non Xuân Canh (khu Vạn Lộc),21.1106519,105.8501316
truong_hoc,way/1224785776,Trường Mầm non Xuân Nộn,21.1848934,105.8680965
truong_hoc,way/1224785777,Trường Tiểu học Xuân Nộn,21.1836255,105.8677479
truong_hoc,way/1224785778,Trường Trung học cơ sở Xuân Nộn,21.183634,105.8657312
truong_hoc,way/1224927884,Trường Tiểu học và Trung học cơ sở Kinh Đô,21.1399991,105.8569796
truong_hoc,way/1224927891,Trường Mầm non Phù Đổng,21.0603769,105.9648197
truong_hoc,way/1224927893,Trường TIểu học Phù Đổng,21.0599476,105.9662453
truong_hoc,way/1224927895,Trường Mầm non Trung Mầu,21.0608287,105.9897382
truong_hoc,way/1224927897,Trường Mầm non Ánh Dương,21.0801844,105.9160868
truong_hoc,way/1224927899,Trường Mầm non Hoa Sữa,21.0909783,105.9119185
truong_hoc,way/1224927902,Trường Mầm non Ninh Hiệp,21.0838574,105.9427615
truong_hoc,way/1224927915,Trường Mầm non Dương Xá,21.0016217,105.9692169
truong_hoc,way/1224934225,Trường Mầm non Kim Sơn,21.024554,105.9885096
truong_hoc,way/1224934228,Trường Tiểu học Kim Sơn,21.0252663,105.9865013
truong_hoc,way/1224934229,Trường Trung học cơ sở Kim Sơn,21.0252813,105.9872094
truong_hoc,way/1224934245,Trường Tiểu học Dương Quang,21.0071114,105.985725
truong_hoc,way/1224934250,Trường Mầm non Dương Quang,21.0068287,105.985143
truong_hoc,way/1224934252,Trường Mầm non Phú Thị,21.0230887,105.970375
truong_hoc,way/1224936745,Trường Mầm non Lệ Chi,21.0469942,106.0086157
truong_hoc,way/1224936746,Trường Trung học cơ sở Lệ Chi,21.048162,106.0082362
truong_hoc,way/1224936750,Trường Tiểu học Lệ Chi,21.0489673,106.0072257
truong_hoc,way/1224936755,Trường Mầm non Kim Lan,20.9620572,105.902957
truong_hoc,way/1224936756,Trường Tiểu học Kim Lan,20.9617385,105.906581
truong_hoc,way/1224936757,Trường Trung học cơ sở Kim Lan,20.9589966,105.9039557
truong_hoc,way/1224936767,Trường Tiểu học Bát Tràng,20.978789,105.9169443
truong_hoc,way/1224936768,Trường Trung học cơ sở Bát Tràng,20.9801896,105.9172511
truong_hoc,way/1224936769,Trường Mầm non Bát Tràng,20.9779364,105.9165574
truong_hoc,way/1225109176,Trường Mầm non Đông Dư,20.9969287,105.9152241
truong_hoc,way/1225109185,Trường Mầm non Đa Tốn,20.9871519,105.9275879
truong_hoc,way/1225109190,,20.9795283,105.9582689
truong_hoc,way/1225109193,Trường Tiểu học Kiêu Kỵ,20.98061,105.9583487
truong_hoc,way/1225109199,Trường Trung học cơ sở Kiêu Kỵ,20.9807518,105.9570517
truong_hoc,way/1225393114,Trường Trung học cơ sở Phù Đổng,21.0607379,105.9664522
truong_hoc,way/1225393119,Trường Trung học cơ sở Trung Mầu,21.056149,105.986284
truong_hoc,way/1225393124,Trường Tiểu học Trung Mầu,21.0562828,105.9866495
truong_hoc,way/1225398933,,21.0036033,105.937105
truong_hoc,way/1225427322,Trường Trung học cơ sở Thị trấn Chúc Sơn,20.9201885,105.7114567
truong_hoc,way/1225443651,Trường Trung học cơ sở Xuân Mai B,20.9048491,105.5961901
truong_hoc,way/1225570526,Trường Mầm non Khu công nghiệp Phú Nghĩa,20.9347894,105.6728428
truong_hoc,way/1225570528,Trường Mầm non Tiên Phương,20.9425374,105.6860005
truong_hoc,way/1225570530,Trường Mầm non Thị trấn Chúc Sơn A,20.9214574,105.7048176
truong_hoc,way/1225570533,,20.9204954,105.621949
truong_hoc,way/1225893046,Trường Mầm non Hồng Phong,20.8437758,105.693929
truong_hoc,way/1225893054,Trường Mầm non Hợp Đồng,20.8790331,105.7002567
truong_hoc,way/1225893061,Trường Mầm non Nam Phương Tiến,20.846037,105.597204
truong_hoc,way/1225893062,Trường Mầm non Hoàng Diệu,20.8634487,105.7317585
truong_hoc,way/1226236362,Trường Trung học cơ sở Tây Mỗ 3,20.9970237,105.7368627
truong_hoc,way/1227564851,Trường Mần non Công ty Cổ phần 22,21.0318666,105.9141844
truong_hoc,way/1228784692,Trường Mầm non Lômônôxốp An Khánh,21.0068026,105.7333117
truong_hoc,way/1228784703,Mầm non RECO Kids,21.007313,105.7333579
truong_hoc,way/1228784706,CapoKids,21.0073576,105.7340474
truong_hoc,way/1228784711,Nhóm trẻ mẫu giáo độc lập Nhật An,21.0068549,105.7339136
truong_hoc,way/1228784713,Lớp mầm non độc lập Tomoe,21.0068487,105.7340857
truong_hoc,way/1228784714,Trường Mầm non Những Cánh Diều Bay,21.0066353,105.7340789
truong_hoc,way/1228784720,Lớp mẫu giáo độc lập Thế Giới Tuổi Thơ,21.0062115,105.7335337
truong_hoc,way/1228803800,Trường Mầm non Nhật Bản Haruki,21.0053518,105.7337511
truong_hoc,way/1228994333,Trung tâm Sao Mai,21.0038447,105.8052678
truong_hoc,way/1229058076,Trường Trung học cơ sở Cầu Giấy B (phân hiệu),21.0311578,105.7893696
truong_hoc,way/1229058090,,21.0314686,105.792084
truong_hoc,way/1229267984,Trường Trung học phổ thông Lê Văn Thiêm,21.0601627,105.8953185
truong_hoc,way/1230069759,Trường Mầm non B,21.0226395,105.8567695
truong_hoc,way/1230260366,Edison Schools An Khánh,21.0190496,105.7114489
truong_hoc,way/1230331661,Trường Trung học phổ thông chuyên Hùng Vương,21.3131668,105.4178111
truong_hoc,way/1230331668,Trường Trung học phổ thông Kỹ thuật Việt Trì,21.3603596,105.3520066
truong_hoc,way/1230331669,Trường Trung học phổ thông Việt Trì,21.3243514,105.3908933
truong_hoc,way/1230360601,Trường Tiểu học và Trung học cơ sở Sunshine Maple Bear,21.083916,105.8110118
truong_hoc,way/1231794778,Trung tâm Giáo dục nghề nghiệp - Giáo dục thường xuyên Nam Từ Liêm,21.037022,105.7663332
truong_hoc,way/1234955630,Trường Mầm non Lê Đại Hành,21.0132916,105.8499988
truong_hoc,way/1242741034,Mầm non Đặng Thuỳ Trâm,21.0443029,105.7844979
truong_hoc,way/1243425874,Trường Tiểu học Lê Quý Đôn,21.0555571,105.9189707
truong_hoc,way/1247054166,Trường Tiểu học Thực hành Nguyễn Tất Thành,21.0387788,105.7850406
truong_hoc,way/1247966962,Trường Mầm non Búp sen Xanh,21.0391172,105.7831279
truong_hoc,way/1247966963,Trung tâm Giáo dục Đặc biệt,21.0391227,105.7829168
truong_hoc,way/1251537940,Trường Mầm non Giang Biên,21.0620748,105.9173963
truong_hoc,way/1255682983,Trường Mầm non Tây Mỗ 3,21.0063022,105.7402808
truong_hoc,way/1259622905,Trường Mầm non Hoa Sen,20.9740448,105.7869685
truong_hoc,way/1263962726,Trường Tiểu học Đức Giang,21.0598679,105.6970237
truong_hoc,way/1263969678,Trường Trung học cơ sở Hồng Kỳ,21.3172719,105.8542688
truong_hoc,way/1265520733,Trường Trung học cơ sở Hà Đông,20.9620586,105.7725988
truong_hoc,way/1268930201,Trường Mầm non Hoa Hướng Dương,21.0611391,105.9009639
truong_hoc,way/1268930203,Trường Trung học cơ sở Việt Hưng,21.0604755,105.9012939
truong_hoc,way/1268930204,Trường Tiểu học Đoàn Khuê,21.0596032,105.9017587
truong_hoc,way/1271439027,Trường Trung học cơ sở Thạch Thán,20.9861904,105.6309618
truong_hoc,way/1272141989,Trường Tiểu học Sen Phương (khu A),21.1414611,105.52424
truong_hoc,way/1272141998,Trường Tiểu học Sen Phương (khu B),21.1428417,105.5436746
truong_hoc,way/1272142001,Trường Mầm non Phương Độ,21.1434367,105.5433972
truong_hoc,way/1272142005,Trường Mầm non Sen Chiểu,21.1410537,105.5252933
truong_hoc,way/1272942341,Trường Mẫu giáo Bạch Mai,21.0078001,105.8517927
truong_hoc,way/1273246703,Trường Tiểu học Tân Hội A,21.0932069,105.7013314
truong_hoc,way/1273246709,Trường Mầm non Tân Hội A,21.0939326,105.6995709
truong_hoc,way/1274545665,Trường Trung học cơ sở Vĩnh Tường,21.2242663,105.5089583
truong_hoc,way/1274565995,Trường Tiểu học Tân Hội B,21.0938674,105.7064642
truong_hoc,way/1274566002,Trường Tiểu học Phương Đình B,21.1136381,105.6632926
truong_hoc,way/1274566006,Trường Tiểu học Thọ Xuân,21.1220263,105.6469295
truong_hoc,way/1274566012,Trường Trung học cơ sở Thọ Xuân,21.1200198,105.6472624
truong_hoc,way/1274566014,Trường Mầm non Thọ Xuân,21.123276,105.6475521
truong_hoc,way/1274566018,Trường Trung học cơ sở Thọ An,21.1295196,105.6381157
truong_hoc,way/1274566027,Trường Tiểu học Thọ An,21.126738,105.6396489
truong_hoc,way/1274566031,Trường Mầm non Thọ An,21.1267412,105.6405058
truong_hoc,way/1274568468,Trường Trung học cơ sở Trung Châu,21.1363691,105.6303386
truong_hoc,way/1274568469,Trường Tiểu học Trung Châu A,21.136807,105.6300851
truong_hoc,way/1274582331,Trường Mầm non Trung Châu,21.1356598,105.6307023
truong_hoc,way/1274582333,Trường Tiểu học Trung Châu B,21.1275492,105.6580955
truong_hoc,way/1274582338,,21.1277535,105.6875991
truong_hoc,way/1274582347,Trường Tiểu học Hồng Hà,21.1320296,105.6890139
truong_hoc,way/1274582353,Trường Mầm non Hồng Hà,21.1327224,105.6837954
truong_hoc,way/1274582358,Trường Trung học cơ sở Liên Hồng,21.124183,105.7014999
truong_hoc,way/1274582360,Trường Tiểu học Liên Hồng,21.1237391,105.701793
truong_hoc,way/1274582361,Trường Tiểu học Liên Hà,21.1097241,105.7199974
truong_hoc,way/1274582364,Trường Mầm non Liên Hà,21.1092771,105.719518
truong_hoc,way/1274582367,Trường Trung học cơ sở Liên Hà,21.1129302,105.7136823
truong_hoc,way/1274582375,Trường Mầm non Liên Hà,21.1140201,105.7153599
truong_hoc,way/1274587504,Trường Trung học cơ sở Liên Trung,21.1060789,105.7221195
truong_hoc,way/1274587508,Trường Mầm non Liên Trung,21.1055331,105.7228234
truong_hoc,way/1274587512,Trường Tiểu học Liên Trung,21.1044498,105.7246779
truong_hoc,way/1274587513,Trường Tiểu học Thượng Mỗ,21.1107041,105.679108
truong_hoc,way/1274587518,Trường Trung học cơ sở Thượng Mỗ,21.1051676,105.6808927
truong_hoc,way/1274587524,Trường Tiểu học Tô Hiến Thành,21.1091575,105.6868894
truong_hoc,way/1274587525,Trường Trung học cơ sở Tô Hiến Thành,21.1086674,105.6870897
truong_hoc,way/1274587526,Trường Mầm non Hạ Mỗ,21.1086984,105.6861799
truong_hoc,way/1274770154,Trường Mầm Non Hoa Thuỷ Tiên,21.0125957,105.8643412
truong_hoc,way/1276450039,Trường Mầm non Tương Mai (phân hiệu 1),20.9924531,105.8443436
truong_hoc,way/1276450040,Trường Mầm non Giáp Bát (phân hiệu 1),20.9896499,105.8450529
truong_hoc,way/1276450046,Trường Mầm non Hoàng Văn Thụ (phân hiệu 3),20.9921579,105.8528012
truong_hoc,way/1276450048,Trường Mầm non Hoàng Mai (điểm 2),20.9830601,105.848934
truong_hoc,way/1276450050,Trường Mầm non Giáp Bát (phân hiệu 3),20.9855053,105.8472377
truong_hoc,way/1276450052,Trường Mầm non Hoàng Văn Thụ (phân hiệu 1),20.989106,105.8608948
truong_hoc,way/1276450054,Trường Mầm non Giáp Bát (phân hiệu 2),20.985511,105.8426848
truong_hoc,way/1276450056,,20.9871576,105.8437618
truong_hoc,way/1276450057,Trường Mầm non Định Công,20.9813858,105.8334381
truong_hoc,way/1276450059,Trường Mầm non Hoàng Mai (thuộc trụ sở chính),20.9715311,105.8692821
truong_hoc,way/1276450061,Trường Mầm non Hoàng Mai (trụ sở chính),20.9663825,105.8728086
truong_hoc,way/1276450063,Trường Tiểu học Yên Sở (cơ sở 2),20.9604553,105.8640758
truong_hoc,way/1276457541,Trường Mầm non Yên Sở (cơ sở 3),20.9612599,105.8640444
truong_hoc,way/1276457545,Trường Mầm non Đại Kim (cơ sở Kim Giang),20.9789381,105.8155596
truong_hoc,way/1276457548,Trường Tiểu học Thịnh Liệt,20.9744944,105.8460919
truong_hoc,way/1276457552,Trường Mầm non Trần Phú,20.974153,105.8844754
truong_hoc,way/1276457555,Trưòng Mầm non Vĩnh Hưng (phân hiệu 3),20.9957562,105.8883599
truong_hoc,way/1276674287,Trường Mầm non Hoàng Liệt (cơ sở Linh Đàm),20.9669878,105.8356398
truong_hoc,way/1276674290,Trường Mầm non Vĩnh Hưng (phân hiệu 2),20.9877356,105.8776332
truong_hoc,way/1276674292,Trường Mầm non Vĩnh Hưng,20.9864265,105.8861812
truong_hoc,way/1276674294,Trường Mầm non Lĩnh Nam (cơ sở 3),20.9757524,105.8935539
truong_hoc,way/1277977415,Trường Phổ thông liên cấp H.A.S,20.9851707,105.7444179
truong_hoc,way/1278002255,Trường Mầm non Lômônôxốp Dương Nội,20.9839785,105.7429577
truong_hoc,way/1278002257,Trường Liên cấp Lômônôxốp Tây Hà Nội,20.9787667,105.7412466
truong_hoc,way/1278002260,Trường Tiểu học Nguyễn Khuyến,20.9822723,105.7390497
truong_hoc,way/1278002262,Trường Mầm non Froebel,20.9866802,105.7430548
truong_hoc,way/1278002274,Trường Mầm non Tân Thời Đại - Fun Academy,20.9942358,105.7327906
truong_hoc,way/1278002276,Trường Tiểu học & Trung học cơ sở Vinschool Thăng Long,21.0024669,105.7170488
truong_hoc,way/1278002284,Trường Trung học cơ sở An Khánh,21.0024936,105.7198479
truong_hoc,way/1278051289,Trường Mầm non Bách Khoa,21.0012921,105.8486525
truong_hoc,way/1278051292,Trường Mầm non Lê Đại Hành,21.0117186,105.847497
truong_hoc,way/1278051294,Trường Mầm non Hoa Hồng,21.0047884,105.8526836
truong_hoc,way/1278051296,Trường Mầm non Ánh Sao,21.0035047,105.8700292
truong_hoc,way/1278051298,Trường Mầm non Thanh Lương,21.0050726,105.8674838
truong_hoc,way/1278051299,Trường Mầm non Lạc Trung,21.0019145,105.8623827
truong_hoc,way/1278051302,Trường Mầm non Hoa Phượng,20.9986879,105.8706741
truong_hoc,way/1278051305,Trường Mầm non Quỳnh Lôi,20.9992975,105.8547084
truong_hoc,way/1278051310,Trường Mầm non Tương Mai (thuộc phân hiệu 2),20.995863,105.8461928
truong_hoc,way/1278051312,Trường Mầm non Minh Khai,20.9961185,105.8558393
truong_hoc,way/1278051314,Trường Mầm non Đồng Tâm,20.9983213,105.849131
truong_hoc,way/1278051315,Trường Mầm non Bạch Đằng,21.0112338,105.8651017
truong_hoc,way/1278051316,Trường Mẫu giáo Đống Mác,21.0126858,105.8580644
truong_hoc,way/1278051319,Trường Mầm non Ngô Thì Nhậm,21.0162659,105.8543341
truong_hoc,way/1278637133,Trường Trung học cơ sở Nguyễn Văn Huyên,21.0369436,105.7008587
truong_hoc,way/1280512697,"Trường Tiểu học, Trung học cơ sở Vinschool Metropolis",21.0321533,105.815026
truong_hoc,way/1284548226,Trường Mầm non Ba Trại A,21.1260953,105.3481223
truong_hoc,way/1284548231,Trường Mầm non Ba Trại B,21.1130892,105.3515467
truong_hoc,way/1284548233,Trường Mầm non Ba Vì (khu Trung Tâm),21.1076444,105.3670282
truong_hoc,way/1284548234,Trường Mầm non Ba Vì (khu Hợp Sơn),21.082478,105.3341798
truong_hoc,way/1284548238,Trường Tiểu học và Trung học cơ sở Hợp Nhất (khu Tiểu học),21.077158,105.3302002
truong_hoc,way/1284548239,Trường Mầm non Ba Vì (khu Hợp Nhất),21.0693791,105.331873
truong_hoc,way/1284548243,,21.1104171,105.3718948
truong_hoc,way/1284548248,,21.1107184,105.3728388
truong_hoc,way/1285603993,Trường Trung học cơ sở Văn Khê,20.9654192,105.7658581
truong_hoc,way/1285622209,Trường Trung học cơ sở Yên Sở,21.0446739,105.6793222
truong_hoc,way/1285622213,Trường Tiểu học Yên Sở,21.0433042,105.6783163
truong_hoc,way/1285629872,Trường Tiểu học Tiền Phong A,21.1530392,105.7562823
truong_hoc,way/1285823796,Trường Trung học cơ sở Vân Phúc,21.1480497,105.5930978
truong_hoc,way/1285823797,Trường Tiểu học Vân Phúc,21.14779,105.5935145
truong_hoc,way/1285823800,Trường Trung học cơ sở Cộng Hoà,20.9771446,105.6739917
truong_hoc,way/1285823801,Trường Tiểu học Cộng Hoà,20.976756,105.6735081
truong_hoc,way/1285823815,Trường Trung học cơ sở Cấn Hữu,20.9547429,105.6187295
truong_hoc,way/1285823816,Trường Tiểu học Cấn Hữu,20.9541938,105.6191418
truong_hoc,way/1285823817,Trường Tiểu học Tiên Dược,21.2494015,105.8505428
truong_hoc,way/1285823822,Trường Tiểu học Phù Linh,21.2757932,105.852912
truong_hoc,way/1285823827,Trường Trung học cơ sở Phù Linh,21.269928,105.8528309
truong_hoc,way/1285823832,Trường Tiểu học Thanh Xuân,21.2254007,105.758853
truong_hoc,way/1285823833,Trường Trung học cơ sở Thanh Xuân,21.2246781,105.7596866
truong_hoc,way/1285823851,Trường Trung học cơ sở Nguyễn Du,21.198959,105.8397084
truong_hoc,way/1285823856,Trường Tiểu học Phù Lỗ A,21.198929,105.8387834
truong_hoc,way/1285830586,Trường Tiểu học Đông Xuân,21.2133125,105.8683203
truong_hoc,way/1285830592,Trường Trung học cơ sở Đông Xuân,21.21822,105.8622369
truong_hoc,way/1285830605,Trường Trung học cơ sở Nguyễn Trực,20.8558489,105.7635638
truong_hoc,way/1285830613,Trường Trung học cơ sở Cao Viên,20.9042218,105.7511454
truong_hoc,way/1285831441,Trường Tiểu học Tô Hiệu,20.8055934,105.8870248
truong_hoc,way/1285831442,Trường Trung học cơ sở Tô Hiệu,20.8048738,105.8869146
truong_hoc,way/1285836784,Trường Trung học cơ sở Vân Tảo,20.8709135,105.8956052
truong_hoc,way/1285836787,Trường Trung học cơ sở Liên Bạt,20.7461774,105.7702049
truong_hoc,way/1285836795,Trường Trung học cơ sở Phương Tú,20.7275576,105.796328
truong_hoc,way/1285853091,Trường Trung học cơ sở Chu Vân An,20.9380252,105.8554628
truong_hoc,way/1285853093,Trường Tiểu học Ngô Sĩ Kiện,20.9390707,105.8533979
truong_hoc,way/1285874284,Trường Mầm non xã Vĩnh Quỳnh,20.9329464,105.8303022
truong_hoc,way/1285874287,Trường Mầm non Quỳnh Đô,20.9358038,105.8352031
truong_hoc,way/1285874288,Trường Tiểu học Vạn Phúc,20.919055,105.8962034
truong_hoc,way/1285874289,Trường Mầm non A xã Vạn Phúc (cơ sở 2),20.9234514,105.8957363
truong_hoc,way/1285874290,Trường Mầm non A xã Vạn Phúc,20.9199346,105.9015916
truong_hoc,way/1285874293,Trường Mầm non B xã Vạn Phúc,20.9104933,105.8868122
truong_hoc,way/1285874296,Trường Tiểu học Vạn Phúc (cơ sở 2),20.9093011,105.8857706
truong_hoc,way/1285874313,Trường Tiểu học Ngọc Hồi,20.9224923,105.8451797
truong_hoc,way/1285874314,Trường Trung học cơ sở Ngọc Hồi,20.9226455,105.8458066
truong_hoc,way/1285874323,Trường Mầm non A xã Ngọc Hồi,20.9223753,105.8469338
truong_hoc,way/1285885819,Trường Mầm non B xã Ngọc Hồi,20.9240843,105.8335274
truong_hoc,way/1285885822,Trường Mầm non Tả Thanh Oai A,20.9432577,105.809608
truong_hoc,way/1285885823,Trường Mầm non Ngô Thì Nhậm,20.9451603,105.8076803
truong_hoc,way/1285885827,Trường Tiểu học Ngô Thì Nhậm,20.9388661,105.8073184
truong_hoc,way/1285885831,Trường Tiểu học Đỗ Ngọc Du,20.9346779,105.8044987
truong_hoc,way/1285885836,Trường Trung học cơ sở Đỗ Ngọc Du,20.9342333,105.8057788
truong_hoc,way/1285885838,Trường Mầm non xã Hữu Hoà (cơ sở thôn Phú Diễn),20.9375213,105.8007726
truong_hoc,way/1285885839,Trường Mầm non Tả Thanh Oai B,20.931757,105.8047389
truong_hoc,way/1285885841,Trường Mầm non Tả Thanh Oai B (cơ sở 3),20.9224671,105.8073091
truong_hoc,way/1285885843,Trường Mầm non Tả Thanh Oai B (cơ sở 2),20.9279609,105.7933212
truong_hoc,way/1285885847,Trường Tiểu học Đỗ Ngọc Du,20.9335011,105.8017873
truong_hoc,way/1286150997,Trường Mầm non Bình Minh,21.0193725,105.7893475
truong_hoc,way/1286150998,Trường Tiểu học Nguyễn Viết Xuân,21.0169862,105.7920991
truong_hoc,way/1287008825,Nhóm trẻ Nụ Cười Bé Thơ,21.0305202,105.7926195
truong_hoc,way/1288212343,Trường Phổ thông Hồng Đức,21.0985467,105.5787597
truong_hoc,way/1288212352,Trường Mầm non và Tiểu học Ban Mai,20.9786649,105.7935083
truong_hoc,way/1288212356,Trường Mầm non Thần Đồng - Bright School,20.9730075,105.7871709
truong_hoc,way/1288257795,Trường Mầm non Định Công (Cơ sở 3),20.9793961,105.8283929
truong_hoc,way/1288257798,Trường Mầm non Định Công (Cơ sở 2),20.9833118,105.8235768
truong_hoc,way/1288280929,Trường Mầm non An Khánh A,21.0079324,105.7120476
truong_hoc,way/1288280935,Trường Tiểu học An Khánh A,21.0061681,105.7205167
truong_hoc,way/1288280940,Trường Mầm non An Khánh C,21.0056188,105.7255381
truong_hoc,way/1288280943,Trường Mầm non An Khánh A,21.0072596,105.7197942
truong_hoc,way/1288280945,Trường Mầm non An Khánh B,20.9923455,105.7230517
truong_hoc,way/1288280946,Trường Mầm non An Khánh C,21.0027797,105.7179176
truong_hoc,way/1288280952,Trường Tiểu học An Khánh B,20.9877566,105.7192989
truong_hoc,way/1290266296,Trường Trung học cơ sở Mai Đình,21.2243968,105.8326682
truong_hoc,way/1290815725,Trường Trung học cơ sở Thị trấn Phúc Thọ,21.1036246,105.5418817
truong_hoc,way/1290815728,Trường Tiểu học Sài Sơn B,21.0196519,105.6554122
truong_hoc,way/1290815737,Trường Trung học cơ sở Sài Sơn,21.0290352,105.6438556
truong_hoc,way/1290815740,Trường Mầm non Sài Sơn B,21.0286218,105.644222
truong_hoc,way/1290815741,,21.0302252,105.6437885
truong_hoc,way/1290815747,Trường Mầm non Sài Sơn A,21.0197066,105.6443508
truong_hoc,way/1290815751,Trường Mầm non Sài Sơn C,21.0359737,105.6536808
truong_hoc,way/1290815753,Trung tâm Giáo dục nghề nghiệp-Giáo dục thường xuyên huyện Quốc Oai,20.9924139,105.6451323
truong_hoc,way/1290815757,Trường Trung học cơ sở Dương Liễu,21.0576291,105.6805643
truong_hoc,way/1290815762,Trường Tiểu học và Trung học cơ sở Mỹ Đức,20.6799318,105.739859
truong_hoc,way/1290815766,Trường Trung học cơ sở Quảng Phú Cầu,20.7734892,105.7713844
truong_hoc,way/1290815767,Trường Trung học cơ sở Trần Phú,20.7438057,105.9185623
truong_hoc,way/1291637449,Trường Mầm non An Thượng A,20.9935505,105.7043444
truong_hoc,way/1291637459,Trường Mầm non An Thượng B,20.9910696,105.7060359
truong_hoc,way/1291637462,Trường Mầm non Cát Quế A,21.0483183,105.678911
truong_hoc,way/1291637465,Trường Mầm non Cát Quế B,21.0507029,105.6555073
truong_hoc,way/1291637470,Trường Mầm non Đắc Sở,21.0348781,105.6832992
truong_hoc,way/1291637473,Trường Mầm non Di Trạch,21.0454086,105.7219812
truong_hoc,way/1291637483,Trường Mầm non Đông La A,20.968087,105.7235683
truong_hoc,way/1291637485,Trường Mầm non Đông La B,20.9625737,105.7252888
truong_hoc,way/1291683314,Trường Mầm non Đức Giang A,21.056916,105.7028948
truong_hoc,way/1291683318,Trường Mầm non Đức Giang A,21.0601742,105.7052221
truong_hoc,way/1291683323,Trường Mầm non Đức Giang B,21.0623623,105.6984729
truong_hoc,way/1291683358,Trung tâm Giáo dục nghề nghiệp-Giáo dục thường xuyên huyện Hoài Đức (cơ sở 2),20.9892865,105.7226088
truong_hoc,way/1291683360,Trường Mầm non Đức Thượng,21.0716649,105.6907618
truong_hoc,way/1291683366,Trường Trung học cơ sở Đức Thượng,21.071456,105.6931202
truong_hoc,way/1291683368,Trường Mầm non Dương Liễu,21.0550959,105.6777557
truong_hoc,way/1291683371,Trường Tiểu học Dương Liễu,21.0554791,105.676972
truong_hoc,way/1296054195,Trường Tiểu học Đức Thượng,21.0739595,105.6935701
truong_hoc,way/1296054199,Trường Tiểu học Vạn Xuân,21.0709305,105.709252
truong_hoc,way/1296054200,,20.9720557,105.7351228
truong_hoc,way/1296054206,Trường Mầm non La Phù,20.9817386,105.7315312
truong_hoc,way/1296054211,Trường Tiểu học La Phù,20.9826171,105.7306739
truong_hoc,way/1296054215,Trường Trung học cơ sở La Phù,20.9844986,105.7320692
truong_hoc,way/1296054218,Trường Mầm non Lại Yên,21.0260735,105.7087922
truong_hoc,way/1296054223,Trường Trung học cơ sở Lại Yên,21.0259705,105.7072371
truong_hoc,way/1296054224,Trường Tiểu học Lại Yên,21.0261879,105.7062725
truong_hoc,way/1296056912,Trường Mầm non Minh Khai,21.0656106,105.6758243
truong_hoc,way/1296056913,Trường Tiểu học Minh Khai,21.0657976,105.674952
truong_hoc,way/1296056914,Trường Trung học cơ sở Minh Khai,21.0664321,105.6755576
truong_hoc,way/1296056922,Trường Mầm non Sơn Đồng,21.0413791,105.6969979
truong_hoc,way/1296567079,Trung tâm Giáo dục thường xuyên tỉnh Hoà Bình,20.8334748,105.349703
truong_hoc,way/1296567080,Trung tâm Giáo dục thường xuyên tỉnh Hoà Bình,20.8326217,105.339003
truong_hoc,way/1296567093,Trường Trung học phổ thông 19-5,20.7404906,105.4452743
truong_hoc,way/1296567105,Trường Trung học phổ thông Bắc Sơn,20.7520538,105.5071028
truong_hoc,way/1296567112,Trường Trung học phổ thông Cao Phong,20.7035245,105.3184476
truong_hoc,way/1296567126,Trường Trung học phổ thông Cộng Hoà,20.5221387,105.4570352
truong_hoc,way/1296567135,Trường Trung học phổ thông Cù Chính Lan,20.6707795,105.6600403
truong_hoc,way/1296568270,Trường Trung học phổ thông Đoàn Kết,20.5507617,105.3178067
truong_hoc,way/1296568277,Trường Trung học phổ thông Kim Bôi,20.66342,105.5448478
truong_hoc,way/1298270146,Trường Tiểu học Nhị Khê,20.8962861,105.8487845
truong_hoc,way/1298270147,Trường Trung học cơ sở Nhị Khê,20.8961022,105.8494955
truong_hoc,way/1302810938,Trường Mầm non Hoa Đào,21.0404843,105.8394725
truong_hoc,way/1303219022,Trường Mầm non Ngô Thì Nhậm,21.0167362,105.8538991
truong_hoc,way/1303224796,Trường Mầm non Trung Tự (phân hiệu 2),21.0052429,105.8247868
truong_hoc,way/1305667335,Trường Mầm non 59,21.0320092,105.8420951
truong_hoc,way/1306087175,Trường Mầm non Cát Linh (phân hiệu 2),21.0310011,105.8334441
truong_hoc,way/1307628403,Trường Tiểu học Đắc Sở,21.0356011,105.6838518
truong_hoc,way/1307642368,Trường Mầm non Hạt Dẻ Cười,21.0197268,105.9063772
truong_hoc,way/1311989490,Trường Tiểu học Ái Mộ A,21.043442,105.8704898
truong_hoc,way/1313027039,Trường Tiểu học Tây Mỗ 3,21.0087759,105.7370347
truong_hoc,way/1313139537,Trường Mầm non Ngô Thì Nhậm,20.9710218,105.770103
truong_hoc,way/1313193040,Trường Mầm non Yên Sở,21.0436647,105.6793187
truong_hoc,way/1313193048,Trường Mầm non Vân Côn A,21.0009809,105.6700596
truong_hoc,way/1313463920,Trường Trung học cơ sở Văn Phú,20.867047,105.8546004
truong_hoc,way/1314119672,Trường Mầm non Phương Mai (phân hiệu 2),21.0005769,105.8368269
truong_hoc,way/1314345594,Trường mầm non Tân Mai,21.040748,105.8982165
truong_hoc,way/1317395355,Trường Trung học cơ sở Cát Linh - Phân hiệu Tô Vĩnh Diện,21.0217198,105.8283985
truong_hoc,way/1318588383,Trường Mầm non Lê Quý Đôn,21.0324737,105.7670993
truong_hoc,way/1318588409,Trường Mầm non Hoa Anh Đào,21.0315291,105.7629209
truong_hoc,way/1318588410,Trường Mầm non Cầu Diễn,21.0337593,105.7627966
truong_hoc,way/1318588424,Trường Mầm non Hạt Giống Vàng,21.0321691,105.760909
truong_hoc,way/1326230587,Trường Mầm non Ban Mai Xanh,21.0534655,105.9202266
truong_hoc,way/1326287172,Trường Trung học cơ sở Yên Phong,21.198164,105.9574321
truong_hoc,way/1327905837,Trường Trung học cơ sở Hòa Long,21.1803476,106.0418541
truong_hoc,way/1328090705,Trung tâm Giáo dục nghề nghiệp - Giáo dục thường xuyên huyện Mê Linh,21.1850457,105.7205856
truong_hoc,way/1329954054,Trường Tiểu học và Trung học cơ sở Hoàng Hoa Thám,21.1642272,106.0612714
truong_hoc,way/1330085635,Trường Trung học cơ sở Nguyễn Đăng Đạo,21.1944989,106.0641457
truong_hoc,way/1330184370,Trường Phổ thông Liên cấp FPT Bắc Ninh,21.1948302,106.0647844
truong_hoc,way/1331423731,Trương mầm non Sao Mai,21.1655439,106.0528491
truong_hoc,way/1333518936,Trường Trung học cơ sở Yên Hòa - Phân hiệu,21.02007,105.7888631
truong_hoc,way/1334384125,Trường Tiểu học Vũ Ninh 1,21.1995745,106.0761758
truong_hoc,way/1334390081,Trường Tiểu học Tiền An,21.1832497,106.0668237
truong_hoc,way/1337346579,Trường Trung học cơ sở Từ Sơn 2,21.1067171,105.9446619
truong_hoc,way/1337626363,Trường Tiểu học Từ Sơn 1,21.1134849,105.9731736
truong_hoc,way/1338976297,Trường Tiểu học Võ Cường,21.1676427,106.0601476
truong_hoc,way/1339010955,Trường Mầm non Ninh Xá,21.1773195,106.0623437
truong_hoc,way/1345355004,Trường Mầm non Hiệp Thuận (phân hiệu 2),21.0555506,105.6432527
truong_hoc,way/1346596939,Trung tâm Giáo dục nghề nghiệp - Giáo dục thường xuyên Thường Tín,20.8646269,105.8617014
truong_hoc,way/1350379176,Trường Trung học cơ sở Nguyễn Bỉnh Khiêm - Rubik,21.0379095,105.7873205
truong_hoc,way/1351772383,Trường Mầm non Ánh Dương,21.1910393,106.0704254
truong_hoc,way/1358115395,Trường Tiểu học Hồng Thái,20.7644412,105.9538912
truong_hoc,way/1359848811,Trường Trung học cơ sở Bạch Hạ,20.6920215,105.9534868
truong_hoc,way/1359848817,Trường Mầm non Bạch Hạ,20.6928316,105.9529788
truong_hoc,way/1360095262,Trường Tiểu học Bạch Hạ,20.7035871,105.9419763
truong_hoc,way/1361705993,Trường Tiểu học Hoàn Sơn,21.1107934,106.0005871
truong_hoc,way/1361706000,Trường Trung học cơ sở Hoàn Sơn,21.1118783,105.998148
truong_hoc,way/1362139398,Trường Trung học cơ sở Ngọc Hồi,20.9215244,105.8456629
truong_hoc,way/1362853267,Trường Tiểu học Võ Thị Sáu,20.9988,105.8652287
truong_hoc,way/1363278231,Trường Mầm non Vân Canh B,21.0277833,105.7328112
truong_hoc,way/1363810234,Trường Trung học cơ sở Kim Chung,21.1382375,105.7838905
truong_hoc,way/1363813965,Trường Tiểu học Nam Phong,20.7557532,105.9216805
truong_hoc,way/1363813969,Trường Trung học cơ sở Nam Phong,20.7580479,105.9246816
truong_hoc,way/1363813972,,20.7736807,105.921835
truong_hoc,way/1364281178,Trường Tiểu học Vạn An,21.1863843,106.0606668
truong_hoc,way/1364281179,Trường Mầm non Từ Sơn 2,21.1165613,105.9677811
truong_hoc,way/1364282434,Trường Mầm non Đồng Quang,21.1383152,105.9495485
truong_hoc,way/1364520785,Trường Tiểu học Đồng Nguyên,21.1298285,105.9650468
truong_hoc,way/1364763394,Trường Mầm non Phương Canh 2,21.0392002,105.7451049
truong_hoc,way/1368995956,Trường Trung học Vinschool The Harmony,21.0480445,105.9039479
truong_hoc,way/1370501878,Trung Tâm Giáo Dục Thường Xuyên Thành phố Bắc Ninh,21.1805937,106.0704055
truong_hoc,way/1370501879,Trường Mầm non Hoa Quỳnh,21.1813912,106.0707491
truong_hoc,way/1374315834,Trường Tiểu học Vũ Công Tể,21.1196097,105.79912
truong_hoc,way/1374315835,Trường mầm non Hải Bối,21.1062509,105.8004349
truong_hoc,way/1374754614,Trường Mầm non Phong Khê,21.1752904,106.0367184
truong_hoc,way/1376145093,Trường Tiểu học Võ Cường,21.1731581,106.0789596
truong_hoc,way/1376145096,Trường Tiểu học Hạp Lĩnh,21.132868,106.07228
truong_hoc,way/1376145097,Trường Trung học cơ sở Hạp Lĩnh,21.1324223,106.0719748
truong_hoc,way/1376145099,Trường Tiểu học Võ Cường,21.1557556,106.0381766
truong_hoc,way/1376145100,Trường Tiểu học Võ Cường,21.1610494,106.0512436
truong_hoc,way/1376511118,Trường Trung học cơ sở Võ Cường,21.1638567,106.0488511
truong_hoc,way/1376687618,Trường Tiểu học Phùng Xá A,21.0189303,105.6245977
truong_hoc,way/1376687637,Trường Trung học cơ sở Cầu Giấy A (phân hiệu 1),21.0255763,105.7863938
truong_hoc,way/1376687638,Trường Tiểu học Cầu Giấy A (phân hiệu),21.0259355,105.7861601
truong_hoc,way/1376687639,Trường Mầm non Đức Thắng,21.0802675,105.7740484
truong_hoc,way/1376687641,Trường Mầm non Hoàng Tăng Bí,21.0804846,105.7822385
truong_hoc,way/1383482175,Trường Trung học cơ sở Cảnh Hưng,21.0843986,106.0286932
truong_hoc,way/1384065731,Trường Mầm non Hạp Lĩnh,21.1316777,106.0726634
truong_hoc,way/1384378027,Trường Mầm non Vinschool The Harmony,21.0436253,105.9080438
truong_hoc,way/1384713638,Trường Mầm non Tây Mỗ A,20.9989905,105.7441598
truong_hoc,way/1386134009,Trường Mầm non Hàng Đào,20.9467588,105.7914969
truong_hoc,way/1386134010,Trường Mầm non Bình Minh,20.9499513,105.7890373
truong_hoc,way/1386134011,Trường Mầm non Hoàng Công,20.9482768,105.7913403
truong_hoc,way/1386134012,Trường Mầm non Hoa Hồng,20.9668472,105.7769566
truong_hoc,way/1386515333,Trường Tiểu học Đại Hưng,20.9873843,105.9336626
truong_hoc,way/1386515334,Trường Mầm non Tân Lập,21.0804282,105.7059408
truong_hoc,way/1386623850,Trường Mầm non Ban Mai,21.0933465,105.9433223
truong_hoc,way/1387027653,Trường Mầm non Phật Tích,21.1015377,106.0360896
truong_hoc,way/1387027657,Trường Trung học cơ sở Phật Tích,21.1016999,106.0371841
truong_hoc,way/1387121572,Trường Tiểu học Cảnh Hưng,21.0815934,106.0273024
truong_hoc,way/1387129941,Trường Trung học cơ sở & Trung học phổ thông Lương Thế Vinh (Cơ sở Tân Triều),20.9724324,105.7989902
truong_hoc,way/1387818581,Trường Tiểu học Lạc Vệ 1,21.1225526,106.0801094
truong_hoc,way/1388569280,Trường Tiểu học Vinschool Smart City,21.0019421,105.7358946
truong_hoc,way/1389446664,Trường Tiểu học Nguyễn Du,20.8709166,105.861139
truong_hoc,way/1391156957,Trường Mầm non Khắc Niệm,21.1409107,106.0556196
truong_hoc,way/1392160832,Trường Trung học cơ sở Lê Ngọc Hân (Cơ sở Lương Yên),21.0103278,105.8633367
truong_hoc,way/1392674185,,20.9375751,106.002503
truong_hoc,way/1393199627,Trường Mầm non Đồng Kỵ 2,21.1370469,105.949032
truong_hoc,way/1393853720,Hệ thống Giáo dục Thực nghiệm Victory,20.9788721,105.7955139
truong_hoc,way/1395904789,Trường Mầm non Xuân Phương,21.0329109,105.7416123
truong_hoc,way/1409954820,Trường Tiểu học An Khánh B (Khu B),20.9960985,105.7304782
truong_hoc,way/1410050039,,20.9395346,106.0016497
truong_hoc,way/1410359401,Trường Trung học cơ sở Mai Động,20.9918399,105.8652451
truong_hoc,way/1410368931,Trường Tiểu học Yết Kiêu,20.9740823,105.7748838
truong_hoc,way/1411925705,Trường Mầm non Đình Bảng 2,21.1084948,105.9528154
truong_hoc,way/1412638356,Trường Mầm non Hoa Hồng,21.1958185,106.0499577
truong_hoc,way/1412740870,Trường Dwight Hà Nội,20.9719369,105.8179775
truong_hoc,way/1413269777,Trường Mầm non Nguyễn Tuân,20.9956629,105.8049601
truong_hoc,way/1413848753,Trường Tiểu học Lạc Đạo - Cơ sở 2,20.988572,106.0095147
truong_hoc,way/1414285182,Trường Cao đẳng Cơ điện Hà Nội (Cơ sở 6),20.9450391,105.932692
truong_hoc,way/1414292341,Trường Trung học cơ sở Chờ,21.1971149,105.9561129
truong_hoc,way/1414402063,Trường Mầm non Vũ Ninh,21.1997125,106.0753308
truong_hoc,way/1414676211,Trường Mầm non Võ Cường,21.1573479,106.041522
truong_hoc,way/1415191321,Trường Trung học cơ sở Hữu Bằng,21.0250765,105.6188092
truong_hoc,way/1415191322,Trường Tiểu học Hữu Bằng,21.0255616,105.6191025
truong_hoc,way/1415196309,Trường Trung học cơ sở Võ Cường,21.1671143,106.0365452
truong_hoc,way/1415196310,Trường Tiểu học Võ Cường,21.1673873,106.0371599
truong_hoc,way/1415423707,Trường Tiểu học Vạn An,21.182397,106.0474775
truong_hoc,way/1416023344,Trường Mầm non Võ Cường,21.1705993,106.0484937
truong_hoc,way/1416268913,Trường Trung học cơ sở New School,20.9786845,105.7677658
truong_hoc,way/1416268917,Trường Mầm non Hoa Mai,20.9776959,105.7682543
truong_hoc,way/1416271043,Trường Tiểu học Long Châu,21.1915873,105.984854
truong_hoc,way/1416293456,Trường Trung học cơ sở Tiên Du,21.1276201,106.0216128
truong_hoc,way/1416293466,Trường Trung học cơ sở Liên Bão,21.1254751,106.0242741
truong_hoc,way/1416293467,Trường Tiểu học Liên Bão,21.1250795,106.0231304
truong_hoc,way/1416439654,Trường Mầm non Vũ Ninh,21.1986652,106.0719985
truong_hoc,way/1416778183,Trường Mầm non Sen Hồng,20.9899024,105.7435086
truong_hoc,way/1418002927,,20.9454482,105.9921457
truong_hoc,way/1418002943,,20.949369,105.9959812
truong_hoc,way/1419067661,Khu Nhà Xe,21.3512552,105.9778131
truong_hoc,way/1419067662,Khu Nhà Xe,21.3516609,105.9779326
truong_hoc,way/1419319642,Trường Tiểu học An Thượng A,20.9959016,105.7057242
truong_hoc,way/1419319646,Trường Trung học cơ sở An Thượng,20.9950862,105.7058181
truong_hoc,way/1419396171,Trường Mầm non Chờ số 2,21.1930562,105.9547768
truong_hoc,way/1419680933,Trường Tiểu học Việt Hưng,21.0552785,105.8960393
truong_hoc,way/1420972067,Trường Tiểu học Thanh Khương,21.0365905,106.0479282
truong_hoc,way/1420972068,Trường Trung học cơ sở Thanh Khương,21.0357504,106.0478221
truong_hoc,way/1420972070,Trường Tiểu học Trí Quả,21.0455582,106.0326836
truong_hoc,way/1420972071,Trường Trung học cơ sở Trí Quả,21.044985,106.033241
truong_hoc,way/1420982261,Trường Mầm non ASG Tố Hữu,20.9830552,105.776374
truong_hoc,way/1421090081,Trường Trung học cơ sở Đức Thắng - Hiệp Hoà,21.351416,105.9781786
truong_hoc,way/1421272977,Khu Nhà Xe,21.3510898,105.9783874
truong_hoc,way/1421338860,Trường Tiểu học Việt Đoàn 2,21.1109812,106.0303083
truong_hoc,way/1421338865,Trường Trung học cơ sở Việt Đoàn,21.1089659,106.0383644
truong_hoc,way/1421338866,Trường Tiểu học Việt Đoàn,21.1088304,106.0378008
truong_hoc,way/1421660426,Trường Tiểu học&Trung học cơ sở Võ Thị Sáu,20.7893634,105.3502616
truong_hoc,way/1422108006,Trường Mầm non Phú Lâm 2,21.1689413,105.982851
truong_hoc,way/1422416760,Trường mầm non Thạch Đà B,21.1661304,105.6712035
truong_hoc,way/1422599484,Trường Tiểu học Lim,21.1454562,106.0257732
truong_hoc,way/1422599485,Trường Trung học cơ sở Lim,21.1472429,106.0265855
truong_hoc,way/1422599486,Trường Mầm non Lim 1,21.1460697,106.0214208
truong_hoc,way/1422599487,Trường Mầm non Lim 2,21.1448092,106.0193847
truong_hoc,way/1423063985,Trường Mầm non Từ Sơn 1,21.1081578,105.9461237
truong_hoc,way/1423914831,Trường Tiểu học Võ Cường,21.1679903,106.0491719
truong_hoc,way/1424014903,,20.9512468,105.9909965
truong_hoc,way/1424142554,Trường Mầm non Nguyệt Đức,21.015364,106.0656086
truong_hoc,way/1424454860,Trường Trung học cơ sở Phúc Yên,21.2457431,105.7043317
truong_hoc,way/1424454861,Trường Mầm non Trưng Nhị,21.2455766,105.7022633
truong_hoc,way/1424454863,Trường Tiểu học Trưng Nhị,21.241001,105.703965
truong_hoc,way/1424958540,Trường Mầm non Đồng Nguyên,21.1225554,105.9788965
truong_hoc,way/1424958566,Trường Mầm non Tân Hồng 1,21.1030033,105.9668828
truong_hoc,way/1426348039,Trường Mầm non Vườn Xanh Nam Đô,20.9788795,105.8450203
truong_hoc,way/1429016069,TH&Trung học cơ sở Chỉ Đạo,20.9895363,106.0482958
truong_hoc,way/1429018011,Sân Nhà Văn Hóa Thôn Nghĩa Lộ,20.9863627,106.0457941
truong_hoc,way/1429021193,Trường Mầm non Lê Trọng Tấn,20.9576597,105.7432668
truong_hoc,way/1429026424,Trường Mầm non Xuân Lâm 2,21.0287384,106.0218322
truong_hoc,way/1429026426,Trường Mầm non Xuân Lâm,21.0244464,106.0203425
truong_hoc,way/1429049236,Nhà Văn Hóa Thôn Cát Lư,20.990338,106.0363557
truong_hoc,way/1429063136,Trường Mẫu Giáo Xã Chỉ Đạo,20.9866027,106.0465924
truong_hoc,way/1429184939,Sân Nhà Văn Hóa Thôn Văn Ổ,20.9978021,106.0562378
truong_hoc,way/1429274243,Trường Mẫu Giáo Xã Đại Đồng,20.9924082,106.0618028
truong_hoc,way/1429351840,TH&Trung học cơ sở Đại Đồng,20.9915427,106.0759526
truong_hoc,way/1429536692,Trường Trung học phổ thông Vinchool Ocean Park,20.9961717,105.9389695
truong_hoc,way/1429539965,Trường Tiểu học Đình Tổ số 1,21.0569031,106.0297376
truong_hoc,way/1429539967,Trường Trung học cơ sở Đình Tổ,21.0578594,106.029522
truong_hoc,way/1429539976,Trường Trung học cơ sở Đại Đồng Thành,21.0727969,106.0600951
truong_hoc,way/1429688065,Trường Tiểu học Gia Đông số 2,21.0332432,106.069273
truong_hoc,way/1429688068,Trường Mầm non Gia Đông,21.0332263,106.0677738
truong_hoc,way/1429885910,,20.9379039,106.0019659
truong_hoc,way/1430574366,Trường Tiểu học Thụy Hòa,21.2099547,106.0181631
truong_hoc,way/1430574367,Trường Trung học cơ sở Thụy Hòa,21.2117976,106.0181554
truong_hoc,way/1430601479,Trường Tiểu học Yên Trung số 1,21.2185868,105.9860011
truong_hoc,way/1431100325,Hệ thống giáo dục IQ School Hà Đông,20.9650245,105.780629
truong_hoc,way/1431183769,Trường Mầm non Phương Canh,21.0522132,105.7295081
truong_hoc,way/1431216226,Trường Tiểu học Châu Khê 1,21.1249458,105.9232485
truong_hoc,way/1432209787,,20.9415997,105.9557863
truong_hoc,way/1432249297,,20.94221,105.9553212
truong_hoc,way/1433031604,Trường Mầm non Yên Trung,21.2174848,105.9866924
truong_hoc,way/1433515540,Trường Trung học phổ thông Đỗ Mười,20.9532492,105.8477628
truong_hoc,way/1433526116,Trường Mầm non Ánh Sao,20.9541369,105.846078
truong_hoc,way/1433951302,Trường Tiểu học Thị trấn Chờ số 2,21.1866124,105.9544875
truong_hoc,way/1433954417,Trường Mầm non Chờ số 1,21.1922233,105.9484301
truong_hoc,way/1433954427,Trường Mầm non Chờ số 2,21.1887038,105.9554223
truong_hoc,way/1434055991,Trường Tiểu Học Văn Ổ,20.9943419,106.0574032
truong_hoc,way/1434819116,Trường Mầm non A Tứ Hiệp (điểm Cương Ngô 2),20.9448201,105.8503804
truong_hoc,way/1435261838,Trường Mầm non Trung Nghĩa,21.1843445,105.9632543
truong_hoc,way/1435261843,Trường Tiểu học Trung Nghĩa,21.185895,105.9600121
truong_hoc,way/1435261844,Trường Trung học cơ sở Trung Nghĩa,21.1864919,105.9603616
truong_hoc,way/1435267015,Trường Trung học phổ thông Nguyễn Trãi,21.1963485,105.9503073
truong_hoc,way/1435267022,Trường Mầm non Liên Cơ,21.197871,105.9532745
truong_hoc,way/1435347635,Trường Tiểu học Chờ số 1,21.197392,105.9491196
truong_hoc,way/1435347653,Trung tâm Giáo dục nghề nghiệp - Giáo dục thường xuyên Yên Phong,21.1969886,105.9539741
truong_hoc,way/1435568816,Trường Tiểu học Lạc Vệ 1,21.1197731,106.0642972
truong_hoc,way/1436337183,Trường Mầm non Long Biên (Phân hiệu 2),21.0231947,105.8788116
truong_hoc,way/1436337184,Trường Mầm non Long Biên (Phân hiệu 1),21.0269552,105.8937928
truong_hoc,way/1441646087,,20.9885886,105.8456002
truong_hoc,way/1441947151,Trường Tiểu học Đồng Nguyên 1 (cũ),21.1273047,105.9663468
truong_hoc,way/1441947154,Trường Mầm non Đồng Nguyên,21.1269305,105.9659959
truong_hoc,way/1443021473,Trường Tiểu học Đại Đồng Thành số 1,21.0757749,106.0582187
truong_hoc,way/1443181300,Trường Mầm Non Tư Thục Hạnh Phúc,20.9918654,106.0520284
truong_hoc,way/1444628972,Trường Trung học Cơ Sở Tân Tiến,20.9227094,105.963093
truong_hoc,way/1444628973,Trường Tiểu học Tân Tiến,20.9223394,105.9625573
truong_hoc,way/1444628974,Trường Mầm non Tân Tiến,20.9198138,105.9589912
truong_hoc,way/1444628983,Trường Màm non Hòa Bình Hạ,20.92745,105.9652896
truong_hoc,way/1445905449,Trường Tiểu học Tân Định (Cơ Sở 2),20.9884447,105.8487545
truong_hoc,way/1446011421,Trường Trung học cơ sở Yên Trung,21.2204022,105.9856478
truong_hoc,way/1446712333,Trường Mầm non Ninh Xá,21.1801416,106.0677991
truong_hoc,way/1446715461,,21.1941366,105.9782912
truong_hoc,way/1446719129,Trường Mầm non Trung Nghĩa,21.1888838,105.9640805
truong_hoc,way/1447145285,Trường Mầm non Tương Giang 2,21.1448757,105.9926988
truong_hoc,way/1447156799,Trường Mầm non Tương Giang 1,21.1361249,105.9855319
truong_hoc,way/1447156802,Trường Mầm non Tương Giang 1,21.1341567,105.9936138
truong_hoc,way/1447641467,Trường Trung học cơ sở Thạch Xá,21.0312764,105.6034344
truong_hoc,way/1447641468,Trường Tiểu học Thạch Xá,21.0310961,105.6028535
truong_hoc,way/1447728092,Trường Mầm non Phù Khê,21.1459916,105.9329814
truong_hoc,way/1448609502,Trường Mầm non Hương Mạc,21.155116,105.9315888
truong_hoc,way/1450092550,Trường Tiểu học Ái Mộ A,21.049322,105.8758454
truong_hoc,way/1450280071,,20.9493314,105.9658917
truong_hoc,way/1451007698,Trường Tiểu học Đại Mỗ 3,21.0034767,105.7578928
truong_hoc,way/1451653569,Trường Mầm non Phú Lâm 1,21.1622424,106.0069682
truong_hoc,way/1451653584,Trường Tiểu học Phú Lâm 1,21.1569511,106.0098405
truong_hoc,way/1452309122,Trường Tiểu học Công nghệ giáo dục Hà Nội - Alpha School,20.9960052,105.8444278
truong_hoc,way/1452766641,,20.9457606,105.9562784
truong_hoc,way/1453112332,Trường THCS Tam Giang,21.2249769,105.9451599
truong_hoc,way/1453112333,Trường Tiểu học Tam Giang,21.224415,105.9451548
truong_hoc,way/1453112334,Trường Tiểu học Đông Tiến,21.2162421,105.9709016
truong_hoc,way/1453112335,Trường THCS Đông Tiến,21.2157936,105.9706652
truong_hoc,way/1453112336,Trường Tiểu học Yên Trung số 2,21.2107586,105.9933078
truong_hoc,way/1453112337,Trường Mầm non Yên Trung,21.2090759,105.9951021
truong_hoc,way/1453522519,Vinschool Global Gate,21.0915074,105.8713456
truong_hoc,way/1454176495,Trường Mầm non Minh Đạo,21.0891832,106.0694256
truong_hoc,way/1454176505,Trường Mầm non Cảnh Hưng,21.0771692,106.0312498
truong_hoc,way/1454932173,Trường Mầm non Đồng Quang,21.129827,105.9533173
truong_hoc,way/1454932177,Trường THPT Từ Sơn,21.1284197,105.9510329
truong_hoc,way/1454932184,Trường Mầm non Thanh Hiền,21.1279012,105.9503471
truong_hoc,way/1455482611,Trường Mầm non Hoa Sen Montessori,21.119372,105.9773436
truong_hoc,way/1455610500,Trường Tiểu học Tam Sơn 2,21.1481582,105.9602302
truong_hoc,way/1455610507,Trường Mầm non Tam Sơn số 2,21.1496892,105.9604471
truong_hoc,way/1456418650,Trưòng Mầm non Vĩnh Hưng (phân hiệu 1),20.9866131,105.8916615
truong_hoc,way/1456418651,Trường Tiểu học và Trung học cơ sở Thanh Đàm (phân hiệu),20.9930126,105.8824592
truong_hoc,way/1456418652,Trường Mầm non Họa Mi,20.9930297,105.8816611
truong_hoc,way/1456418653,Trường Tiểu học Hoàng Mai,20.9708322,105.8768619
truong_hoc,way/1456418657,Trường Mầm non Hoạ Mi,20.9579729,105.8318694
truong_hoc,way/1456418658,Trường Tiểu học Bùi Quốc Khái,20.9615584,105.8224129
truong_hoc,way/1456418659,Trường Trung học cơ sở Hoàng Mai,20.9702853,105.8761712
truong_hoc,way/1456502320,Trường THCS Hạc Trì,21.3180006,105.3745629
truong_hoc,way/1456607406,Trường Trung học cơ sở Vạn Phúc,20.9205674,105.8983482
truong_hoc,way/1456643274,,21.1655657,105.7096533
truong_hoc,way/1456676944,Trường Mầm non Tương Mai (phân hiệu 2),20.9945024,105.8466285
truong_hoc,way/1456705494,Trường Mầm non Tam Sơn số 2,21.1600924,105.9603765
truong_hoc,way/1456705507,Trường Mầm non Từ Sơn 2,21.1220766,105.9692108
truong_hoc,way/1457394365,,20.9327151,106.003056
truong_hoc,way/1457809959,Trường Tiểu học Đoàn Thị Điểm,21.0877965,105.7964499
truong_hoc,way/1458203135,Trường Trung học cơ sở Đào Duy Tùng,21.1295195,105.8566934
truong_hoc,way/1458203150,Trường Tiểu học Định Công,20.9840679,105.8261798
truong_hoc,way/1458203151,Trường Mầm non Sao Mai,20.9847216,105.8267185
truong_hoc,way/1459844800,Trường Trung học cơ sở Giảng Võ 2,21.028335,105.8221463
truong_hoc,way/1460029167,,20.8180503,105.9836235
truong_hoc,way/1460029176,Trường Mầm Non thị trấn Khoái Châu,20.8286588,105.9827596
truong_hoc,way/1460069849,Trường Trung học cơ sở Nguyên Khê,21.1799329,105.8407381
truong_hoc,way/1460069851,Trường Trung học phổ thông Phúc Thịnh,21.1759618,105.8320792
truong_hoc,way/1460070972,Trường Trung học cơ sở An Dương Vương,21.1303307,105.8824541
truong_hoc,way/1460076067,Trường Mầm non Anhxtanh Bắc Ninh,21.1807511,106.0691377
truong_hoc,way/1460380486,Trường Trung học cơ sở Nông Trang,21.3286396,105.3807117
truong_hoc,way/1460405193,Trường Tiểu học Văn Phú,20.8671309,105.8527559
truong_hoc,way/1460775629,Trường Trung học phổ thông Mai Hắc Đế,20.983322,105.8690364
truong_hoc,way/1460775650,Trường Mầm non Võ Cường,21.1546418,106.0388543
truong_hoc,way/1460778513,Trường Tiểu học Vinschool Gardenia,21.0341552,105.7605973
truong_hoc,way/1460778515,Trường Mầm non Vinschool Gardenia,21.0383318,105.7624067
truong_hoc,way/1461641127,Trường THCS Minh Phương,21.3289184,105.3736501
truong_hoc,way/1461996989,,20.8701896,105.8616552
truong_hoc,way/1462051734,Trường Mầm non Tư thục Thanh Mai,20.9896799,105.8546741
truong_hoc,way/1462194497,Trường Tiểu học Pháp Vân,20.9546493,105.8495338
truong_hoc,way/1462308415,Trường Mầm non Lâm Tiên,21.1647169,105.8491509
truong_hoc,way/1462308417,Trường Trung học cơ sở Đông Ngạc A (phân hiệu),21.0600797,105.7775968
truong_hoc,way/1462471696,Trường Mầm Non Hà Thạch,21.4051763,105.2479339
truong_hoc,way/1462487282,Trường Mầm non Hòa Bình,20.9457203,105.7245411
truong_hoc,way/1462487285,Trường Tiểu học Yên Nghĩa (Phân khu B),20.9455386,105.7241595
truong_hoc,way/1462854542,Trường Tiểu học Hoàn Sơn,21.1100662,105.996648
truong_hoc,way/1462854543,Trường Mầm non Hoàn Sơn,21.1103068,105.9958449
truong_hoc,way/1463373054,Trường Trung học phổ thông Văn Hiến,20.9929641,105.8614444
truong_hoc,way/1465242682,Trường Trung học cơ sở Minh Hà (Canh Nậu),21.0493211,105.6112634
truong_hoc,way/1465242683,Trường Tiểu học Minh Hà A - Canh Nậu,21.051985,105.611455
truong_hoc,way/1465242684,Trường Tiểu học Minh Hà B - Canh Nậu,21.0527576,105.6111104
truong_hoc,way/1466038022,,20.8799493,105.8647188
truong_hoc,way/1466038029,Trường Trung học cơ sở Văn Bình,20.88065,105.8647299
truong_hoc,way/1466038037,,20.879973,105.8634383
truong_hoc,way/1467294925,Trường Mầm non Hòa Long - Khu Hữu Chấp,21.2192299,106.0640395
truong_hoc,way/1467294927,Trường Mầm non Kinh Bắc,21.2119935,106.0502044
truong_hoc,way/1467996349,Trường Tiểu học & Trung học cơ sở Victoria Thăng Long,20.9273779,105.780249
truong_hoc,way/1468450589,,20.9532666,105.9804994
truong_hoc,way/1468780623,Trường Mầm non Tư thục Hà Thành,21.1736204,106.059051
truong_hoc,way/1469705089,,20.9035236,105.7522188
truong_hoc,way/1469705092,,20.898089,105.7712753
truong_hoc,way/1469705095,Trường Tiểu học Lê Quý Đôn,20.9657072,105.7419977
truong_hoc,way/1469705098,,20.9126166,105.7578491
truong_hoc,way/1470040454,,21.1102562,105.8506454
truong_hoc,way/1470056402,Trường Mầm non Hoa Hồng,21.1926031,106.047765
truong_hoc,way/1470176025,Trường Trung học cơ sở Phúc Tiến,20.7239749,105.9233947
truong_hoc,way/1470176026,Trường Tiểu học Tri Thủy,20.7005555,105.9549927
truong_hoc,way/1470176028,,20.7234241,105.9587464
truong_hoc,way/1470176029,Trường Tiểu học Phúc Tiến,20.7232835,105.9227874
truong_hoc,way/1470176030,Trường Trung học cơ sở Tri Thủy,20.7078981,105.9482148
truong_hoc,way/1470176031,,20.687101,105.9827831
truong_hoc,way/1472671246,Trường mầm non Ánh Sao Mai,20.9945446,105.8444088
truong_hoc,way/1472906921,Trường Tiểu học Tiên Dương,21.1436138,105.8313592
truong_hoc,way/1472951318,Trường Mầm non Đại Phúc,21.1738941,106.070607
truong_hoc,way/1473331901,Trường Tiểu học Định Công (Cơ sở 2),20.9820514,105.8307155
truong_hoc,way/1474196402,Trường Tiểu học Minh Đạo,21.0862297,106.0582174
truong_hoc,way/1474196412,Trường TiHCS Minh Đạo,21.0862178,106.0587204
truong_hoc,way/1474196418,Trường Mầm non Minh Đạo,21.0870311,106.0543975
truong_hoc,way/1474780523,Trường Mầm non Tân Phong,21.0765976,105.7651992
truong_hoc,way/1475055092,Trường Mầm non Võ Cường,21.1609323,106.0519426
truong_hoc,way/1475181239,Trường Trung học cơ sở Đông Phong,21.1938523,106.0181039
truong_hoc,way/1475181253,Trường Tiểu học Đông Phong,21.1987987,106.0201072
truong_hoc,way/1475182475,Trường Mầm non Thụy Hòa,21.2202836,106.0176847
truong_hoc,way/1475272669,Trường Trung học cơ sở Tam Đa,21.2232785,106.0316365
truong_hoc,way/1475272691,Trường Mầm non Tam Đa - Khu Phấn Động,21.229621,106.0315423
truong_hoc,way/1475272694,Trường Tiểu học Tam Đa số 2,21.2410711,106.0258647
truong_hoc,way/1475272696,Trường Mầm non Tam Đa - Khu Thọ Đức,21.2401655,106.0250281
truong_hoc,way/1475272708,Trường Tiểu học Tam Đa,21.2148029,106.0303267
truong_hoc,way/1475290262,Trường Tiểu học Định Công (Cơ sở 3),20.9817483,105.8297405
truong_hoc,way/1475313028,Trường Mầm non Song ngữ STEAMeQ,20.986482,105.8393376
truong_hoc,way/1476202997,Trường Trung học cơ sở Phú Lâm,21.165114,106.0010063
truong_hoc,way/1476203014,Trường Tiểu học Phú Lâm 2,21.1696123,105.9946187
truong_hoc,way/1476211981,Trường Trung học cơ sở Văn Môn,21.1745476,105.9253109
truong_hoc,way/1476211982,Trường Tiểu học Văn Môn,21.1750665,105.9262093
truong_hoc,way/1476857698,Trường Tiểu Học Minh Nông,21.3216408,105.3745481
truong_hoc,way/1477395606,Trường Trung học cơ sở Hòa Tiến,21.2084389,105.9183619
truong_hoc,way/1477395638,Trường Mầm non Yên Phụ,21.1904392,105.9208312
truong_hoc,way/1477395655,Trường Mầm non Yên Phụ,21.1920074,105.9268847
truong_hoc,way/1477395665,Trường Trung học cơ sở Yên Phụ,21.2000429,105.9242181
truong_hoc,way/1477399106,Trường Tiểu học Yên Phụ,21.1969738,105.9279953
truong_hoc,way/1477399112,Trường Mầm non Hòa Tiến,21.1964488,105.9177506
truong_hoc,way/1477812252,Trường Mầm non Trung Nghĩa,21.1767458,105.9690984
truong_hoc,way/1477812260,Trường Tiểu học Đông Thọ,21.1676834,105.9502387
truong_hoc,way/1477812272,Trường Mầm non Đông Thọ,21.1663796,105.9548282
truong_hoc,way/1477812284,Trường THCS Đông Thọ,21.1694266,105.9486407
truong_hoc,way/1478877771,Trường Mầm non Phù Khê,21.1434361,105.9348659
truong_hoc,way/1478877778,Trường Mầm non Hoa Trạng Nguyên,21.1417455,105.9338074
truong_hoc,way/1479282642,Trường Tiểu học Nguyễn Văn Siêu,20.9747227,105.8267316
truong_hoc,way/1479765275,Trường Mầm non Đồng Quang,21.1210235,105.9523973
truong_hoc,way/1480360269,Trường Mầm non Lạc Vệ - Thôn Nam Viên,21.1113499,106.0698139
truong_hoc,way/1481009975,,21.2475661,105.9167316
truong_hoc,way/1481009977,Trường Trung học cơ sở Việt Long,21.2470543,105.9149796
truong_hoc,way/1481077748,Trường Mầm non Phú Lâm 3,21.1702766,106.0005757
truong_hoc,way/1481173121,Trường Mầm non Phương Liệt,20.994303,105.8394153
truong_hoc,way/1481173191,Trương Mầm non Phương Liệt,20.9961882,105.8400394
truong_hoc,way/1481770883,Trường Tiểu học Đông La,20.9669702,105.7219037
truong_hoc,way/1481772451,Trường Phổ thông Quốc tế Kinh Bắc,21.1633917,106.0600498
truong_hoc,way/1482440128,Trường Mầm Non Đại Từ,20.970522,105.8312839
truong_hoc,way/1484092495,Trường Mầm non Hoàng Mai (điểm 4),20.9785044,105.8486238
truong_hoc,way/1484463094,Trung tâm Giáo dục nghề nghiệp Thành An,20.9554746,105.8221644
truong_hoc,way/1484793115,Trường Mầm non Thịnh Liệt,20.9772628,105.8488077
truong_hoc,way/1489079966,Trường Trung học cơ sở Tri Phương,21.0807664,106.0058661
truong_hoc,way/1489079967,Trường Tiểu học Tri Phương,21.0814589,106.0058464
truong_hoc,way/1489086984,Trường Mầm non Tam Đa,21.2119522,106.0335978
truong_hoc,way/1489086995,Trường Mầm non Dũng Liệt - Phân khu Lạc Trrung,21.2409954,105.9952773
truong_hoc,way/1489093280,Trường Mầm non Đông Thọ,21.1717896,105.9411842
truong_hoc,way/1490598796,Trường Mầm non Lê Quý Đôn,20.966507,105.7451631
truong_hoc,way/1491165442,Trường Mầm non Kinder Green,20.9969545,105.8521899
truong_hoc,way/1491569285,Trung tâm Giáo dục nghề nghiệp - Giáo dục thường xuyên Tiên Du,21.1417529,106.0178877
truong_hoc,way/1492235997,Trường Mầm non Hoàng Mai (điểm 5),20.9750164,105.8494
truong_hoc,way/1492262283,Trường Xanh Tuệ Đức Hà Nội,20.9314088,105.7918336
truong_hoc,way/1492262286,Trường Tiểu học & Trung học cơ sở Newton 5,20.9234952,105.7852568
truong_hoc,way/1492262287,Trường Mầm non Newton,20.9267364,105.7851495
truong_hoc,way/1492262288,Trường Mầm non Những Đứa Trẻ Tuyệt Vời (Wonder Kids),20.9290138,105.7851618
truong_hoc,way/1493877589,Trường Mầm non Ngọc Thuỵ,21.0531048,105.8702582
truong_hoc,way/1494338307,Trường Mầm non Phương Nga,21.1733027,106.0751712
truong_hoc,way/1497350190,Trường Trung học cơ sở Cát Quế A,21.0491667,105.6793723
truong_hoc,way/1497350192,Trường Tiểu học Cát Quế A,21.0505961,105.679211
truong_hoc,way/1497690611,Trường Mầm non Yên Phụ,21.198485,105.9250159
truong_hoc,way/1500259391,Trường Mầm non Việt Anh Bright Preschool,21.0329721,105.7762025
truong_hoc,way/1504279088,Trường Trung học cơ sở Nguyễn Du,21.0331473,105.848871
truong_hoc,way/1505743272,Trường THCS Tân Minh,20.8424376,105.844503
truong_hoc,way/1505743274,Trường Tiểu học Tân Minh,20.841205,105.8446259
truong_hoc,way/1508853246,,20.8451517,105.8482523
truong_hoc,way/1508984300,Trường Trung học cơ sở Lê Lợi,21.0392338,105.8501429
truong_hoc,way/1509744272,Trường Trung học cơ sở Lê Hồng Phong,20.5379012,105.8974434
truong_hoc,way/1510217607,Trường trung cấp nghề số 10,20.9978396,105.82051
truong_hoc,way/1510837884,Trường Mầm non Kim Liên (phân hiệu 2),21.010586,105.8299008
truong_hoc,way/1511179724,Trường Mầm non Hoa Trạng Nguyên,21.0364534,105.9084199
truong_hoc,way/1511179725,Trường Tiểu học & Trung học cơ sở Victoria Thăng Long 3,21.037061,105.9087503
truong_hoc,way/1512086667,,20.9815225,105.9589807
truong_hoc,way/1512800030,Trường Mầm non Trung Văn,20.9935593,105.7740672
truong_hoc,way/1512814820,Trường mầm non Vườn Hồng,20.9828898,105.8439724
truong_hoc,way/1513318926,,20.9768215,105.9737878
truong_hoc,way/1513549280,Trường Mầm non Sao Khuê,20.9836889,105.9383919
truong_hoc,way/1513891910,Trường Mầm non Xanh,21.0000519,105.8039382
truong_hoc,way/1514343046,,20.8880156,105.9864237
truong_hoc,way/1514343047,,20.8887615,105.9865242
truong_hoc,way/1514343048,,20.8871161,105.9852619
truong_hoc,way/1515056543,Trường Mầm non Đồng Nguyên,21.1356242,105.976793
truong_hoc,way/1515828983,,21.2697059,105.6592088
truong_hoc,way/1515828988,,21.2673204,105.6609434
truong_hoc,way/1516962396,Trường Tiểu học Marie Curie 2,20.9629923,105.7859621
truong_hoc,way/1524793428,Trường Mầm non Hoàn Sơn 1,21.1217574,106.001906
truong_hoc,way/1528812359,Trường Phổ thông Liên cấp Đào Duy Từ,21.1835614,106.056231
truong_hoc,way/1533203884,Trung tâm Giáo dục nghề nghiệp - Giáo dục thường xuyên Hoàng Mai,20.9726648,105.8832703
truong_hoc,way/1537605416,Trường Mầm non Dwight School Hà Nội,20.9741867,105.8115432
truong_hoc,way/1539776071,Trường Tiểu học Xuân Lâm,21.0229655,106.0190077
truong_hoc,way/1539776072,Trường THCS Xuân Lâm,21.0225548,106.0185998
truong_hoc,way/1539776084,Trường Tiểu học Nguyễn Gia Thiều,21.015273,106.031668
truong_hoc,way/1539776085,Trường THCS Nguyễn Gia Thiều,21.0156497,106.0323351
truong_hoc,way/1539776107,Trường Mầm non Ngũ Thái,21.0147653,106.0330853
truong_hoc,way/1539776124,Trường THCS Song Liễu,21.0028223,106.0167947
truong_hoc,way/1539776125,Trường Tiểu học Song Liễu,21.0029713,106.0162538
truong_hoc,way/1539776146,Trường Mầm non Thanh Khương,21.0388969,106.0472607
truong_hoc,way/1539924545,Trường THCS Nguyệt Đức,21.0107203,106.0658509
truong_hoc,way/1539924546,Trường Tiểu học Nguyệt Đức,21.0083277,106.0671777
truong_hoc,way/1539935201,Trường THCS Hiên Vân,21.1202191,106.0388294
truong_hoc,way/1539940402,Trường Tiểu học Hiên Vân,21.1190029,106.0428907
truong_hoc,way/1540042031,Trường THPT Trần Nhân Tông,21.1249391,106.0215415
truong_hoc,way/1540178636,Trường Mầm non Mỹ Hưng,20.8985934,105.8002288
truong_hoc,way/1540178647,Trường Trung học cơ sở Mỹ Hưng,20.9018933,105.7991244
truong_hoc,way/1540178648,Trường Tiểu học Mỹ Hưng,20.9007978,105.7992495
truong_hoc,way/1540197525,Trường THCS Dũng Liệt,21.2515425,106.0021325
truong_hoc,way/1540197529,Trường Tiểu học Dũng Liệt,21.2469008,105.9954781
truong_hoc,way/1540197540,Trường Tiểu học Đông Phong số 2,21.1933464,106.0194944
truong_hoc,way/1540390029,Trường Tiểu học Hòa Tiến,21.2136127,105.9195376
truong_hoc,way/1540390032,Trường Mầm non Hòa Tiến,21.2126771,105.9248769
truong_hoc,way/1540390062,Trường Mầm non Tam Giang,21.224403,105.9473162
truong_hoc,way/1540727667,Trường Mầm non Đình Tổ số 1,21.058999,106.0300565
truong_hoc,way/1540935896,Trường Mầm non Từ Sơn 3,21.0920628,105.9715508
truong_hoc,way/1540964032,Trường mầm non X20,20.9915228,105.8374538
truong_hoc,way/1542802658,Trường Tiểu học Đại Đồng Thành số 2,21.0705277,106.0704549
truong_hoc,way/1542802663,Trường Mầm non Đại Đồng Thành,21.0728925,106.0711581
truong_hoc,way/1542802669,Trường Tiểu học & Trung học cơ sở Song Hồ,21.0638707,106.0792216
truong_hoc,way/1542802670,Trường Mầm non Song Hồ,21.0637007,106.07978
truong_hoc,way/1543293728,Trường liên cấp Newton Westlake,21.0828932,105.80561
truong_hoc,way/1544983591,Trưởng mầm non Thị trấn Vĩnh Tường,21.2179248,105.5104441
truong_hoc,way/1544983592,,21.2179372,105.5104511
truong_hoc,way/1545013346,Trưởng tiểu học Xã Vĩnh Tường,21.2226823,105.5102981
truong_hoc,way/1545018230,Trường Mầm non Liên Cơ,21.2231054,105.5094361
truong_hoc,way/1545900012,Trường Trung học cơ sở Hạp Lĩnh,21.1317264,106.0719779
truong_hoc,way/1547176156,Trường Mầm non Liên Bão,21.1140123,106.0121275
truong_hoc,way/1547591308,Trường Mầm non Văn Môn,21.1676904,105.9332769
truong_hoc,way/1547595462,Trường Mầm non Phú Lâm,21.1721759,105.9940686
truong_hoc,way/1547596857,Trường Mầm non Phú Lâm 3,21.1723771,106.0052655
truong_hoc,way/1547927886,Trường Mầm non Hoa Ban,20.9550188,105.8483806
truong_hoc,way/1548031956,Trường Tiểu học Hà Mãn,21.0280296,106.0316452
truong_hoc,way/1548031957,Trường Trung học cơ sở Hà Mãn,21.0285722,106.0317972
truong_hoc,way/1548031966,Trường Mầm non Hà Mãn,21.0285672,106.0333549
truong_hoc,way/1548074274,Trường Trung học phổ thông Đông Kinh,20.9933113,105.8613758
truong_hoc,way/1548343732,Trường Tiểu học Phenikaa,21.0483497,105.7292878
truong_hoc,way/1548343738,Trường Trung học cơ sở & Trung học phổ thông Phenikaa,21.0483309,105.7306686
truong_hoc,way/1548735053,,21.2309994,105.8426376
truong_hoc,way/1548735055,,21.2329229,105.8396654
truong_hoc,way/1548735056,,21.2319153,105.8385883
truong_hoc,way/1548790953,Trường Mầm non Ô Chợ Dừa,21.0163553,105.8181915
truong_hoc,way/1548790954,Trường Mầm non Ô Chợ Dừa (phân hiệu 1),21.025609,105.827125
truong_hoc,way/1548790955,Trường Mầm non Cát Linh (phân hiệu 1),21.0237293,105.8296742
truong_hoc,way/1549007501,Trường Mầm non Mùa Xuân,21.0008299,105.8245054
truong_hoc,way/1549322214,Trường Tiểu học Liên Hiệp,21.057183,105.6387022
truong_hoc,way/1549322225,Trường Trung học cơ sở Tam Hiệp (phân hiệu 2),21.0562251,105.6363854
truong_hoc,way/1549322227,Trường Tiểu học Liên Hiệp,21.0735544,105.632936
truong_hoc,way/1549322234,Trường Trung học cơ sở Tam Hiệp (phân hiệu 1),21.0733805,105.6317116
truong_hoc,way/1549322237,Trường Mầm non Hiệp Thuận,21.0695035,105.6325324
truong_hoc,way/1549536839,Trưòng Mầm non Phú Thượng,21.0859061,105.8071898
truong_hoc,way/1549536840,Trung tâm Giáo dục nghề nghiệp - Giáo dục thường xuyên Tây Hồ,21.086316,105.8079489
truong_hoc,way/1549536846,Trưòng Mầm non Everest,21.0506036,105.7946176
truong_hoc,way/1551235099,Trường Mầm non Long Biên (Điểm trường),21.02185,105.8990528
truong_hoc,way/1551235100,Trường Mầm non Thạch Bàn (Trường chính),21.0180638,105.9177621
truong_hoc,way/1551325903,Trường Mầm non Sasuke Hà Đông,20.988456,105.7853112
truong_hoc,way/1551438839,Trường Tiểu học Vạn An,21.1794139,106.0429284
truong_hoc,way/1551903913,Trường Mầm non Dũng LIệt,21.2555866,106.011856
cong_vien,node/3775880166,,20.9580163,105.5683233
cong_vien,node/5485779585,Tượng đài Lê Nin,21.0320621,105.8272512
cong_vien,node/5641420927,Công viên Tuổi trẻ Hòa Bình,20.8167137,105.3445843
cong_vien,node/5648651616,Công Viên Sông Đà,20.8272213,105.3424549
cong_vien,node/6545865252,,21.1922823,106.039245
cong_vien,node/6545865253,,21.1922655,106.0392811
cong_vien,node/6545865254,,21.1922217,106.0393316
cong_vien,node/6545865255,,21.1921982,106.0393893
cong_vien,node/6545865256,,21.1921645,106.0394507
cong_vien,node/6545865257,,21.1924605,106.0398186
cong_vien,node/6545865258,,21.1924134,106.0397393
cong_vien,node/6545865259,,21.1922991,106.0396346
cong_vien,node/6546410956,,21.120936,105.9718982
cong_vien,node/6546410958,,21.1204764,105.971131
cong_vien,node/6546410959,,21.1205505,105.9713062
cong_vien,node/6546410960,,21.12052,105.9712268
cong_vien,node/6648715232,An Lạc Trang trại Sinh thái Eco Farm,20.7044538,105.5027937
cong_vien,node/8509323925,Nhà Văn Hóa Khu DC 1 & 8,21.3658228,105.2464695
cong_vien,node/8656346633,,21.0495754,105.7978418
cong_vien,node/8678902014,Tập thể 829,20.9716632,105.7946049
cong_vien,node/8850427515,Nhà Văn Hóa Thôn Hương trầm,21.1689544,105.8943227
cong_vien,node/8900622291,UBND xã Quảng Lãng,20.8086197,106.0664097
cong_vien,node/8918769552,,21.0599285,106.0467006
cong_vien,node/8980937102,Công viên đồi cao,21.3061452,105.5923243
cong_vien,node/8985647127,Cung văn hóa thiếu nhi,21.3124075,105.6000637
cong_vien,node/9498047319,Khu Sinh Thái Thiên Phú Lâm,21.2904347,105.7897608
cong_vien,node/11506138278,Công viên Bella,20.9542462,105.9773546
cong_vien,node/12319043888,Vườn Hoa 10 Khả Lễ,21.1636033,106.0541455
cong_vien,node/12319043889,,21.1604246,106.0530494
cong_vien,node/12319043890,,21.1604246,106.0521843
cong_vien,node/12319043894,,21.1729319,106.0581978
cong_vien,node/12319043895,,21.1721979,106.056935
cong_vien,node/12319043896,,21.1713451,106.0555505
cong_vien,node/12319043898,,21.1697124,106.0563736
cong_vien,node/12319043899,,21.1710248,106.0582493
cong_vien,node/12319044100,,21.160764,106.053095
cong_vien,node/12690384420,kho 02,21.0025332,105.9439386
cong_vien,node/13062875862,Công viên văn hóa thôn Chiều Đông,20.9454384,106.0004976
cong_vien,node/13083692966,Công viên Chà Là 1,20.9406014,105.9836638
cong_vien,node/13161385861,Công viên Ngọc Trai 2,20.9412881,105.9895251
cong_vien,node/13247300819,NHÀ VĂN HOÁ THÔN NAM QUẤT,20.7421432,105.9292439
cong_vien,node/13261529547,Tuấn Anh,21.3044096,105.6023791
cong_vien,node/13301629649,Công viên Ngọc Trai 3,20.942924,105.9831833
cong_vien,node/13335466013,Công viên San Hô 2,20.945441,105.9805717
cong_vien,node/13335466014,Công viên Hải Âu,20.9414852,105.9713605
cong_vien,node/13347097029,Công viên Sao Biển 2,20.9450474,105.9755158
cong_vien,node/13350706656,Công viên Trung tâm Empire Park,20.945266,105.9730581
cong_vien,node/13350706657,Công viên Sao Biển 1,20.9482272,105.9734916
cong_vien,node/13351098620,Công viên San Hô 1,20.9511296,105.9783517
cong_vien,node/13353293597,Công viên Cọ Xanh 2,20.9449309,105.9695801
cong_vien,node/13356952040,Công viên Cọ Xanh 1,20.9478259,105.9680615
cong_vien,node/13358915812,Công viên Silk Park,20.945442,105.9658386
cong_vien,node/13358915900,Công viên Đảo Dừa,20.9383491,105.9733919
cong_vien,node/13360883549,Công Viên Thời Đại,20.954942,105.9727568
cong_vien,node/13361586389,Công viên Ánh Dương,20.9632762,105.9762364
cong_vien,node/13455426990,Công viên Ngọc Trai 1,20.9448438,105.9869087
cong_vien,node/13526280406,Công Viên Phố Biển,20.9574428,105.9815252
cong_vien,node/13528059838,Công viên mùa Hạ,20.9713542,105.9293674
cong_vien,node/13528059839,Công viên mùa Xuân,20.9701627,105.9307548
cong_vien,way/9635893,Đầm Đông,21.0683603,105.820217
cong_vien,way/28869502,Vườn hoa Mai Xuân Thưởng,21.0422013,105.8356723
cong_vien,way/28869503,Vườn hoa Vạn Xuân,21.0401286,105.8463255
cong_vien,way/28869505,Vườn hoa 19-8,21.0234923,105.857029
cong_vien,way/29133247,Gò Đống Đa,21.0120897,105.8244099
cong_vien,way/37933849,Công viên Thống Nhất,21.0125082,105.8445252
cong_vien,way/38137267,Công viên Indira Gandhi,21.0188015,105.8140975
cong_vien,way/124877385,Vườn hoa Pasteur,21.0141767,105.8595057
cong_vien,way/136176176,Công viên hồ Đền Lừ,20.9851033,105.8557186
cong_vien,way/178995315,Hồ Văn,21.0267232,105.8352215
cong_vien,way/181575389,Công viên Cầu Giấy,21.0280329,105.7910525
cong_vien,way/185540946,Công viên Lê-nin,21.0317824,105.8395837
cong_vien,way/194445558,Thung lũng hoa Hồ Tây,21.074634,105.8204475
cong_vien,way/196085431,,21.0659513,105.8227512
cong_vien,way/196922724,,21.0374245,105.8438663
cong_vien,way/199297683,,21.0439703,105.807715
cong_vien,way/199297696,,21.0438996,105.8084927
cong_vien,way/200132468,,21.0435635,105.8074478
cong_vien,way/207178319,Vườn bách thảo Hà Nội,21.0401442,105.831275
cong_vien,way/207178390,,21.0340461,105.8430114
cong_vien,way/207178393,,21.0335744,105.8429103
cong_vien,way/208188482,Công viên Hòa Bình,21.0654087,105.7872988
cong_vien,way/208188525,Vườn Hoa Hữu Nghị,21.0637694,105.7884301
cong_vien,way/208197731,Công viên Nghĩa Đô,21.0408778,105.7959964
cong_vien,way/208259681,,21.0039985,105.7922834
cong_vien,way/208502895,,21.0440679,105.9177747
cong_vien,way/208572134,,21.0660617,105.9077256
cong_vien,way/208572135,,21.0645035,105.9086049
cong_vien,way/208572136,,21.0626968,105.9095796
cong_vien,way/208572137,,21.0586688,105.9100945
cong_vien,way/208572138,Vườn hoa Ngô Huy Quỳnh,21.0566267,105.9092864
cong_vien,way/217341345,Công viên Bắc Linh Đàm,20.9667879,105.8277901
cong_vien,way/218414273,Vườn hoa Hàng Trống,21.0274657,105.8495905
cong_vien,way/223798542,Vườn hoa Lý Tự Trọng,21.0432105,105.8351796
cong_vien,way/232850958,,21.1152404,105.9606071
cong_vien,way/235247164,,21.0006791,105.8260925
cong_vien,way/255651174,,21.0354929,105.8224435
cong_vien,way/267936421,Quảng trường 31-10,21.2363794,105.7062196
cong_vien,way/287219720,,21.0863672,105.9622265
cong_vien,way/287824852,,21.1216438,105.9596698
cong_vien,way/288271959,,21.0715297,105.9527696
cong_vien,way/300892282,,21.3098911,105.6168902
cong_vien,way/316013412,Pomelo Park,21.0766919,105.799314
cong_vien,way/316013428,Pineapple Park,21.0777637,105.7965816
cong_vien,way/316518839,Vườn hoa Bác Cổ,21.025276,105.8595112
cong_vien,way/326481334,,21.1379606,106.0106534
cong_vien,way/368133341,,21.3152599,105.6106478
cong_vien,way/368133381,,21.3142734,105.610997
cong_vien,way/368133389,,21.3093612,105.5902922
cong_vien,way/368133390,Vườn hoa Trần Phú,21.3137121,105.5969685
cong_vien,way/384671184,,21.0360441,105.9081404
cong_vien,way/384671185,,21.0398418,105.9102419
cong_vien,way/384671191,Vườn hoa Thạch Bàn,21.0288867,105.9113977
cong_vien,way/384671209,Vườn hoa Sài Đồng,21.0372405,105.905785
cong_vien,way/412757511,Vườn hoa Nguyễn Biểu,21.0435328,105.8403216
cong_vien,way/468640903,Phuc Thanh Garden,21.0085261,105.8033898
cong_vien,way/479832644,Viglacera Community Park,21.017399,105.950976
cong_vien,way/480700931,Đài tưởng niệm Anh hùng Liệt sĩ Bắc Ninh,21.1763537,106.0666547
cong_vien,way/497037748,Công viên Thanh Xuân,21.0027115,105.7972423
cong_vien,way/497328755,Giếng Trọng Thủy,21.1115261,105.8711712
cong_vien,way/500736455,,21.0951303,105.8746753
cong_vien,way/502234354,,20.9706782,105.9293871
cong_vien,way/502234355,,20.9705535,105.9311674
cong_vien,way/505820385,,21.0434403,105.8314443
cong_vien,way/523643145,Công viên Ngoại giao Đoàn,21.064955,105.795653
cong_vien,way/528023809,,21.0652196,105.8009592
cong_vien,way/542382168,Vườn hoa Nguyễn Trãi,20.972723,105.7817135
cong_vien,way/542382170,Vườn hoa Hà Đông,20.9732071,105.7796534
cong_vien,way/548066437,Công Viên A Khu Chung Cư Vân Canh,21.0410494,105.7328079
cong_vien,way/548066438,Công Viên B Khu Chung Cư Vân Canh,21.0377219,105.7325528
cong_vien,way/548076503,Vườn 12 Con Giáp,20.9635108,105.8500127
cong_vien,way/548076504,Làng Văn Hóa Công Viên Yên Sở,20.9556803,105.8546042
cong_vien,way/548076505,Vườn Tre,20.9647143,105.8505011
cong_vien,way/548079302,1,21.0347423,105.739698
cong_vien,way/548079306,,21.0512717,105.7748438
cong_vien,way/548081097,,21.0667344,105.7823851
cong_vien,way/548084110,Công viên Mai Dịch,21.0381485,105.7695272
cong_vien,way/548086177,Đài tưởng niệm Liệt sĩ Vân Canh,21.0364154,105.7297128
cong_vien,way/548258526,Công Viên C Khu Chung Cư Vân Canh,21.0368745,105.7361586
cong_vien,way/548258540,,21.0378572,105.7342264
cong_vien,way/548258547,,21.0407123,105.7338852
cong_vien,way/548262244,,21.0382655,105.7286128
cong_vien,way/548262304,,21.0287242,105.7215554
cong_vien,way/548266973,,21.0284174,105.7934394
cong_vien,way/548268837,,21.0009161,105.7313821
cong_vien,way/548828763,,21.0363598,105.7396942
cong_vien,way/548846063,,21.0295892,105.7939271
cong_vien,way/548846068,,21.0300783,105.7926958
cong_vien,way/550029056,,21.0707335,105.7157377
cong_vien,way/550034565,,21.0272934,105.7433218
cong_vien,way/550034566,,21.0261583,105.7452763
cong_vien,way/550034572,,21.0252557,105.744096
cong_vien,way/550034579,,21.0246047,105.7451244
cong_vien,way/550543433,Công viên Nam An Khánh,20.9990639,105.7127759
cong_vien,way/554200324,,21.0736289,105.8711982
cong_vien,way/556174775,Công viên Linh Đàm,20.964745,105.8359499
cong_vien,way/560585059,Công viên Nghĩa trang Mai Dịch,21.0407649,105.7707892
cong_vien,way/561810063,Vườn hoa Đền Lừ,20.9851571,105.8605322
cong_vien,way/561810340,,20.9868894,105.8590033
cong_vien,way/568314762,,20.8446985,105.6279946
cong_vien,way/569804205,Sân Cây Đề,21.0175095,105.7791971
cong_vien,way/569804207,Công viên Yên Hòa,21.0197261,105.7982889
cong_vien,way/570596477,Vườn hoa hồ Giảng Võ,21.0288174,105.8201019
cong_vien,way/576742583,Công viên Lý Thái Tổ,21.1131574,105.9563327
cong_vien,way/576742665,,21.1172623,105.9650137
cong_vien,way/577203325,Công viên vườn hoa Quy Chế,21.1188517,105.9642368
cong_vien,way/577203418,,21.1105827,105.9574578
cong_vien,way/579331961,,21.1695659,106.0749597
cong_vien,way/579334143,,21.1729635,106.058211
cong_vien,way/579334144,Vườn hoa Võ Cường số 2,21.1722185,106.0569398
cong_vien,way/579336298,Công viên Nguyễn Văn Cừ,21.1684943,106.0710777
cong_vien,way/579345022,,21.1731748,106.0747046
cong_vien,way/589969496,khu vui chơi giải trí công cộng,21.0040145,105.9352303
cong_vien,way/590074862,khu vui chơi giải trí công cộng,21.0042092,105.9342492
cong_vien,way/591023030,Vườn hoa Thanh Xuân Bắc,20.9912611,105.7996582
cong_vien,way/591449517,Vườn hoa Trần Hưng Đạo,20.8221587,105.3541463
cong_vien,way/613008802,Công viên Nam Hòa,20.6522356,106.054464
cong_vien,way/641380853,Công viên Nguyễn Khuyến,20.5360414,105.9158705
cong_vien,way/641387015,Công viên Nam Cao,20.5453574,105.9136798
cong_vien,way/641387022,,20.5334361,105.9225951
cong_vien,way/641389953,,20.5275295,105.9013627
cong_vien,way/641389954,,20.5251291,105.9048643
cong_vien,way/641389955,,20.5244607,105.9040379
cong_vien,way/641389956,,20.5235569,105.9029782
cong_vien,way/641389957,,20.5228363,105.9021204
cong_vien,way/642231203,Vườn hoa Tây Sơn,21.0265997,105.8503352
cong_vien,way/642301575,,21.0481916,105.9051239
cong_vien,way/646860265,Công viên Phù Khê,21.1475175,105.9306271
cong_vien,way/647253515,,21.1503843,105.9467478
cong_vien,way/647396906,,21.127032,105.9786614
cong_vien,way/647397131,,21.145651,105.9743672
cong_vien,way/647397162,Công viên Ngô Gia Tự,21.1454362,105.975955
cong_vien,way/648728928,,21.1087009,105.9546877
cong_vien,way/649534746,,21.0931596,105.9422913
cong_vien,way/650430490,Khu vui chơi trẻ em,20.9715868,105.8772053
cong_vien,way/650430536,,20.9722628,105.87879
cong_vien,way/651520318,,21.1352959,105.9913727
cong_vien,way/652818877,,21.1231396,106.0037933
cong_vien,way/652818878,Vườn hoa khu biệt thự Hoàn Sơn,21.1225772,106.0019001
cong_vien,way/661138331,Công viên Xuân Dục,21.0922987,105.9061057
cong_vien,way/661165879,Công viên Phùng Khoang,20.997277,105.7905224
cong_vien,way/661451888,,21.1226963,105.9733835
cong_vien,way/675949349,Núi chùa,20.9483992,105.8702291
cong_vien,way/675949350,Vườn Bách Thảo,20.9482884,105.870977
cong_vien,way/679378176,,20.9454578,105.8720685
cong_vien,way/679378177,,20.9455783,105.8716168
cong_vien,way/679378179,,20.9481767,105.8736714
cong_vien,way/680260187,,20.947569,105.8703967
cong_vien,way/682239123,,21.0522513,105.9001069
cong_vien,way/682239142,,21.0597062,105.9105721
cong_vien,way/693728990,,20.8310029,105.3363144
cong_vien,way/696298498,,20.9595217,105.7411974
cong_vien,way/696298499,,20.9595341,105.7416788
cong_vien,way/696298500,,20.9603426,105.7432361
cong_vien,way/696389225,,21.0350084,105.8399603
cong_vien,way/696389226,,21.0349913,105.8401321
cong_vien,way/696389227,,21.0349714,105.840333
cong_vien,way/696389228,,21.0349527,105.8405207
cong_vien,way/696797095,,21.1189299,105.9737839
cong_vien,way/696913689,,21.0346878,105.8407073
cong_vien,way/696913690,,21.034772,105.8396546
cong_vien,way/696913691,Hoàng thành Thăng Long,21.0362895,105.8404418
cong_vien,way/696966662,,21.1656126,106.0597187
cong_vien,way/696976423,,21.1631497,106.0601122
cong_vien,way/696980063,Vườn Hoa 7 Khả Lễ,21.1619463,106.0573137
cong_vien,way/696985320,,21.1697785,106.0563366
cong_vien,way/696985321,Vườn hoa Võ Cường số 5,21.1710202,106.0582562
cong_vien,way/696988486,,21.1713453,106.0555638
cong_vien,way/696991607,,21.1768541,106.0644519
cong_vien,way/696996697,,21.1690934,106.0548545
cong_vien,way/696996710,Vườn hoa Hòa Đình,21.1704086,106.054174
cong_vien,way/697005485,,21.1758208,106.0543161
cong_vien,way/697005493,,21.1649962,106.0470976
cong_vien,way/697005495,,21.1648828,106.0465362
cong_vien,way/697005496,,21.1643722,106.0469325
cong_vien,way/697055230,,21.1207743,105.9694363
cong_vien,way/697055247,Công viên Phú Điền,21.1183928,105.9706132
cong_vien,way/697056215,Vườn Hoa Khu Vui Chơi Ngô Diễn,21.1913991,106.0636432
cong_vien,way/697059788,Vườn cây Kết nghĩa Bắc Ninh - Chợ Lớn,21.1801743,106.0592229
cong_vien,way/697161748,,21.0395194,105.8349147
cong_vien,way/697161749,,21.0395716,105.8349214
cong_vien,way/697161752,,21.0389466,105.8348149
cong_vien,way/697161753,,21.038894,105.8348081
cong_vien,way/697326561,,21.0376869,105.8346653
cong_vien,way/699218421,Công viên OCT1,21.0654206,105.782324
cong_vien,way/700671924,,21.0468993,105.8418358
cong_vien,way/700671925,,21.0455068,105.8417792
cong_vien,way/702241252,Vườn Giám,21.0289084,105.8353279
cong_vien,way/702241278,,21.0274628,105.8356112
cong_vien,way/702241279,,21.027575,105.8353206
cong_vien,way/702241337,,21.0286374,105.8360288
cong_vien,way/702241338,,21.0287886,105.8361096
cong_vien,way/702241339,,21.0288726,105.8358889
cong_vien,way/702241340,,21.0287199,105.8358315
cong_vien,way/702651470,Công viên Yên Sở,20.9602323,105.8556861
cong_vien,way/704134606,Vườn hoa Quán Sứ,21.0261908,105.8453432
cong_vien,way/704147262,Vườn hoa Cổ Tân,21.0249845,105.8578518
cong_vien,way/704153590,Vườn hoa Lý Thái Tổ,21.0274523,105.854748
cong_vien,way/704159177,Vườn hoa Ngọc Lâm,21.0489746,105.8762017
cong_vien,way/704250698,Vườn hoa Bồ Đề,21.0397487,105.8777141
cong_vien,way/704250762,,21.0380927,105.8716507
cong_vien,way/704252312,Công viên Gia Thuỵ,21.0485383,105.8853132
cong_vien,way/704292507,,21.0559407,105.8649091
cong_vien,way/704292580,Vườn hoa Gia Quất,21.0530385,105.8788873
cong_vien,way/711077091,,21.032162,105.878682
cong_vien,way/737165013,,21.0823842,105.7917046
cong_vien,way/737314086,,21.0543115,105.7962038
cong_vien,way/738602791,,21.0606647,105.9116572
cong_vien,way/738602794,,21.06545,105.9111246
cong_vien,way/738808114,,21.062306,105.9113303
cong_vien,way/738808123,,21.0673338,105.907824
cong_vien,way/738808130,,21.072069,105.906502
cong_vien,way/738808142,,21.0646351,105.9096357
cong_vien,way/739493712,,21.0591611,105.9077128
cong_vien,way/750651737,Vườn hoa Trần Quang Diệu,21.0141519,105.8246786
cong_vien,way/751461192,Tây Sơn,20.9202728,105.5644296
cong_vien,way/755359595,Vườn hoa Định Công,20.9868016,105.8315889
cong_vien,way/755376841,,20.992408,105.8683401
cong_vien,way/764041074,,20.8020191,105.6735324
cong_vien,way/767859407,,20.7216151,105.7623245
cong_vien,way/768043928,,21.0289079,105.8493452
cong_vien,way/769918656,Vườn hoa Hoàng Văn Thụ,20.9864578,105.8508882
cong_vien,way/770242607,Công viên An Vũ,20.6508484,106.0611473
cong_vien,way/770242609,,20.6564273,106.0592518
cong_vien,way/770270176,,20.8459531,105.6237102
cong_vien,way/770272739,Công viên Bán đảo Linh Đàm,20.9637893,105.8289829
cong_vien,way/770299541,Văn Quán Lake Park,20.9769808,105.7912115
cong_vien,way/770299542,Vườn hoa Việt Kiều,20.9839775,105.7854366
cong_vien,way/770299543,Vườn Trung Văn,20.9917495,105.7891955
cong_vien,way/770299544,Vườn hoa Biệt thự Quốc Hội,20.9934875,105.7940487
cong_vien,way/770299545,Vườn hoa Trung Hòa - Nhân Chính,21.0050052,105.8019155
cong_vien,way/770299546,Công viên Trung Yên,21.0155495,105.7993205
cong_vien,way/770299547,Vườn hoa Yên Hòa,21.0203043,105.7957157
cong_vien,way/770299549,Vườn hoa Cửa Nam,21.0281177,105.8432825
cong_vien,way/770299550,,21.0230036,105.8439996
cong_vien,way/770299551,,21.0184553,105.8456568
cong_vien,way/770299552,Công viên hồ Vĩnh Hoàng,20.9847379,105.8677074
cong_vien,way/770299553,Công viên Yên Sở,20.9701159,105.8578289
cong_vien,way/770299554,Vườn hoa Bắc Long Biên,21.0464695,105.8655984
cong_vien,way/770328951,Công viên Hòa Bình,20.8160851,105.3437198
cong_vien,way/770328953,Công viên Bê Tông,20.8795152,105.5746625
cong_vien,way/770328955,Công viên Văn Phú,20.9559582,105.7664386
cong_vien,way/770328956,Công viên Hà Cầu,20.9593428,105.7790983
cong_vien,way/770328958,Công viên Tổ 9 Mỗ Lao,20.9786179,105.7823256
cong_vien,way/770328959,Công viên Thiên văn học,20.98072,105.7575951
cong_vien,way/770328960,Công viên Âm nhạc Đô Nghĩa,20.9603597,105.7363469
cong_vien,way/770336404,,21.0070871,105.8540841
cong_vien,way/770336406,Vườn hoa Đại học Kinh tế Quốc dân,20.9994882,105.8443941
cong_vien,way/770668528,,21.3089169,105.6115994
cong_vien,way/770668529,,21.308705,105.6116081
cong_vien,way/770668530,,21.3085058,105.6116473
cong_vien,way/770668531,,21.3083909,105.611912
cong_vien,way/770668533,,21.3086031,105.6120333
cong_vien,way/770668534,,21.3088182,105.6121088
cong_vien,way/770668535,,21.3092192,105.6121751
cong_vien,way/770668536,,21.3090357,105.6121306
cong_vien,way/770668537,,21.3093247,105.6118241
cong_vien,way/770668538,,21.3091076,105.6116227
cong_vien,way/782864077,Vườn hoa Văn Quán,20.9756007,105.7906708
cong_vien,way/784386961,,21.0376814,105.7889448
cong_vien,way/786580801,Vườn hoa,20.9717117,105.7814345
cong_vien,way/795140970,,20.9758408,105.7414327
cong_vien,way/795142588,Vườn hoa,20.9804751,105.7393633
cong_vien,way/795142945,Vườn hoa,20.9821587,105.7399358
cong_vien,way/801517528,,20.9999146,105.843671
cong_vien,way/801517534,,20.9993889,105.8451612
cong_vien,way/801517535,,20.9989637,105.844982
cong_vien,way/801517537,,20.9993099,105.843622
cong_vien,way/808726355,Công viên Nguyên Phi Ỷ Lan,21.18613,106.0742048
cong_vien,way/838432349,,20.9993948,105.8426315
cong_vien,way/839663173,Vườn Nhật,21.0036872,105.7550288
cong_vien,way/839675222,Công viên Con Voi,21.0103882,105.8331479
cong_vien,way/839881659,,21.0189072,105.8235064
cong_vien,way/839899602,Vườn hoa Kim Liên,21.0081284,105.8395109
cong_vien,way/840876878,,21.0055734,105.7520631
cong_vien,way/840934114,Công viên Trung tâm,20.9999101,105.7416025
cong_vien,way/840934121,Công viên Thể thao,21.0034473,105.7413909
cong_vien,way/841154650,Công viên An Hoà,21.0235172,105.7826279
cong_vien,way/841190406,,20.9474531,105.7070791
cong_vien,way/841190407,,20.9473027,105.7071457
cong_vien,way/854251685,,20.9577783,105.8485886
cong_vien,way/859473900,,20.9084431,106.0633856
cong_vien,way/863740276,,20.960866,105.8079397
cong_vien,way/867981975,,21.0082543,105.8358984
cong_vien,way/867981977,,21.0086888,105.83643
cong_vien,way/874998836,,21.0369169,105.7747542
cong_vien,way/874998845,,21.0358405,105.7720837
cong_vien,way/875161079,Công viên Hồ Thiên Nga,20.9557784,105.9329933
cong_vien,way/875184416,,20.9733691,105.9208843
cong_vien,way/875488225,,21.0310742,105.7665748
cong_vien,way/879841441,Vườn hoa Diên Hồng,21.0264805,105.8560132
cong_vien,way/889113701,Công viên Mễ Trì,21.0076503,105.7713219
cong_vien,way/891177145,,20.9146607,105.7129551
cong_vien,way/892583617,Vườn hoa,20.961507,105.7474675
cong_vien,way/892583620,Quảng trường,20.9608777,105.7470114
cong_vien,way/895765693,,20.9136551,105.7122376
cong_vien,way/895765694,,20.9135609,105.7108516
cong_vien,way/895765696,,20.9132584,105.711101
cong_vien,way/896414896,,20.9927067,105.9376838
cong_vien,way/896632619,,21.0700512,105.7730692
cong_vien,way/896920067,,20.9140931,105.7130328
cong_vien,way/896920068,,20.9138546,105.7135115
cong_vien,way/896920069,,20.9134799,105.7136291
cong_vien,way/896924111,,20.9124492,105.711692
cong_vien,way/899723249,Green Garden,21.027039,105.8990746
cong_vien,way/905067686,,20.9688927,105.827941
cong_vien,way/905364044,,20.9606185,105.823473
cong_vien,way/905364045,,20.9602005,105.8248304
cong_vien,way/905364046,,20.9628211,105.8252398
cong_vien,way/908417669,Công viên Long Biên,21.0611919,105.9045388
cong_vien,way/909833221,,21.0371973,105.9328522
cong_vien,way/911561441,Vườn hoa Lạc Long Quân,21.0691322,105.8120332
cong_vien,way/913167465,,21.0405471,105.9287988
cong_vien,way/914297402,,21.056618,105.863802
cong_vien,way/916528084,Vườn hoa Thuỷ lợi,21.0075771,105.8239901
cong_vien,way/921987264,Vườn hoa Sơn Tây,21.1413842,105.5050979
cong_vien,way/932101144,Vườn hoa Phạm Khắc Quảng,21.0635894,105.9153231
cong_vien,way/935022897,,21.0808626,105.771926
cong_vien,way/935868508,,20.9994425,105.7605967
cong_vien,way/935868523,,21.0009878,105.7616626
cong_vien,way/938437558,,20.9617138,105.8026834
cong_vien,way/942762464,Vườn hoa Phùng Hưng,21.0339996,105.8457126
cong_vien,way/955951940,,21.0833577,105.67165
cong_vien,way/959984228,Vườn hoa Nông dân,21.0956817,105.9161721
cong_vien,way/959985390,Vườn hoa Thị trấn Yên Viên,21.0903028,105.9225537
cong_vien,way/959988676,Vườn đình Lã Côi,21.0980447,105.9235295
cong_vien,way/960170470,Khu vui chơi,21.0959599,105.9213392
cong_vien,way/960175796,,21.0981269,105.9232132
cong_vien,way/960783874,,21.0954162,105.9209096
cong_vien,way/960784073,,21.0955335,105.9211763
cong_vien,way/960798530,,21.0978956,105.923962
cong_vien,way/961292914,,20.7769718,105.7493291
cong_vien,way/961292918,,20.7769973,105.7491493
cong_vien,way/961292923,,20.776936,105.7495188
cong_vien,way/961664400,Vườn hoa Chợ Phúc Đồng,21.0395165,105.9033153
cong_vien,way/962108578,Vườn hoa Phụ nữ tự quản,20.978618,105.7950675
cong_vien,way/962686041,Công viên Nguyên Phi Ỷ Lan,21.1830845,106.0783259
cong_vien,way/962696786,Công viên Hoàng Quốc Việt,21.1924814,106.0782739
cong_vien,way/964403635,,21.1833209,106.0702593
cong_vien,way/964403830,,21.1820008,106.0704651
cong_vien,way/964403946,Vườn hoa Lý Chiêu Hoàng,21.1825264,106.0713808
cong_vien,way/964404015,,21.1840294,106.0708933
cong_vien,way/964404588,,21.184962,106.0721511
cong_vien,way/964404613,Vườn hoa Nguyễn Giản Thanh,21.1844664,106.0728196
cong_vien,way/964405584,,21.1872173,106.0755229
cong_vien,way/964405694,,21.1875333,106.0773611
cong_vien,way/964405716,,21.1868071,106.0782835
cong_vien,way/964405773,,21.186074,106.079227
cong_vien,way/964410226,Sân chơi,21.186403,106.0797488
cong_vien,way/964410319,,21.1869554,106.0801259
cong_vien,way/964410605,,21.1888217,106.0791641
cong_vien,way/964410612,,21.1887138,106.0785158
cong_vien,way/964416226,,21.182118,106.0685029
cong_vien,way/964416658,Vườn hoa Vũ Kiệt,21.1818921,106.0666131
cong_vien,way/964416737,,21.180714,106.0682008
cong_vien,way/964418689,Công viên,21.1912822,106.0716826
cong_vien,way/964418766,Vườn hoa Mạc Thị Bưởi,21.192033,106.0707826
cong_vien,way/964418770,Vuòn hoa Ngô Xuân Quảng,21.1932951,106.0697299
cong_vien,way/964419144,Vườn hoa Ngô Sĩ Liên,21.190144,106.0640305
cong_vien,way/964419440,Vườn hoa Phó Đức Chính,21.1941369,106.0668575
cong_vien,way/964419534,Công viên,21.1963625,106.0664795
cong_vien,way/964421097,Vườn hoa Bắc Ninh,21.1859815,106.0686999
cong_vien,way/964421328,Vườn hoa khu phố Hồ Ngọc Lân,21.1862912,106.0668481
cong_vien,way/964421429,Vườn hoa Kim Lân,21.1854085,106.0660889
cong_vien,way/964421542,,21.1958448,106.0717078
cong_vien,way/964421679,,21.1963104,106.071263
cong_vien,way/964423632,Vườn hoa khu biệt thự Kinh Bắc 81,21.1956165,106.0657298
cong_vien,way/964908485,,21.0875266,105.8087585
cong_vien,way/965856881,Sân chơi Trung Kính Hạ,21.012577,105.7952684
cong_vien,way/966177541,,20.9306028,105.7166878
cong_vien,way/969300127,Vườn hoa Nguyễn Đức Cảnh,21.1881444,106.0700131
cong_vien,way/969300162,,21.1877351,106.0705792
cong_vien,way/970449051,Công viên Đồi Cao,21.3057419,105.593031
cong_vien,way/970630484,Công viên thiếu nhi,21.3115637,105.5994668
cong_vien,way/970630485,Quảng trường Hồ Chí Minh,21.3085595,105.6132757
cong_vien,way/970630486,Đài tưởng niệm,21.306292,105.6126668
cong_vien,way/970630487,Công viên nhà thờ Vĩnh Yên,21.3072659,105.5959392
cong_vien,way/970630488,công viên đài phun nước,21.3083656,105.5934727
cong_vien,way/970888877,,21.3060542,105.6163682
cong_vien,way/970889563,Vườn hoa Hùng Vương,21.3094831,105.59379
cong_vien,way/974063070,,21.0781354,105.7997719
cong_vien,way/974927226,,20.6655021,106.0561681
cong_vien,way/975333432,,20.6443198,106.0538893
cong_vien,way/976633078,,20.9611905,105.7679439
cong_vien,way/977375279,Vườn hoa Đào Duy Anh,21.0090474,105.8382532
cong_vien,way/980624329,,21.0790706,105.792255
cong_vien,way/983565524,,20.6560241,106.0570133
cong_vien,way/985095322,Đài tưởng niệm Liệt sĩ huyện huyện Kim Động,20.7351945,106.0626508
cong_vien,way/1002534081,Vườn hoa,20.9858176,105.7827357
cong_vien,way/1002535124,Vườn hoa,20.9847704,105.787771
cong_vien,way/1007898597,,21.0438938,105.7853315
cong_vien,way/1008416082,,20.964158,105.9200411
cong_vien,way/1008416083,,20.9636384,105.9202287
cong_vien,way/1008782871,,20.9103321,105.7124864
cong_vien,way/1008783403,,20.9110478,105.7120257
cong_vien,way/1008783404,,20.9112482,105.7119049
cong_vien,way/1008783589,,20.9116854,105.7125313
cong_vien,way/1008783590,,20.9115952,105.7121457
cong_vien,way/1008783897,,20.9104323,105.712834
cong_vien,way/1008783898,,20.9112655,105.7135963
cong_vien,way/1008783899,,20.9110472,105.7140507
cong_vien,way/1008783900,,20.9119028,105.7126379
cong_vien,way/1008783901,,20.9123551,105.7125728
cong_vien,way/1008783902,,20.9127277,105.7113658
cong_vien,way/1008788199,,20.9122317,105.7141011
cong_vien,way/1008788200,,20.9127077,105.7128599
cong_vien,way/1008788423,,20.913874,105.7103084
cong_vien,way/1008994734,,20.9031781,105.7166853
cong_vien,way/1008999409,,20.9023054,105.7156815
cong_vien,way/1009001037,,20.9014074,105.7155729
cong_vien,way/1009001136,,20.9014991,105.7196053
cong_vien,way/1009001137,,20.900702,105.7196301
cong_vien,way/1009001138,,20.9006077,105.7189559
cong_vien,way/1009001139,,20.900557,105.7190913
cong_vien,way/1009001140,,20.9002947,105.7187649
cong_vien,way/1009001141,,20.9008683,105.7192006
cong_vien,way/1009001142,,20.9010381,105.7187021
cong_vien,way/1009001143,,20.9010844,105.7192797
cong_vien,way/1009001144,,20.9014693,105.718574
cong_vien,way/1009001145,,20.9015426,105.7190249
cong_vien,way/1009001146,,20.9017757,105.7191299
cong_vien,way/1009001147,,20.9018102,105.7194068
cong_vien,way/1009002714,,20.9023885,105.7144276
cong_vien,way/1009002854,,20.9005923,105.7201383
cong_vien,way/1009002855,,20.9009435,105.720368
cong_vien,way/1009002856,,20.9010775,105.7203841
cong_vien,way/1009002857,,20.9014515,105.7206899
cong_vien,way/1009002858,,20.9013641,105.7204928
cong_vien,way/1009002859,,20.9018258,105.7202698
cong_vien,way/1009002860,,20.9022477,105.7204723
cong_vien,way/1009002861,,20.9024225,105.7206721
cong_vien,way/1009002862,,20.9027183,105.7209486
cong_vien,way/1009002863,,20.9022755,105.7195935
cong_vien,way/1009002864,,20.9022486,105.7199938
cong_vien,way/1009002865,,20.9026017,105.7205068
cong_vien,way/1009010415,,20.9004887,105.7200716
cong_vien,way/1009010416,,20.9007551,105.7200428
cong_vien,way/1009010418,,20.9014046,105.7199928
cong_vien,way/1009010419,,20.9017356,105.7198279
cong_vien,way/1009010423,,20.9019996,105.7190219
cong_vien,way/1009010424,,20.9018575,105.7188613
cong_vien,way/1009010425,,20.9005115,105.719732
cong_vien,way/1009010426,,20.9000706,105.7188057
cong_vien,way/1009010427,,20.9004803,105.718458
cong_vien,way/1009010428,,20.9008576,105.718339
cong_vien,way/1009010429,,20.9010822,105.7182984
cong_vien,way/1009010430,,20.9012125,105.7181649
cong_vien,way/1009010979,,20.9022312,105.7194114
cong_vien,way/1009010980,,20.9021357,105.7191646
cong_vien,way/1009011082,,20.902512,105.7209662
cong_vien,way/1009011083,,20.902928,105.7208344
cong_vien,way/1009011250,,20.9637604,105.9135778
cong_vien,way/1009011251,,20.9640427,105.9135486
cong_vien,way/1009011252,,20.96462,105.9138253
cong_vien,way/1009011253,,20.9648321,105.9135451
cong_vien,way/1009011254,,20.9645941,105.9134288
cong_vien,way/1009011255,,20.9647251,105.9131506
cong_vien,way/1009011256,,20.9644049,105.9129335
cong_vien,way/1018689184,Vườn Hoa Tỉnh Uỷ,21.3216724,105.4030416
cong_vien,way/1023288041,,21.2568776,105.8489799
cong_vien,way/1023967834,,21.3497254,105.9708571
cong_vien,way/1035930668,,21.0390344,105.8403719
cong_vien,way/1043708919,,21.1719697,106.0740332
cong_vien,way/1043708921,,21.1701482,106.0761003
cong_vien,way/1043708922,,21.1711729,106.0765804
cong_vien,way/1044480535,,20.9780013,105.7424329
cong_vien,way/1044483277,,20.9797342,105.7391494
cong_vien,way/1044483520,,20.9791224,105.7392998
cong_vien,way/1044484317,,20.9783298,105.7394449
cong_vien,way/1044485137,,20.9780788,105.7401857
cong_vien,way/1044485853,Vườn hoa,20.9855136,105.7407955
cong_vien,way/1044486077,Vườn hoa,20.9853002,105.7387624
cong_vien,way/1051466849,Bãi đá Sông Hồng,21.0784083,105.8359077
cong_vien,way/1059852995,,20.6683872,106.0577369
cong_vien,way/1059852996,,20.6728631,106.0545978
cong_vien,way/1059852997,Vườn hoa Dốc Suối,20.6918709,106.0589116
cong_vien,way/1059852998,,20.6729155,106.0599605
cong_vien,way/1062770966,,21.1451555,105.5021553
cong_vien,way/1062805537,,20.7365484,105.7684429
cong_vien,way/1067639911,,21.0217783,105.9406534
cong_vien,way/1067639919,,21.0216897,105.9402764
cong_vien,way/1067825693,,21.0362261,105.8435898
cong_vien,way/1068888906,,21.0082199,105.7383659
cong_vien,way/1074257032,,21.0197823,105.9515321
cong_vien,way/1082721438,,21.0275771,105.8117118
cong_vien,way/1082884776,,20.9947967,105.9484967
cong_vien,way/1082884777,,20.9909837,105.9536693
cong_vien,way/1085752101,,20.973797,105.8124381
cong_vien,way/1086841589,,21.2953026,105.5576336
cong_vien,way/1087731715,Vườn hoa Tao Đàn,21.0215626,105.857773
cong_vien,way/1087927571,,20.9969329,105.9470493
cong_vien,way/1087927572,,20.9980782,105.9467045
cong_vien,way/1088847133,,21.0252844,105.8471429
cong_vien,way/1091634420,,21.4113646,105.463782
cong_vien,way/1091864963,,21.3196017,105.6842654
cong_vien,way/1093936240,,20.9587332,105.9018216
cong_vien,way/1093939457,,20.9771327,105.9023903
cong_vien,way/1097438441,,21.0364406,105.7293105
cong_vien,way/1097438442,,21.0358275,105.7302599
cong_vien,way/1101783086,,21.0036634,105.7568472
cong_vien,way/1102508649,,20.9950483,105.8014428
cong_vien,way/1103182086,Công viên Võ Thị Sáu,21.0055401,105.8570519
cong_vien,way/1104597411,,21.0312992,105.7873485
cong_vien,way/1106866558,Vườn hoa,20.9837317,105.7873374
cong_vien,way/1107405638,,20.9770356,105.7422977
cong_vien,way/1107407506,,20.9756034,105.7418384
cong_vien,way/1108118623,Vườn hoa Tăng Bạt Hổ,21.0184147,105.8585899
cong_vien,way/1108445943,Vườn hoa Yersin,21.013426,105.8606026
cong_vien,way/1110149616,,20.9544505,105.7688397
cong_vien,way/1110149617,,20.9542589,105.7652509
cong_vien,way/1111949860,Vườn hoa Lê Trực,21.0326442,105.8331805
cong_vien,way/1112643378,Vườn hoa Hoàng Cầu,21.016854,105.8211742
cong_vien,way/1113043214,Vườn hoa Lâm Thao,21.3200235,105.2853473
cong_vien,way/1115152665,,21.010353,105.7913504
cong_vien,way/1115152672,,21.0121284,105.7939508
cong_vien,way/1115516733,,21.0190182,105.7879037
cong_vien,way/1116412196,,21.01456,105.789348
cong_vien,way/1116412998,,21.0132212,105.7904036
cong_vien,way/1116415793,,21.0161094,105.7903509
cong_vien,way/1116419874,,21.0179388,105.7887237
cong_vien,way/1117517797,,21.0441784,105.7843413
cong_vien,way/1118223283,,21.0440865,105.7761958
cong_vien,way/1118308342,Vườn hoa Nghĩa Tân,21.0428741,105.7929769
cong_vien,way/1118788849,,21.0352846,105.7764006
cong_vien,way/1119201319,,21.0172592,105.9393657
cong_vien,way/1119231769,Vườn An Viên,21.0068185,105.9457403
cong_vien,way/1119231770,Vườn Lam Viên,21.0076923,105.9464702
cong_vien,way/1119231771,Vườn Long Viên,21.0086073,105.9472382
cong_vien,way/1119319683,,21.0321754,105.7905401
cong_vien,way/1119385385,,21.0143676,105.9393285
cong_vien,way/1120491144,Vườn hoa Đặng Thuỳ Trâm,21.0441616,105.7855441
cong_vien,way/1120491145,Vườn hoa Đặng Thuỳ Trâm,21.0449236,105.7845679
cong_vien,way/1121940859,Bao Quyen farm,21.120564,105.8472172
cong_vien,way/1122937024,Đài tưởng niệm Liệt sĩ Phường Mai Dịch,21.0361687,105.7793437
cong_vien,way/1124152135,,21.0300782,105.9453295
cong_vien,way/1124817471,,21.0065894,105.9393413
cong_vien,way/1131539407,Công viên Hoà Lạc,20.5501237,105.9265883
cong_vien,way/1134239168,,21.0184338,105.9533553
cong_vien,way/1137325945,Vườn hoa Cự Khối,21.0080316,105.913213
cong_vien,way/1143839539,,21.0033702,105.7401098
cong_vien,way/1144267155,,21.0601736,105.8780761
cong_vien,way/1144267156,,21.0604906,105.8795464
cong_vien,way/1144267157,,21.0610509,105.8715107
cong_vien,way/1144267188,Vườn hoa Thượng Thanh,21.0568604,105.8744313
cong_vien,way/1148275988,,20.9374715,105.982996
cong_vien,way/1148275989,Công viên Chà Là 3,20.9386584,105.9851082
cong_vien,way/1148275990,Công viên Chà Là 1,20.9408304,105.9835516
cong_vien,way/1148278384,,21.0337817,105.9127081
cong_vien,way/1149372974,Hai Au Park,20.9886347,105.9535159
cong_vien,way/1151686619,,20.9685063,105.8232644
cong_vien,way/1151686636,,20.9649697,105.8199762
cong_vien,way/1157972684,,21.0055094,105.9106186
cong_vien,way/1159101785,,21.0093245,105.5371244
cong_vien,way/1159101822,Công viên Khởi nghiệp,21.0122799,105.5374793
cong_vien,way/1162059700,,20.8708497,105.8585411
cong_vien,way/1162630364,,21.0442001,105.8032329
cong_vien,way/1162837200,Vườn hoa Nguyễn Đình Thi,21.043241,105.8252031
cong_vien,way/1162970052,,21.0414034,105.8284896
cong_vien,way/1163054426,,21.0411966,105.8282322
cong_vien,way/1163529227,,21.0439425,105.8317695
cong_vien,way/1163614000,,21.0430499,105.8303581
cong_vien,way/1165063039,Công viên Khu dân cư Tỉnh ủy,21.2967236,105.5795978
cong_vien,way/1169679745,,21.0089168,105.9322198
cong_vien,way/1171478091,,20.8146683,105.3488987
cong_vien,way/1172354220,,21.3095489,105.5954778
cong_vien,way/1172354224,,21.30527,105.5932815
cong_vien,way/1172354225,,21.3057946,105.5936159
cong_vien,way/1173092161,,21.0588423,105.9125026
cong_vien,way/1173092162,Vườn hoa Việt Hưng,21.0500652,105.8975282
cong_vien,way/1173092164,Vườn hoa Phúc Đồng,21.0473723,105.9008478
cong_vien,way/1173092165,Vườn hoa Tân Thụy,21.045004,105.8971886
cong_vien,way/1173415441,,21.0256429,105.9125181
cong_vien,way/1173732824,,21.0638125,105.913814
cong_vien,way/1173732839,,21.0649417,105.9146183
cong_vien,way/1173732840,,21.0652197,105.9149896
cong_vien,way/1173732847,,21.0645479,105.9130528
cong_vien,way/1173732861,,21.0651026,105.915982
cong_vien,way/1173880565,,20.6633809,106.0632335
cong_vien,way/1174290221,Vườn hoa Gia Quất,21.0551679,105.8708376
cong_vien,way/1174490259,Vườn hoa Ái Mộ,21.0388595,105.8722168
cong_vien,way/1174779018,,21.167508,106.0627863
cong_vien,way/1174779019,,21.1666326,106.061145
cong_vien,way/1174779020,Vườn Hoa 5 Khả Lễ,21.1607445,106.0558735
cong_vien,way/1174779021,Vườn Hoa 4 Khả Lễ,21.1600592,106.0547829
cong_vien,way/1174779022,,21.1677864,106.0504616
cong_vien,way/1174779023,,21.1679577,106.0515533
cong_vien,way/1174779024,,21.1786116,106.0669128
cong_vien,way/1174779025,,21.1755128,106.0588561
cong_vien,way/1174779030,,21.1770579,106.0752061
cong_vien,way/1174779031,Vườn hoa - Đại Phúc,21.17642,106.0731521
cong_vien,way/1174779032,Vườn hoa chợ Cóc,21.1757071,106.0712364
cong_vien,way/1174779033,,21.1745504,106.0752773
cong_vien,way/1175724557,,21.0562242,105.8726677
cong_vien,way/1175724558,Công viên Ngọc Thụy,21.0584947,105.8728589
cong_vien,way/1175814553,Vườn hoa Tông Đản,21.1934503,106.0650162
cong_vien,way/1175814554,,21.1930839,106.0629305
cong_vien,way/1175814568,,21.1943605,106.0719888
cong_vien,way/1175814569,,21.1942453,106.0680928
cong_vien,way/1175934359,,21.0659994,105.8754593
cong_vien,way/1175934361,,21.0666815,105.8751893
cong_vien,way/1175934383,,21.0644948,105.8760647
cong_vien,way/1180263386,,21.011821,105.939693
cong_vien,way/1181403222,,21.2849735,105.3739449
cong_vien,way/1182143661,,21.1760373,105.8433061
cong_vien,way/1182376980,Vườn hoa nhỏ Đền Lừ,20.9858203,105.8610108
cong_vien,way/1182376981,,20.9845933,105.8600882
cong_vien,way/1183291520,,21.3014685,105.6272008
cong_vien,way/1183291522,,21.3160401,105.6199013
cong_vien,way/1183313277,,21.315594,105.6081494
cong_vien,way/1183324312,,21.3015868,105.5661756
cong_vien,way/1183365401,,21.1160944,105.4929456
cong_vien,way/1183409650,,21.1346808,105.5087625
cong_vien,way/1185228308,,21.2942688,105.5771651
cong_vien,way/1185660447,,20.6431136,105.9294416
cong_vien,way/1185660448,,20.641315,105.9298989
cong_vien,way/1185727122,,21.1372011,105.8470382
cong_vien,way/1185901826,,21.1390453,105.8460853
cong_vien,way/1185901853,,21.1387877,105.852457
cong_vien,way/1185911643,,21.1410499,105.8521858
cong_vien,way/1185911644,,21.1429237,105.8520544
cong_vien,way/1187069843,,20.941931,106.0536244
cong_vien,way/1187069844,,20.9428875,106.055926
cong_vien,way/1187069845,,20.9435339,106.0545781
cong_vien,way/1187069846,,20.944266,106.0569288
cong_vien,way/1187069847,,20.9465157,106.0539773
cong_vien,way/1187069848,,20.9469266,106.0561956
cong_vien,way/1187726805,Vườn hoa Kim Quan,21.0580937,105.9014389
cong_vien,way/1188004485,Dự án cải tạo hồ Đầu Băng,21.0270502,105.8885658
cong_vien,way/1188004491,,21.0243581,105.8882335
cong_vien,way/1189163518,,21.1265284,105.6814763
cong_vien,way/1190841554,Vườn hoa Mai Phúc,21.0448072,105.9026106
cong_vien,way/1192418448,,21.1538065,105.4833213
cong_vien,way/1192418449,,21.1537892,105.483887
cong_vien,way/1192422199,,21.1534049,105.4832552
cong_vien,way/1192697425,,21.1977851,105.3311379
cong_vien,way/1192699945,,21.1981805,105.3316047
cong_vien,way/1192699946,,21.1980801,105.3313873
cong_vien,way/1192707046,,21.1993542,105.3359006
cong_vien,way/1193076353,,21.2954284,105.4381257
cong_vien,way/1193271501,,21.1213786,105.4435881
cong_vien,way/1193320940,,21.0244291,105.4654223
cong_vien,way/1193320942,,21.0253289,105.4647107
cong_vien,way/1193593572,,21.1150322,105.4363498
cong_vien,way/1193593586,,21.1149774,105.4375601
cong_vien,way/1193781063,Công viên Thành cổ Sơn Tây,21.1398413,105.5057449
cong_vien,way/1193884926,,20.5257824,105.9060038
cong_vien,way/1193903479,,21.1147444,105.3989882
cong_vien,way/1194208984,,21.2209705,105.5171416
cong_vien,way/1194836328,,20.9973582,105.9443409
cong_vien,way/1196108668,,21.0358352,105.8369115
cong_vien,way/1196108669,,21.0354349,105.8367921
cong_vien,way/1196108670,,21.0354027,105.8370593
cong_vien,way/1196108671,,21.0355432,105.8373256
cong_vien,way/1196108672,,21.0358284,105.8373847
cong_vien,way/1196108674,,21.0357711,105.8377811
cong_vien,way/1196688060,,21.0291702,105.7941967
cong_vien,way/1196731931,,21.0063494,105.8557833
cong_vien,way/1196731932,,21.0041518,105.8565321
cong_vien,way/1196731954,,21.0066383,105.737736
cong_vien,way/1197414131,,20.9693508,105.9082609
cong_vien,way/1197730142,,21.0247,105.8467301
cong_vien,way/1197730143,,21.0245279,105.8471833
cong_vien,way/1198061249,,21.0099344,105.7691732
cong_vien,way/1198061250,,21.0087932,105.7687126
cong_vien,way/1199769968,,21.2886625,105.402191
cong_vien,way/1199780837,,21.2891285,105.4015391
cong_vien,way/1199780842,,21.2891464,105.4011056
cong_vien,way/1199780844,,21.28927,105.4009473
cong_vien,way/1199780846,,21.2894494,105.400503
cong_vien,way/1199780857,,21.289322,105.4001907
cong_vien,way/1199780858,,21.2895536,105.400019
cong_vien,way/1199782686,,21.2896174,105.3996217
cong_vien,way/1199782695,,21.2897302,105.3991911
cong_vien,way/1199782697,,21.2896069,105.3987927
cong_vien,way/1199796071,,21.2898395,105.398819
cong_vien,way/1199796073,,21.2898808,105.3986707
cong_vien,way/1199796075,,21.2899332,105.3983755
cong_vien,way/1199798578,,21.2888784,105.3967338
cong_vien,way/1199798579,,21.2884744,105.396366
cong_vien,way/1199896439,,21.2882907,105.4020764
cong_vien,way/1199896446,,21.2880813,105.4020012
cong_vien,way/1199896447,,21.2878341,105.4015862
cong_vien,way/1199896450,,21.2875713,105.4014234
cong_vien,way/1199896451,,21.2876925,105.4011921
cong_vien,way/1199896452,,21.2874102,105.401213
cong_vien,way/1199896453,,21.2871615,105.4009985
cong_vien,way/1199897055,,21.2869984,105.4007281
cong_vien,way/1199897057,,21.2869187,105.4005678
cong_vien,way/1199898742,,21.2884438,105.4014969
cong_vien,way/1200043606,,21.2896789,105.3853707
cong_vien,way/1200043610,,21.2886679,105.3994291
cong_vien,way/1200043614,,21.2892315,105.3997625
cong_vien,way/1200048312,,21.2877233,105.4006808
cong_vien,way/1200048316,,21.2879437,105.4009842
cong_vien,way/1200048319,,21.2880986,105.4014386
cong_vien,way/1200049676,,21.2878375,105.3975093
cong_vien,way/1200049680,,21.2883814,105.3975013
cong_vien,way/1200051509,,21.2889294,105.4006934
cong_vien,way/1200056610,,21.2886547,105.4002082
cong_vien,way/1200056611,,21.2883634,105.4007305
cong_vien,way/1200056614,,21.2877491,105.3995169
cong_vien,way/1200056618,,21.2881025,105.4001895
cong_vien,way/1200056619,,21.2884695,105.399907
cong_vien,way/1200612903,,21.2888094,105.4014772
cong_vien,way/1200612908,,21.2894164,105.4007556
cong_vien,way/1200612910,,21.2892963,105.4006817
cong_vien,way/1200618673,,21.2880023,105.4018911
cong_vien,way/1201005347,,21.288238,105.4012544
cong_vien,way/1201007320,,21.2881182,105.4017735
cong_vien,way/1201833133,,21.2882981,105.4079811
cong_vien,way/1201833137,,21.2877438,105.4106807
cong_vien,way/1201833138,,21.2876083,105.4110666
cong_vien,way/1202245897,,21.1852587,105.3077627
cong_vien,way/1202245899,,21.1849799,105.3073933
cong_vien,way/1202551534,,21.1955257,105.3261625
cong_vien,way/1202570019,,21.1885923,105.3415928
cong_vien,way/1205244309,,20.9956175,105.8670035
cong_vien,way/1206082740,,21.0726024,105.7108553
cong_vien,way/1209822359,Công viên - Bãi xe ngầm Mễ Trì Hạ,21.0139448,105.781639
cong_vien,way/1210089640,,21.0688204,105.8118677
cong_vien,way/1210236626,,21.0482436,105.784296
cong_vien,way/1210236629,,21.0489018,105.7843085
cong_vien,way/1210984005,Vườn hoa 1-6,21.0164554,105.8273126
cong_vien,way/1211556646,Công viên Hồ Xã Đàn,21.0127166,105.8308662
cong_vien,way/1211734383,,21.3162858,105.6014162
cong_vien,way/1211734384,,21.3155961,105.6011627
cong_vien,way/1212182621,,21.1532987,105.8953207
cong_vien,way/1213750915,,21.3034228,105.5671518
cong_vien,way/1213750916,,21.3028783,105.5690953
cong_vien,way/1213750917,,21.3020435,105.5680983
cong_vien,way/1213883583,,21.0515568,105.8074528
cong_vien,way/1215489700,Vườn hoa Trạm,21.0260345,105.8928088
cong_vien,way/1216054922,,21.035929,105.8343848
cong_vien,way/1216804010,,21.0272302,105.8929694
cong_vien,way/1217694029,,21.0258528,105.785235
cong_vien,way/1217694030,,21.0256511,105.7847055
cong_vien,way/1217694031,,21.0247792,105.7850649
cong_vien,way/1217694043,,21.0225614,105.7875336
cong_vien,way/1217933369,Vườn hoa Lâm Hạ,21.0408478,105.8817488
cong_vien,way/1218806900,,21.0087897,105.5373867
cong_vien,way/1218848971,Ánh Dương Garden,21.068044,105.886591
cong_vien,way/1219054785,,21.0366343,105.8344655
cong_vien,way/1219054792,,21.037012,105.8345446
cong_vien,way/1219524617,,21.035257,105.8258407
cong_vien,way/1220021925,,21.0297527,105.8533738
cong_vien,way/1220299383,,21.0268982,105.8522694
cong_vien,way/1222286377,,21.0292537,105.958504
cong_vien,way/1222467960,,20.9942884,105.9398096
cong_vien,way/1222467980,,20.9922898,105.9402728
cong_vien,way/1222468025,,20.9967086,105.9438076
cong_vien,way/1223137470,,20.9942795,105.9443476
cong_vien,way/1223169237,,20.9940891,105.9560367
cong_vien,way/1223169238,Ngoc Trai Lake-San Ho Park,20.9912806,105.949798
cong_vien,way/1223169255,,20.9951121,105.9491521
cong_vien,way/1223384698,Tonkin's park,20.9973654,105.7388959
cong_vien,way/1223408391,,20.9971984,105.9457708
cong_vien,way/1223490916,,20.9989,105.9483399
cong_vien,way/1223490974,Bien Ho Park,21.0000855,105.9482202
cong_vien,way/1223678132,,20.9999305,105.9429703
cong_vien,way/1223996604,,21.1118006,105.8303353
cong_vien,way/1224032232,,20.9916249,105.9470772
cong_vien,way/1224032281,,20.9898539,105.9503366
cong_vien,way/1224486078,Vườn Hồng,20.9878996,105.9430699
cong_vien,way/1224486089,,20.9882798,105.9439995
cong_vien,way/1224486090,,20.9879587,105.9445475
cong_vien,way/1225005148,,21.3528448,105.9808367
cong_vien,way/1225005149,,21.3520355,105.9815997
cong_vien,way/1225005151,,21.3501245,105.9820033
cong_vien,way/1226672997,,20.9970976,105.9560222
cong_vien,way/1228401032,,20.9626218,105.800912
cong_vien,way/1228551913,Công viên Ngô Miễn Thiệu,21.1834857,106.0679564
cong_vien,way/1228784727,,21.0063803,105.7339859
cong_vien,way/1228803820,,21.0076203,105.7307851
cong_vien,way/1229451578,,21.0101486,105.7702775
cong_vien,way/1229858803,,21.0025033,105.8311161
cong_vien,way/1231837152,,21.0129181,105.9462509
cong_vien,way/1234036437,Music Garden,21.023846,105.8577411
cong_vien,way/1234036438,,21.0244738,105.8579702
cong_vien,way/1235836330,,20.6543655,106.0713226
cong_vien,way/1242858120,,21.0447929,105.7838493
cong_vien,way/1245420965,,21.0235634,105.7763588
cong_vien,way/1248970095,Vườn thực vật,21.0400082,105.7855966
cong_vien,way/1250193564,Vườn hoa Đàn Nam,21.0108471,105.8500103
cong_vien,way/1250726826,,21.0306278,105.9081724
cong_vien,way/1250726827,,21.030952,105.9085324
cong_vien,way/1251537900,,21.0644796,105.915195
cong_vien,way/1251887323,,21.0595868,105.9156249
cong_vien,way/1253839879,Công viên hồ Cần,20.9966886,105.8753215
cong_vien,way/1253894207,,21.0036897,105.8417353
cong_vien,way/1253894208,,21.003745,105.8418573
cong_vien,way/1253894209,,21.0036905,105.8417964
cong_vien,way/1253894210,,21.003682,105.841963
cong_vien,way/1253905584,Khu cảnh quan,21.018929,105.9336867
cong_vien,way/1255921541,,21.039189,105.8468914
cong_vien,way/1256790914,Công viên Tam Lư,21.1237446,105.9757766
cong_vien,way/1256790915,Công viên Tam Lư,21.1230746,105.9763919
cong_vien,way/1256790917,,21.1234211,105.9747494
cong_vien,way/1256790921,,21.121344,105.9743705
cong_vien,way/1257492050,Sân betong bóng rổ + đá bóng mini,20.9620552,105.8019076
cong_vien,way/1258166110,Trung tâm sinh thái giáo dục V-Eco,21.0159872,105.9304332
cong_vien,way/1258677284,,21.0152496,105.9328496
cong_vien,way/1258677285,,21.0152466,105.9328116
cong_vien,way/1258677286,,21.0142428,105.9327803
cong_vien,way/1258677287,,21.0142233,105.9328272
cong_vien,way/1258677288,,21.0169321,105.9325936
cong_vien,way/1258677289,,21.0165551,105.9325708
cong_vien,way/1259106184,,21.0151103,105.9274822
cong_vien,way/1259638510,,21.1930019,105.7240805
cong_vien,way/1259638511,,21.1909515,105.722307
cong_vien,way/1271711426,,20.9972057,105.8549911
cong_vien,way/1276084633,,21.293058,105.5821226
cong_vien,way/1276674298,,20.967377,105.8248019
cong_vien,way/1276674299,,20.9662629,105.8237166
cong_vien,way/1276674300,,20.9638285,105.8247633
cong_vien,way/1277765302,,20.9495657,105.7897202
cong_vien,way/1277765303,,20.947939,105.7911324
cong_vien,way/1277765304,,20.947635,105.7920558
cong_vien,way/1277765305,,20.9490479,105.7894903
cong_vien,way/1277765306,,20.9468942,105.7909342
cong_vien,way/1277766296,,20.9461845,105.7911493
cong_vien,way/1278002275,,20.9942391,105.733155
cong_vien,way/1278372814,,20.6658295,106.0636576
cong_vien,way/1278680461,,21.3159694,105.6835353
cong_vien,way/1278806798,,21.061963,105.9345824
cong_vien,way/1279360038,,20.6579593,106.0515042
cong_vien,way/1279360039,,20.6559285,106.0513853
cong_vien,way/1289605166,Vườn hoa Công đoàn,21.0100785,105.8251991
cong_vien,way/1289684531,,21.040179,105.8336276
cong_vien,way/1289684535,,21.0404186,105.8345865
cong_vien,way/1289684538,,21.0414303,105.8358566
cong_vien,way/1289793407,,21.0372564,105.8328398
cong_vien,way/1289799540,,21.0370572,105.8340038
cong_vien,way/1289824618,,21.0357775,105.8334872
cong_vien,way/1289825163,,21.0359051,105.833378
cong_vien,way/1289832769,,21.0415295,105.8355715
cong_vien,way/1290165279,,21.0381676,105.8329112
cong_vien,way/1290167945,Vườn hoa Hoàng Văn Thụ,21.0386837,105.8394833
cong_vien,way/1290167956,,21.0408563,105.8365189
cong_vien,way/1290167957,,21.0406555,105.8364787
cong_vien,way/1291683335,,21.0675627,105.7078353
cong_vien,way/1292544276,Công viên Ba Mẫu,21.0125196,105.8401129
cong_vien,way/1292544286,Vườn hoa Hàng Vôi,21.0292528,105.8567293
cong_vien,way/1293662174,,21.1901787,106.0611967
cong_vien,way/1294623751,,21.1906115,106.0602435
cong_vien,way/1295967064,,20.9985854,105.953488
cong_vien,way/1296634546,,21.0339309,106.0749438
cong_vien,way/1301799743,,21.0335656,105.8341834
cong_vien,way/1302031826,,21.0320897,105.8220238
cong_vien,way/1302160236,,21.0340201,105.8417356
cong_vien,way/1302521021,,21.0349384,105.8341791
cong_vien,way/1302807416,,21.0396988,105.839442
cong_vien,way/1303095703,,21.0420606,105.8215011
cong_vien,way/1303095705,,21.0410803,105.82212
cong_vien,way/1303095706,,21.0414726,105.82231
cong_vien,way/1303107850,,21.0401114,105.8217972
cong_vien,way/1303107851,,21.0393818,105.8217993
cong_vien,way/1303107852,,21.0394309,105.8214707
cong_vien,way/1303883233,Khu Di tích Phủ Chủ tịch,21.038885,105.8342753
cong_vien,way/1304386629,Khu khảo cổ học 18 Hoàng Diệu,21.0375274,105.8382325
cong_vien,way/1304796989,,21.030997,105.8405915
cong_vien,way/1305674693,,21.0321613,105.8416996
cong_vien,way/1305895368,Vườn hoa Kính Thiên,21.0350765,105.8379074
cong_vien,way/1307631429,Vườn hoa Nghè Ngô,21.0149182,105.9054356
cong_vien,way/1307642369,,21.019108,105.9069972
cong_vien,way/1307642370,,21.0197786,105.9070421
cong_vien,way/1311727644,,21.0101475,105.9482213
cong_vien,way/1315344013,,21.0316839,105.8290562
cong_vien,way/1315473371,,21.0201517,105.9053958
cong_vien,way/1315473372,,21.0201999,105.9060142
cong_vien,way/1315473373,,21.0202297,105.9069073
cong_vien,way/1317382716,Vườn Hoa 8 Khả Lễ,21.1644713,106.0526599
cong_vien,way/1320956049,,21.000061,105.7387128
cong_vien,way/1325573594,,21.0580118,105.911749
cong_vien,way/1326230608,Vườn hoa Phúc Lợi,21.054476,105.9197634
cong_vien,way/1327204797,Landmark72 Garden,21.0178763,105.7842265
cong_vien,way/1328191505,,21.2022349,105.9839964
cong_vien,way/1328191514,,21.2025169,105.9821165
cong_vien,way/1328191516,,21.2010597,105.9873393
cong_vien,way/1328191542,,21.1997152,105.9920939
cong_vien,way/1328336046,,21.0067204,105.7696356
cong_vien,way/1329107944,,21.1480629,106.0676414
cong_vien,way/1329107945,,21.1486987,106.0707715
cong_vien,way/1329665512,Công viên VSIP,21.0763064,105.9672033
cong_vien,way/1329665972,,21.0760649,105.9071771
cong_vien,way/1330580682,,20.6364726,105.9290223
cong_vien,way/1330805028,,21.1804814,106.0712168
cong_vien,way/1330805052,,21.1849292,106.0659246
cong_vien,way/1330809385,,21.1868776,106.0424157
cong_vien,way/1330856849,,21.1906248,106.0496356
cong_vien,way/1330856852,,21.189772,106.05245
cong_vien,way/1330856853,,21.1892905,106.0530234
cong_vien,way/1330926081,Công Viên Hữu Nghị Quốc Tế,21.1677353,106.0690857
cong_vien,way/1331423727,,21.1604005,106.0530677
cong_vien,way/1331423728,,21.1604133,106.0521921
cong_vien,way/1331423729,Vườn Hoa 10 Khả Lễ,21.1636271,106.0541288
cong_vien,way/1331423732,,21.1678993,106.0546707
cong_vien,way/1331423748,,21.1607955,106.0531555
cong_vien,way/1331431158,,21.2272899,105.9350037
cong_vien,way/1331431228,,21.2265735,105.9366724
cong_vien,way/1331431229,,21.2257636,105.9352928
cong_vien,way/1331911535,,21.2198957,106.0256895
cong_vien,way/1331911547,,21.217655,106.0017203
cong_vien,way/1331911550,,21.2042133,106.0058437
cong_vien,way/1332750213,,21.2126781,106.0513459
cong_vien,way/1333760607,Vườn hoa Mẫn Xá,21.1957345,105.9870455
cong_vien,way/1334384115,,21.1923527,106.078092
cong_vien,way/1334680117,,21.191177,106.0675766
cong_vien,way/1337578715,The Matrix One Private Park,21.0093608,105.7743705
cong_vien,way/1338625622,,21.1714812,106.0742159
cong_vien,way/1338891346,,21.1576139,106.0582026
cong_vien,way/1338971449,,21.1520117,106.0635031
cong_vien,way/1338976362,,21.1682377,106.0652656
cong_vien,way/1339401945,,20.946867,105.9346398
cong_vien,way/1340717459,,20.998442,105.904433
cong_vien,way/1341826764,Công viên Khu phố Hưng Phúc,21.1386927,105.9900411
cong_vien,way/1344686062,Công Viên Cao Đức Vạn An,21.194034,106.0512931
cong_vien,way/1346552356,,21.1898094,106.0486122
cong_vien,way/1348666928,,21.1838701,106.0653138
cong_vien,way/1351157610,Vườn hoa phường Thượng Thanh,21.0667475,105.8963591
cong_vien,way/1351157615,,21.0706636,105.9087173
cong_vien,way/1355347339,,20.5588506,106.0339207
cong_vien,way/1359824052,Quảng trường ASEAN,21.0224872,105.8062935
cong_vien,way/1365437934,Sân chơi khu đô thị Tân Tây Đô,21.0742571,105.7015252
cong_vien,way/1366613724,,21.1879891,106.0766609
cong_vien,way/1368360537,,21.078874,105.8361081
cong_vien,way/1369675350,,21.1637273,106.0650945
cong_vien,way/1369675351,,21.1702695,106.0650839
cong_vien,way/1369675352,,21.1692193,106.0648602
cong_vien,way/1370492448,Công viên Nguyễn Đăng Sở,21.1771975,106.055982
cong_vien,way/1370501858,,21.1686921,106.0515749
cong_vien,way/1370518266,,21.0556733,105.8216364
cong_vien,way/1370518272,,21.0624397,105.8210665
cong_vien,way/1371198516,,21.1849244,106.0637646
cong_vien,way/1371658512,Vườn hoa,20.9820584,105.7439616
cong_vien,way/1371659811,,20.9812492,105.7398418
cong_vien,way/1378364890,,21.1618243,106.0501535
cong_vien,way/1380858823,,21.1620588,106.0420513
cong_vien,way/1382947513,,21.1903749,105.9921366
cong_vien,way/1383787935,,21.1609958,106.0628861
cong_vien,way/1386019887,Công viên hồ điều hoà Duệ Đông,21.1384535,106.0181104
cong_vien,way/1386623789,,21.0905131,105.9431274
cong_vien,way/1386623790,,21.0905006,105.9436341
cong_vien,way/1386623830,,21.0894794,105.9407573
cong_vien,way/1387326083,,21.0715929,105.9716645
cong_vien,way/1387326084,,21.0745721,105.9730038
cong_vien,way/1388476380,,21.1669762,105.2834948
cong_vien,way/1388795038,,21.0763352,105.9769874
cong_vien,way/1389446679,,20.8672949,105.8655319
cong_vien,way/1389555870,,21.2368399,105.8317092
cong_vien,way/1390007834,,21.0943001,105.7748316
cong_vien,way/1394470329,,21.0117506,105.5325608
cong_vien,way/1394470330,,21.0101626,105.5295892
cong_vien,way/1394470342,,21.0110176,105.5302554
cong_vien,way/1394892367,,21.0817379,105.963177
cong_vien,way/1394892368,,21.0824815,105.9630146
cong_vien,way/1394916031,,21.0809709,105.9632871
cong_vien,way/1408329299,,21.1953607,106.0633416
cong_vien,way/1408329300,,21.1891974,106.0637494
cong_vien,way/1410876631,Công viên Gia Lâm,21.0116526,105.9431799
cong_vien,way/1412509585,Center Musical Park,21.0250486,105.729538
cong_vien,way/1414416018,,21.1557525,106.0374611
cong_vien,way/1415423711,,21.1838399,106.0655221
cong_vien,way/1416023341,,21.1746179,106.0527826
cong_vien,way/1416330430,Vườn hoa Thường Tín,20.8737562,105.8589785
cong_vien,way/1419194460,,21.1284279,105.9643665
cong_vien,way/1419424145,,20.9797082,105.9570645
cong_vien,way/1419551833,,21.1113574,105.9548349
cong_vien,way/1420972085,,21.0480118,106.0280343
cong_vien,way/1421766763,,21.0663932,105.8813362
cong_vien,way/1422856210,,21.1110023,105.9549924
cong_vien,way/1423063986,,21.1093973,105.9478991
cong_vien,way/1423063987,,21.1075636,105.9447052
cong_vien,way/1423334526,,21.1404079,106.0160207
cong_vien,way/1424410345,,21.0332423,105.9415211
cong_vien,way/1427339354,,21.1609672,106.0408764
cong_vien,way/1429017730,Bãi Lăng,20.9865954,106.0426154
cong_vien,way/1429205645,Sân Bóng Đông Mai,20.9909451,106.0546486
cong_vien,way/1430301779,,21.1212469,106.0787253
cong_vien,way/1430318948,,21.130192,106.0618866
cong_vien,way/1431670325,Đài tưởng niệm Anh hùng Liệt sĩ phường Tiên Du,21.1387422,106.0210601
cong_vien,way/1433034842,Vườn hoa Nguyễn Văn Cừ,21.1816223,106.0568014
cong_vien,way/1433951301,,21.1847672,105.9542533
cong_vien,way/1435144916,,21.1993454,105.9499422
cong_vien,way/1435347654,,21.1985398,105.9490411
cong_vien,way/1435347655,,21.1983986,105.9505765
cong_vien,way/1435347656,,21.1984574,105.9498506
cong_vien,way/1444241100,Vườn hoa Học viện Ngân Hàng,21.0090835,105.8288524
cong_vien,way/1444241101,,21.0098749,105.8292555
cong_vien,way/1445697717,,20.9279189,105.946994
cong_vien,way/1446455180,Công Viên Hoa Hồng,21.095394,105.856518
cong_vien,way/1446455181,Công Viên Thiên Nga,21.0978316,105.8542622
cong_vien,way/1446781469,Công Viên Ngọc Trai,21.0916033,105.8544975
cong_vien,way/1446967923,Công Viên Boutique Park,21.1007275,105.8586333
cong_vien,way/1446967932,Công Viên Ven Hồ,21.0956056,105.8617737
cong_vien,way/1446967948,Công Viên The Indochine Park,21.0905325,105.8668245
cong_vien,way/1448334430,,20.9298954,105.9558573
cong_vien,way/1448372271,,20.9370647,105.9539332
cong_vien,way/1448372272,,20.9374124,105.9542744
cong_vien,way/1448372273,,20.9374676,105.9557387
cong_vien,way/1448372279,,20.9372129,105.9528448
cong_vien,way/1448372280,,20.93915,105.9546208
cong_vien,way/1448372282,,20.9373979,105.9516503
cong_vien,way/1448583968,,20.9294333,105.955085
cong_vien,way/1448583969,,20.9299245,105.9547111
cong_vien,way/1449258911,,21.0520786,105.8747669
cong_vien,way/1449286634,,20.9298947,105.9598536
cong_vien,way/1449384945,,20.9296553,105.9617566
cong_vien,way/1451722446,Lãng Garden,21.0695097,105.8781073
cong_vien,way/1451727983,,21.0614196,105.8372884
cong_vien,way/1453112342,,21.2062979,105.9944648
cong_vien,way/1453112354,,21.2073172,105.9931955
cong_vien,way/1453329154,Công viên cây xanh Viện Nhiệt Đới,21.1311398,105.774895
cong_vien,way/1453331761,,21.1646267,105.7821769
cong_vien,way/1453522513,Công Viên Royal Park,21.0980901,105.8604077
cong_vien,way/1453522526,,21.0977671,105.8583374
cong_vien,way/1453522527,,21.0959543,105.8600168
cong_vien,way/1453522531,Công viên xứ sở thần tiên,21.0930364,105.8587304
cong_vien,way/1453524272,Công Viên Rainbow Park,21.0978558,105.8620419
cong_vien,way/1453735878,Công Viên Tropical Oasis Park,21.0925181,105.8749985
cong_vien,way/1454600982,Công viên Nỏ Thần,21.0882141,105.8647828
cong_vien,way/1454600983,,21.0847798,105.8605601
cong_vien,way/1454689913,,21.1033916,106.0487208
cong_vien,way/1454932186,,21.1283247,105.949128
cong_vien,way/1454932196,,21.1457999,105.928523
cong_vien,way/1455095013,Công viên Chợ xanh Văn Quán,20.9725627,105.7900287
cong_vien,way/1455198295,,21.1368909,105.9505837
cong_vien,way/1455482612,Công viên Bắc Từ Sơn,21.1194672,105.9767405
cong_vien,way/1455700129,,20.9455626,105.9730013
cong_vien,way/1456180165,,20.9432107,105.9831374
cong_vien,way/1456183658,,20.9418909,105.9894816
cong_vien,way/1456418654,Công viên Kỷ niệm 70 năm Giải phóng Thủ đô,20.9589818,105.8318508
cong_vien,way/1456525703,,21.1014644,105.9644878
cong_vien,way/1456607615,Công viên 29/12,21.3093832,105.595487
cong_vien,way/1456626332,,21.0134311,105.9407143
cong_vien,way/1456626333,,21.0135659,105.9408349
cong_vien,way/1456634512,,20.9383769,105.973043
cong_vien,way/1456635962,,21.0120386,105.9331215
cong_vien,way/1456643262,,21.1639496,105.7110364
cong_vien,way/1456818535,,20.9477469,105.9679868
cong_vien,way/1456858085,,20.9766559,105.7395319
cong_vien,way/1456859393,,20.9793014,105.7390492
cong_vien,way/1456862254,,20.983887,105.7381774
cong_vien,way/1456907343,,21.3633238,105.3146634
cong_vien,way/1457067140,,20.9450281,105.9692931
cong_vien,way/1457174738,,21.087589,105.9666795
cong_vien,way/1457718216,,21.1259077,105.685311
cong_vien,way/1458245319,,21.0907391,105.8555951
cong_vien,way/1458245321,,21.0940874,105.8597295
cong_vien,way/1458358677,Công Viên Ven Hồ,21.0967147,105.8631087
cong_vien,way/1458719959,Công Viên Hồ Đồng Cận,21.3215308,105.3992406
cong_vien,way/1459880753,,21.0945933,105.8627244
cong_vien,way/1459891788,Công Viên Tàm Xá,21.1129246,105.842183
cong_vien,way/1460069848,,21.1844363,105.8418024
cong_vien,way/1460069853,,21.1764105,105.8457198
cong_vien,way/1460189327,,20.9751268,105.7887665
cong_vien,way/1460190082,,20.9722729,105.7891091
cong_vien,way/1460190422,,20.9772749,105.7886703
cong_vien,way/1460190471,Vườn hoa,20.9741571,105.746787
cong_vien,way/1460319955,Liên Hoa Viên,21.1126859,105.8701473
cong_vien,way/1460503783,,20.9541619,105.9770678
cong_vien,way/1461489510,,20.9877921,105.7444949
cong_vien,way/1461508562,Vườn hoa,20.9865343,105.7466991
cong_vien,way/1461514366,,20.9781239,105.7426925
cong_vien,way/1462024258,,20.8539974,105.8562201
cong_vien,way/1462024273,,20.8541614,105.8558693
cong_vien,way/1462252237,,20.857326,105.8676726
cong_vien,way/1462254744,,20.8542171,105.8573363
cong_vien,way/1462254745,,20.8543204,105.8574189
cong_vien,way/1462254746,,20.8543817,105.8571674
cong_vien,way/1462254747,,20.854041,105.8582416
cong_vien,way/1462254748,,20.8531226,105.8588616
cong_vien,way/1462254749,,20.8549718,105.8576038
cong_vien,way/1462804115,,21.1114269,105.8461098
cong_vien,way/1462823681,,20.8562387,105.8539859
cong_vien,way/1462854557,,21.1055698,106.0007696
cong_vien,way/1462920019,Công viên Xuân Trạch,21.080987,105.8544369
cong_vien,way/1462920035,,21.0797096,105.8498075
cong_vien,way/1464402850,,21.0850196,105.8235488
cong_vien,way/1464525488,,20.9479838,105.9738883
cong_vien,way/1464859132,Vườn hoa chợ Nhớn,21.1806936,106.0644439
cong_vien,way/1465114039,Nắng Sông Hồng,21.026556,105.8709488
cong_vien,way/1465114043,Nông Trại Vui Vẻ - Phùng Gia Trang,21.0225931,105.8743965
cong_vien,way/1465123147,,21.1099866,105.8437134
cong_vien,way/1465123428,Công viên Nhà văn hóa Thiếu nhi phường Vệ An,21.1851372,106.0620333
cong_vien,way/1465241542,,20.9447106,105.975467
cong_vien,way/1465390658,Công Viên Xóm Hậu,21.1295414,105.8845907
cong_vien,way/1465502916,,20.9510581,105.978341
cong_vien,way/1465506363,,20.9457077,105.9808845
cong_vien,way/1465630298,,21.1736406,106.0551074
cong_vien,way/1466038026,,20.8796697,105.8646667
cong_vien,way/1466464548,,20.941522,105.9709794
cong_vien,way/1466543106,,21.0886109,105.9113746
cong_vien,way/1466698759,,21.1535402,105.8937456
cong_vien,way/1466698764,,21.1540449,105.8902595
cong_vien,way/1466698765,,21.1518491,105.8877907
cong_vien,way/1466703317,,21.1365736,105.9008608
cong_vien,way/1466965211,,20.9447211,105.9869956
cong_vien,way/1468772528,,21.1803516,106.0627275
cong_vien,way/1468772529,,21.1790564,106.0635871
cong_vien,way/1468772530,,21.1789125,106.0634015
cong_vien,way/1469792457,,21.0553509,105.8830352
cong_vien,way/1469824381,,21.1819128,106.0682642
cong_vien,way/1469974005,,20.8705459,105.8499034
cong_vien,way/1470178462,,21.0948899,105.8661848
cong_vien,way/1470908225,Landscape 68 - Rừng trong phố,21.0488474,105.86937
cong_vien,way/1472559887,Công viên KĐT Đồng Tàu,20.9707947,105.8488076
cong_vien,way/1472559893,Vườn hoa Đăng Phương,20.9719021,105.8468323
cong_vien,way/1472559894,Công viên Cổng Trường Tiểu học Thịnh Liệt,20.9714142,105.8479195
cong_vien,way/1474138678,Bến hoa Phúc xá,21.0426469,105.8535354
cong_vien,way/1474141780,Đông Trù Riverside,21.0718012,105.8762261
cong_vien,way/1474408316,,20.9572851,105.9812879
cong_vien,way/1474899179,,21.0539599,105.888084
cong_vien,way/1475055077,,21.1854333,106.0634027
cong_vien,way/1475055085,,21.1944485,106.0577983
cong_vien,way/1475055087,,21.1956528,106.0569155
cong_vien,way/1475055095,Vườn hoa Khả Lễ,21.162179,106.0545721
cong_vien,way/1475181266,,21.2052082,105.9983337
cong_vien,way/1475234622,,21.0033629,105.9441202
cong_vien,way/1475571254,,20.9454442,106.0007421
cong_vien,way/1475596407,,21.1888204,106.0622733
cong_vien,way/1476191189,,20.9816138,105.9908546
cong_vien,way/1476200846,,20.9782204,105.9861753
cong_vien,way/1476211985,,21.1786916,105.9292443
cong_vien,way/1478725396,,21.1819226,106.053297
cong_vien,way/1478725397,,21.1816746,106.0536327
cong_vien,way/1478725398,,21.1811281,106.0530952
cong_vien,way/1478877791,,21.1488137,105.9250338
cong_vien,way/1479289989,Công viên cây xanh Lạc Hồng,20.9905803,105.8266641
cong_vien,way/1481981858,Vườn hoa F3,20.9724211,105.8367449
cong_vien,way/1482469297,,20.9706719,105.8289218
cong_vien,way/1484998127,,21.1160414,105.9760577
cong_vien,way/1487546122,,21.1870332,106.076825
cong_vien,way/1487546123,,21.1867545,106.076586
cong_vien,way/1487546124,,21.1866989,106.0772915
cong_vien,way/1487546125,,21.1863941,106.0769582
cong_vien,way/1488809948,Vườn hoa Thi Sách,21.0142788,105.8545592
cong_vien,way/1489093261,,21.145979,106.0235426
cong_vien,way/1489093267,,21.1460952,106.02383
cong_vien,way/1489093278,,21.1709605,105.9413838
cong_vien,way/1490065646,,20.9618249,105.8642955
cong_vien,way/1490065648,,20.9610405,105.8633741
cong_vien,way/1490065651,,20.9598553,105.8643507
cong_vien,way/1490065652,,20.9606322,105.8633931
cong_vien,way/1490993002,,20.9672285,105.8359447
cong_vien,way/1491144409,,20.942983,105.9703999
cong_vien,way/1491680478,,20.973276,105.8743528
cong_vien,way/1492232022,,21.0962156,105.940265
cong_vien,way/1494338317,,21.1746881,106.0735669
cong_vien,way/1495355952,,20.9669418,105.8487181
cong_vien,way/1496770327,,21.0405472,105.8447833
cong_vien,way/1497238500,,21.0408511,105.8500451
cong_vien,way/1497520118,,21.0419811,105.8480522
cong_vien,way/1497589927,,21.0414187,105.845326
cong_vien,way/1497610114,,21.0496187,105.8398751
cong_vien,way/1497768390,,21.0397844,105.8439847
cong_vien,way/1497809395,,21.0420448,105.8479258
cong_vien,way/1498023650,Non bộ,21.0430345,105.8363941
cong_vien,way/1498101329,,21.0369909,105.8429266
cong_vien,way/1498128992,,21.042148,105.8377047
cong_vien,way/1498421971,,21.0328444,105.8159904
cong_vien,way/1498553982,,21.1906079,106.0597021
cong_vien,way/1498680726,,21.0350875,105.8331359
cong_vien,way/1498699592,,21.1424556,105.9451886
cong_vien,way/1500787605,,20.8542461,105.8568301
cong_vien,way/1500787624,,20.8546168,105.8559263
cong_vien,way/1500787633,,20.8541474,105.8569787
cong_vien,way/1500787634,,20.8540197,105.8573277
cong_vien,way/1500787658,,20.8542445,105.8578408
cong_vien,way/1500957158,,20.8551517,105.8579792
cong_vien,way/1500957220,,20.8520108,105.8583962
cong_vien,way/1500957221,,20.8518746,105.8584362
cong_vien,way/1500957222,,20.8525056,105.8584043
cong_vien,way/1501058499,,21.063604,105.9188023
cong_vien,way/1501058500,,21.0629409,105.9190239
cong_vien,way/1501058504,,21.0590216,105.919569
cong_vien,way/1501661549,,20.8525902,105.8572384
cong_vien,way/1501661573,,20.8525339,105.8587043
cong_vien,way/1501828383,,20.8660685,105.8623823
cong_vien,way/1501828384,,20.8665839,105.8623365
cong_vien,way/1501952825,,21.1420293,106.022821
cong_vien,way/1502502851,,20.853713,105.8579871
cong_vien,way/1502502852,,20.8538388,105.8581654
cong_vien,way/1502502857,,20.8548746,105.8578207
cong_vien,way/1502502861,,20.8530415,105.8609092
cong_vien,way/1502502896,,20.84813,105.8582526
cong_vien,way/1502833121,,20.8685136,105.8660059
cong_vien,way/1503615157,,20.8521,105.8588051
cong_vien,way/1504292391,,20.8531409,105.8579389
cong_vien,way/1504468787,Công viên Park Hill - Times City,20.991562,105.8683377
cong_vien,way/1504768241,,21.3670878,105.328919
cong_vien,way/1504807179,Vườn hoa ao cá Bác Hồ (Vĩnh Tuy),20.9951061,105.8730239
cong_vien,way/1505113128,,21.0166456,105.7184059
cong_vien,way/1505743253,,20.846794,105.8491537
cong_vien,way/1505743254,,20.8480734,105.8485707
cong_vien,way/1507372554,,21.0356026,105.7897741
cong_vien,way/1507388006,,21.0349051,105.790484
cong_vien,way/1507463641,,20.9855877,105.832839
cong_vien,way/1507532450,,21.0330339,105.784627
cong_vien,way/1507576680,,21.0340808,105.7861119
cong_vien,way/1507576690,,21.034322,105.7861875
cong_vien,way/1507593277,,21.0350132,105.7854582
cong_vien,way/1507593456,,21.0325784,105.7868708
cong_vien,way/1507621983,,20.9518917,105.8112779
cong_vien,way/1507957124,,21.0345826,105.8489601
cong_vien,way/1507957136,,21.0342164,105.8484042
cong_vien,way/1507992496,,21.0376893,105.8477224
cong_vien,way/1508138211,,21.1054394,105.9643743
cong_vien,way/1508138213,,21.1045802,105.9649731
cong_vien,way/1508160128,,21.1060409,105.9673485
cong_vien,way/1508698002,,21.0358625,105.8462866
cong_vien,way/1508725344,,21.032252,105.8454529
cong_vien,way/1508748833,,20.9646879,105.9668023
cong_vien,way/1508853228,,20.8354735,105.8542063
cong_vien,way/1508853264,,20.8476547,105.8579648
cong_vien,way/1508853265,,20.8473556,105.8575315
cong_vien,way/1508853266,,20.8458743,105.8586081
cong_vien,way/1508853303,,20.8425426,105.8684506
cong_vien,way/1509392982,,21.0385639,105.8373251
cong_vien,way/1509395636,,21.0367731,105.8390291
cong_vien,way/1509434841,,20.867685,105.8575144
cong_vien,way/1509434851,,20.8682693,105.8561799
cong_vien,way/1510310668,,20.9772545,105.8175285
cong_vien,way/1510319030,,20.9747856,105.822868
cong_vien,way/1510322144,Công viên The Manor,20.9734875,105.8147397
cong_vien,way/1510322146,Công viên The Manor,20.9718443,105.8136738
cong_vien,way/1510799234,,21.0395165,105.8475958
cong_vien,way/1510802054,Phố Sách Hà Nội,21.0249333,105.8478608
cong_vien,way/1511491224,Khu công viên sinh thái Vĩnh Hưng,20.9934103,105.8769207
cong_vien,way/1512039677,,20.867701,105.8547013
cong_vien,way/1513933089,,21.192741,105.7212663
cong_vien,way/1513933095,,21.1962682,105.7229104
cong_vien,way/1513933103,,21.1954599,105.7216368
cong_vien,way/1513933109,,21.1937418,105.7223199
cong_vien,way/1513933111,,21.1928845,105.7198585
cong_vien,way/1514726261,Sakura Park,21.0033796,105.7363787
cong_vien,way/1515459203,,20.8448226,105.8485368
cong_vien,way/1515459205,,20.8447206,105.8472719
cong_vien,way/1515459206,,20.8446098,105.8476036
cong_vien,way/1515459207,,20.8441378,105.8472902
cong_vien,way/1517469846,,20.8399782,105.8544281
cong_vien,way/1517605010,Nhật Quang Viên,20.5512921,105.7964594
cong_vien,way/1518302470,Vườn Cột Kinh,20.5540659,105.7969752
cong_vien,way/1519326479,Công viên,21.1857365,106.0709345
cong_vien,way/1519461148,,21.1846522,106.0645198
cong_vien,way/1520518894,,20.9502085,105.8789661
cong_vien,way/1520518902,,20.9445368,105.873273
cong_vien,way/1520518908,,20.9415296,105.8731168
cong_vien,way/1524503001,,20.9849197,105.8658966
cong_vien,way/1524710271,,21.0506518,105.9013317
cong_vien,way/1524880483,Vườn hoa Tây Trà,20.9778574,105.8835118
cong_vien,way/1525068279,,20.9752696,105.8826787
cong_vien,way/1527838474,,21.0174812,105.7998178
cong_vien,way/1530151890,Vườn nhiệt đới Feliz Homes,20.9889461,105.8595898
cong_vien,way/1533203887,Đài tưởng niệm Liệt sĩ phường Lĩnh Nam,20.9722132,105.8842288
cong_vien,way/1533203890,Công viên Cây xanh Ao Bồ Kết,20.9732216,105.8829704
cong_vien,way/1533485372,,20.9820517,105.8429081
cong_vien,way/1533860364,,20.9597612,105.8268327
cong_vien,way/1534190267,,20.6463821,106.060729
cong_vien,way/1534441588,,20.9875134,105.8424147
cong_vien,way/1534767485,,20.9635834,105.9766281
cong_vien,way/1538420579,,20.966727,105.8469488
cong_vien,way/1544005665,,20.9579311,105.8190559
cong_vien,way/1544005668,,20.9562304,105.8195629
cong_vien,way/1544005669,,20.9567464,105.8186756
cong_vien,way/1544980194,,21.2164994,105.5127376
cong_vien,way/1544980195,,21.2167071,105.5126416
cong_vien,way/1545335702,,21.2015504,105.9529982
cong_vien,way/1545335703,,21.2009197,105.9530654
cong_vien,way/1545335704,,21.2002142,105.9531161
cong_vien,way/1545335705,,21.2014887,105.950907
cong_vien,way/1545907814,,21.223884,105.9922021
cong_vien,way/1545907815,,21.2224165,105.9908805
cong_vien,way/1546287854,,20.9657712,105.7418163
cong_vien,way/1546289209,,21.1781491,105.8007316
cong_vien,way/1547651214,Công viên Đầm Sòi,20.9917354,105.8298683
cong_vien,way/1547846422,,21.1849983,106.064538
cong_vien,way/1547850942,,21.2163153,105.512891
cong_vien,way/1547927892,,20.9544224,105.8484961
cong_vien,way/1549287507,,21.0992781,105.6980065
cong_vien,way/1549287508,,21.0859472,105.711268
cong_vien,way/1549536845,,21.05015,105.7936218
cong_vien,way/1549949660,,21.1950073,106.0719799
cong_vien,way/1551956972,,21.0997762,105.7020693
metro_ga,node/291014382,Phú Thụy,21.0037497,105.962257
metro_ga,node/311473670,,20.8838252,105.909027
metro_ga,node/311473859,Bến Phà,20.784585,105.9252653
metro_ga,node/311714761,Yên Viên,21.0849376,105.9159171
metro_ga,node/312949392,Gia Lâm,21.0516399,105.8787541
metro_ga,node/420464593,,20.8122925,105.9151651
metro_ga,node/582845534,Đông Anh,21.1538329,105.8516744
metro_ga,node/1274537776,Thường Tín,20.8713287,105.8644324
metro_ga,node/1274538809,Đồng Văn,20.6390143,105.9188582
metro_ga,node/1858361494,Phúc Yên,21.2399921,105.7123388
metro_ga,node/2668984920,Bến Đò Sơn Tây,21.1544924,105.508305
metro_ga,node/2691963929,Lạc Đạo,20.9830586,106.0300544
metro_ga,node/2835735205,Thiên Trù,20.6188108,105.7451555
metro_ga,node/2835735206,Hương Tích,20.6135389,105.7352742
metro_ga,node/3558148992,Bến đò Thổ Hà,21.2014546,106.0414797
metro_ga,node/3558149194,Bến đò Vân Hà,21.2021473,106.04182
metro_ga,node/3567484771,Phú Diễn,21.0513008,105.764969
metro_ga,node/4272697291,Bến Xe Bus Mai Động,20.983329,105.8630539
metro_ga,node/4736612109,Bắc Ninh,21.1784838,106.0562047
metro_ga,node/4776795421,Bến đò Kim Lan,20.9698459,105.9017347
metro_ga,node/4911856102,Tiên Kiên,21.3666938,105.2930487
metro_ga,node/5965084639,Việt Trì,21.3004521,105.4321691
metro_ga,node/6017695869,Bến đò Văn Đức,20.9531475,105.8940831
metro_ga,node/6185888337,Bến xe Yên Viên,21.0941944,105.9253183
metro_ga,node/6397179891,Bến đò Lệ Chi,21.0697438,106.0057175
metro_ga,node/6400829235,,20.8865104,105.9151944
metro_ga,node/6411485933,,21.0058589,105.8167672
metro_ga,node/6418622225,Giáp Bát,20.9785715,105.8405631
metro_ga,node/6578472463,Bến phà Đông Xuyên,21.2243409,105.9718366
metro_ga,node/6578472464,Bến phà Đông Xuyên,21.2230251,105.9713802
metro_ga,node/7004672560,,20.7890089,105.9283547
metro_ga,node/7099689670,,21.1098426,105.7269018
metro_ga,node/7099701480,,21.1120622,105.7317996
metro_ga,node/7146444577,Phổ Yên,21.4112833,105.8767939
metro_ga,node/7150207236,Lim,21.1454734,106.0182672
metro_ga,node/7150211290,Từ Sơn,21.1201627,105.9625374
metro_ga,node/7152806801,Cổ Loa,21.1333403,105.8734367
metro_ga,node/7153164746,Vĩnh Yên,21.3093086,105.6012871
metro_ga,node/7153167519,Phủ Đức,21.3394943,105.3657675
metro_ga,node/7153174448,Phủ Lý,20.5406133,105.9130184
metro_ga,node/7620011664,Văn Điển,20.9444423,105.8441372
metro_ga,node/7790775356,Chợ Tía,20.8015235,105.8844708
metro_ga,node/7790775374,Phú Xuyên,20.7369029,105.9129335
metro_ga,node/7790892564,Bình Lục,20.4932952,105.9976028
metro_ga,node/7822861835,Bắc Hồng,21.1716764,105.8009591
metro_ga,node/7822861836,Thạch Lỗi,21.2011124,105.7496488
metro_ga,node/7822983841,Hương Canh,21.2810488,105.6471164
metro_ga,node/7822983842,Hướng Lại,21.2916801,105.5192944
metro_ga,node/7822983843,Bạch Hạc,21.290673,105.4635559
metro_ga,node/8280839245,Hà Đông,20.9530539,105.7605219
metro_ga,node/8324423396,Bến đò Văn Đức,20.9579836,105.8932729
metro_ga,node/8336655801,,20.878906,105.9171149
metro_ga,node/8340839249,Bến đò Tri Phương,21.0713892,106.0052973
metro_ga,node/8343976473,,20.8141984,105.9105769
metro_ga,node/8344339213,Bến Đò Chùa Thanh Sơn,20.6022187,105.7612086
metro_ga,node/8654523873,,20.8824442,105.9237492
metro_ga,node/8831670780,Bến Đò Đồng Bún,21.2306,106.0338299
metro_ga,node/8872792201,Bến Đò Lát Hạ,21.2310923,106.0350552
metro_ga,node/8929081499,,21.0196897,105.8249394
metro_ga,node/8929081500,,21.0195457,105.8252263
metro_ga,node/8929081505,,21.0147005,105.819329
metro_ga,node/8929081506,,21.0145163,105.8196181
metro_ga,node/8929105022,,21.0056879,105.8164375
metro_ga,node/8929105027,,20.9979614,105.8122178
metro_ga,node/8929105028,,20.9975411,105.8124683
metro_ga,node/8929105029,,20.9978693,105.8129575
metro_ga,node/8929105041,Cửa Tây Bắc,20.9921874,105.803686
metro_ga,node/8929105042,Cửa Đông Bắc,20.9924886,105.8042534
metro_ga,node/8929105043,Cửa Đông Nam,20.9921235,105.8045417
metro_ga,node/8929105044,Cửa Tây Nam,20.9916856,105.8040681
metro_ga,node/8929105049,,20.9840521,105.7924147
metro_ga,node/8929105050,,20.9837128,105.7926932
metro_ga,node/8929105051,,20.9840753,105.7931459
metro_ga,node/8929105056,,20.9778442,105.7846274
metro_ga,node/8929105057,,20.9774815,105.7841358
metro_ga,node/8929105058,,20.977541,105.7849703
metro_ga,node/8929105059,,20.9771362,105.7844762
metro_ga,node/8929105064,,20.9699294,105.7743605
metro_ga,node/8929105065,,20.9702618,105.7747662
metro_ga,node/8929105066,,20.9696423,105.7745727
metro_ga,node/8929105067,,20.9700787,105.7750959
metro_ga,node/8929105073,,20.9636122,105.7662515
metro_ga,node/8929105074,,20.963887,105.766611
metro_ga,node/8929105075,,20.9633501,105.7664214
metro_ga,node/8929105076,,20.9637029,105.7669054
metro_ga,node/8929105081,,20.9550197,105.755126
metro_ga,node/8929105082,,20.9556825,105.7559727
metro_ga,node/8929105083,,20.9550583,105.7557927
metro_ga,node/8929105084,,20.9553968,105.7562081
metro_ga,node/8929105094,Cửa Tây Nam,20.9495421,105.7477684
metro_ga,node/8929105095,Cửa Tây Bắc,20.9498627,105.7481905
metro_ga,node/8929105096,Cửa Đông Nam,20.9491949,105.7480435
metro_ga,node/8929105097,Cửa Đông Bắc,20.9495448,105.7484993
metro_ga,node/9516430620,Bến xe Phúc Yên,21.2315563,105.7067868
metro_ga,node/9532373947,,20.8290666,105.9095006
metro_ga,node/9532373955,,20.8312228,105.9132308
metro_ga,node/9532373959,,20.7831275,105.9503197
metro_ga,node/9532373965,,20.7802309,105.946756
metro_ga,node/9532373987,,20.7585567,105.9687624
metro_ga,node/9532373991,,20.7584716,105.9658753
metro_ga,node/10064559857,Bến đò Kim Lan,20.9689632,105.9059323
metro_ga,node/10116925900,,20.9979721,105.8121989
metro_ga,node/10148897565,,21.0199287,105.825049
metro_ga,node/10591128469,Thịnh Châu,20.5097097,105.8948991
metro_ga,node/10591743723,Hà Nội,21.0242336,105.8410067
metro_ga,node/10617715617,,20.5555044,105.7983928
metro_ga,node/10763082224,Cầu Bây,21.0284287,105.9183442
metro_ga,node/11034360991,Đa Phúc,21.2331124,105.860948
metro_ga,node/11034360998,Trung Giã,21.3147343,105.8712168
metro_ga,node/11049489241,Phà Kings Island,21.060906,105.4758576
metro_ga,node/11049489242,Phà đi đến Kings Island,21.0586486,105.4886934
metro_ga,node/11074611359,,21.2861361,105.4341832
metro_ga,node/11074611360,,21.2929595,105.4359508
metro_ga,node/11079400278,Cầu Giấy,21.0292159,105.8033629
metro_ga,node/11079400279,Chùa Hà,21.0349218,105.7943718
metro_ga,node/11079400280,Đại học Quốc gia,21.0366627,105.782693
metro_ga,node/11079400281,Lê Đức Thọ,21.0380465,105.7729903
metro_ga,node/11079400282,Cầu Diễn,21.0412207,105.7626912
metro_ga,node/11079400283,Phú Diễn,21.0439219,105.7552704
metro_ga,node/11079400284,Minh Khai,21.0479764,105.7448067
metro_ga,node/11079400285,Nhổn,21.0525913,105.7352317
metro_ga,node/11112149981,,21.0291238,105.8271993
metro_ga,node/11112149982,,21.028653,105.8273963
metro_ga,node/11115728984,,21.0150953,105.8197146
metro_ga,node/11115728985,,21.0149041,105.8199624
metro_ga,node/11116664349,,21.0059644,105.8167064
metro_ga,node/11152224541,Bến Tây Đằng,21.2107898,105.4358566
metro_ga,node/11176220549,Cát Linh,21.0283804,105.8272765
metro_ga,node/11176220550,La Thành,21.020154,105.8253499
metro_ga,node/11176220551,Thái Hà,21.0145568,105.8194727
metro_ga,node/11176220552,Láng,21.0063974,105.816087
metro_ga,node/11176220553,Thượng Đình,20.9976814,105.8122488
metro_ga,node/11176220554,Vành Đai 3,20.9922989,105.8044206
metro_ga,node/11176220555,Phùng Khoang,20.9842848,105.7930553
metro_ga,node/11176220556,Văn Quán,20.9777315,105.7847989
metro_ga,node/11176220557,Hà Đông,20.9702189,105.7749565
metro_ga,node/11176220558,La Khê,20.9638323,105.7668089
metro_ga,node/11176220559,Văn Khê,20.9556405,105.7561966
metro_ga,node/11176220560,Yên Nghĩa,20.9497797,105.7484253
metro_ga,node/11222559665,Kim Nỗ,21.1426891,105.7901655
metro_ga,node/11260029394,Long Biên,21.0398713,105.8500216
metro_ga,node/11332508375,,21.0290119,105.8034624
metro_ga,node/11332508376,Lối ra 3,21.02909,105.8027037
metro_ga,node/11332508378,Lối ra 4,21.0287245,105.8034719
metro_ga,node/11332508381,Lối ra 2,21.0293496,105.8035688
metro_ga,node/11332508386,Lối ra 1,21.0295478,105.8031332
metro_ga,node/11502558970,Bến thuyền Gondola,20.9570556,105.9830357
metro_ga,node/11609372868,Lối ra 1,21.0368076,105.7822074
metro_ga,node/11609506470,Lối ra 1,21.0367952,105.7827316
metro_ga,node/11609506472,Lối ra 2,21.036784,105.7830576
metro_ga,node/11813149166,Sai Gon,21.0139691,105.8416724
metro_ga,node/12098604712,Lối ra 2,21.0349147,105.7948481
metro_ga,node/12098604714,Lối ra 1,21.0351375,105.7941765
metro_ga,node/12098604719,Lối ra 4,21.0346596,105.7947997
metro_ga,node/12098604721,Lối ra 3,21.0349037,105.7940518
metro_ga,node/12098604727,Lối ra 4,21.0365055,105.7826608
metro_ga,node/12098604733,Lối ra 3,21.0365171,105.7822651
metro_ga,node/12098604761,Lối ra 1,21.0529392,105.7351878
metro_ga,node/12098604762,Lối ra 2,21.0526728,105.7355227
metro_ga,node/12098604763,Lối ra 3,21.0526824,105.7347545
metro_ga,node/12098604764,Lối ra 4,21.0522497,105.7353935
metro_ga,node/12098604765,Lối ra 2,21.0479954,105.7452786
metro_ga,node/12098604766,Lối ra 1,21.0482902,105.7445398
metro_ga,node/12098604767,Lối ra 3,21.0479663,105.7443763
metro_ga,node/12098604768,Lối ra 4,21.0476869,105.7451094
metro_ga,node/12098604769,Lối ra 1,21.0442854,105.7549953
metro_ga,node/12098604770,Lối ra 2,21.044004,105.7557408
metro_ga,node/12098604771,Lối ra 3,21.0439131,105.7548063
metro_ga,node/12098604772,Lối ra 4,21.0436191,105.7556038
metro_ga,node/12098604773,Lối ra 3,21.0411916,105.7623008
metro_ga,node/12098604774,Lối ra 4,21.0409344,105.7630615
metro_ga,node/12098604775,Lối ra 1,21.0415132,105.7624001
metro_ga,node/12098604776,Lối ra 2,21.0412606,105.7631405
metro_ga,node/12098604777,Lối ra 3,21.037966,105.7725658
metro_ga,node/12098604778,Lối ra 4,21.037785,105.7733174
metro_ga,node/12098604779,Lối ra 2,21.0381104,105.7734447
metro_ga,node/12098604780,Lối ra 1,21.03829,105.7728455
metro_ga,node/12269209864,Bến xe Hưng Yên,20.6660945,106.0580144
metro_ga,node/12269209867,Bến xe Trung tâm Phủ Lý,20.538442,105.9448818
metro_ga,node/12270506453,Bến xe Hiệp Hòa,21.3463558,105.9903982
metro_ga,node/12456059274,Bến thuyền Vesak,20.5691055,105.8126149
metro_ga,node/12733600067,Bến xe Vĩnh Yên,21.3000754,105.6264954
metro_ga,node/12733600072,Bến xe Sông Lô,21.4233113,105.4059848
metro_ga,node/12733600084,BX TT Vĩnh Tường,21.2147117,105.5147257
metro_ga,node/12733600086,Bến xe Phúc Yên mới,21.2694509,105.7187647
metro_ga,node/12733600088,Bến xe Lập Thạch,21.4172383,105.465549
metro_ga,node/12754592136,Bến đò Gầm,21.2562705,106.0183948
metro_ga,node/12754592150,Bến đò,21.254855,106.0183139
metro_ga,node/13087103885,Bến đò Lải Vạn,21.2032288,106.0394185
metro_ga,node/13121504163,Bến đò Á Lữ,21.0706422,106.0440953
metro_ga,node/13148864508,,20.9378618,106.0046278
metro_ga,node/13327545778,Bến thuyền Gondola,20.9538391,105.9761056
metro_ga,node/13340690677,Bến đò thôn Dền,21.0742866,106.043321
metro_ga,node/13727353794,,20.9574793,106.0001
metro_ga,node/13730378582,Bến đò Như Nguyệt,21.2327758,105.9456369
metro_ga,node/13730378587,Bến đò Tiêu,21.2337757,105.9455545
metro_ga,node/13730378592,Bến đò Tiêu,21.2336573,105.9451884
benh_vien,node/446031980,Trạm y tế Trung Hòa,21.0080088,105.8035297
benh_vien,node/2874225019,Bệnh Viện Đa Khoa Thăng Long,20.9542742,105.8384237
benh_vien,node/3477864593,PKCK răng hàm mặt,21.0078104,105.8125195
benh_vien,node/3752331075,Paris Miki Vietnam,21.0492003,105.8400348
benh_vien,node/3945382405,Trạm y tế Xã Bình Dương,21.2461978,105.5182179
benh_vien,node/4249866291,Phú thọ,21.0428795,105.842622
benh_vien,node/4293898701,Phòng Khám Đa Khoa Dr. Binh Tele_Clinic,21.0170098,105.8550422
benh_vien,node/4663069891,bệnh viện quân y 108,20.6739919,105.3161392
benh_vien,node/5047185876,pk103,21.3389355,105.2935548
benh_vien,node/5209662235,Bệnh viện Đa khoa Kinh Bắc,21.1633089,106.0749746
benh_vien,node/5243867642,Trung tâm y tế dự phòng quận Hà Đông,20.9677609,105.7789877
benh_vien,node/5296714077,Trạm y tế Vân Canh,21.0357308,105.7318807
benh_vien,node/5485724753,Trạm Y tế phường Láng Thượng,21.0230053,105.8010989
benh_vien,node/5620874321,,20.921967,105.882146
benh_vien,node/5808582515,Phòng khám Đa khoa Quốc tế Hà Nội,21.0101268,105.8382699
benh_vien,node/5808615965,Phòng khám cấy ghép tóc y học Quốc tế,21.0188553,105.8489799
benh_vien,node/5839478946,Nhà hộ sinh A,21.024432,105.8548261
benh_vien,node/6185334967,Trạm Y tế xã Nghĩa Hương,20.9727604,105.6144225
benh_vien,node/6545871088,Bệnh Viện Đa Khoa Thành An - Thăng Long,21.1744345,106.0543626
benh_vien,node/6610502435,Phòng khám Sakura Hà Nội,21.0774175,105.8171115
benh_vien,node/6661539807,Vina Medical,21.0035052,105.8368175
benh_vien,node/6670874098,Phòng Khám Chữa Bệnh,21.0426013,105.8400314
benh_vien,node/6707414399,Phòng khám Nhi Khoa Đào Minh Tuấn,21.034842,105.8262822
benh_vien,node/7146615786,Bệnh viện đa khoa Yên Bình,21.4050891,105.8743812
benh_vien,node/7147983915,Trạm y tế Đông Cao,21.3727094,105.896933
benh_vien,node/7409549828,Trạm Y tế Phụng Châu,20.9471543,105.7078282
benh_vien,node/8317321610,Trung tâm Chăm sóc Sức khoẻ Người cao tuổi Hoa Sen - Lotus Care,21.039913,105.7472566
benh_vien,node/8334779805,,21.0140818,105.7774752
benh_vien,node/8360208001,Nha Khoa,21.0651797,105.7628554
benh_vien,node/8588635222,Phòng Khám Đa Khoa Medlatec,21.0472605,105.8140405
benh_vien,node/8855590422,Trạm Y tế phường Ngã Tư Sở,21.0039199,105.8209508
benh_vien,node/9005878157,Trung tâm tiêm ᴄhủng Fivevac,20.9301336,105.8483459
benh_vien,node/9028717184,,21.4054327,105.8750175
benh_vien,node/9237323773,Điểm Y tế Long Biên,21.0234084,105.8903173
benh_vien,node/9585108830,Phòng khám Đa khoa Medlatec - Thanh Xuân,20.9928664,105.8017759
benh_vien,node/9587086998,Bệnh Viện Đa Khoa Quốc Tế Bắc Hà,21.0429241,105.870996
benh_vien,node/9587108043,Trạm Y Tế Phường KIến Hưng,20.960142,105.7884888
benh_vien,node/9593258920,Trạm Y Tế Xã Kim An,20.8487843,105.7573208
benh_vien,node/9658535627,Thu Cúc TCI Thanh Xuân,20.9992267,105.8141044
benh_vien,node/9788576207,Trung tâm Nghiên cứu và Ứng dụng Y học cổ truyền CTA,21.0511017,105.790782
benh_vien,node/9875885617,Bệnh viện Tuệ Tĩnh,20.984612,105.7928536
benh_vien,node/10019105710,,20.9777275,105.9018259
benh_vien,node/10166537628,,21.0689223,105.7616027
benh_vien,node/10213910252,Trạm y tế phường Đức Thắng,21.0799477,105.7736253
benh_vien,node/10316420839,Trạm y tế Khương Hạ,20.9920389,105.8166469
benh_vien,node/10821779874,,21.0426488,105.8320912
benh_vien,node/10845878393,Trạm Y tế xã Nghiêm Xuyên,20.80378,105.8593787
benh_vien,node/10855401102,,20.9245983,105.8885189
benh_vien,node/10855443211,Nhà thuốc đông y Bùi Tộc,20.924333,105.8908793
benh_vien,node/10893013871,Bệnh viện Đại học Quốc gia Hà Nội,20.9908736,105.7965721
benh_vien,node/11104405789,Bệnh viện Quốc tế Dolife,21.0334322,105.7714164
benh_vien,node/11169202590,Duck's Hospital,21.0662593,105.7819381
benh_vien,node/11190957339,Tram Xa Co Nhue,21.0576234,105.7836205
benh_vien,node/11429136743,Trạm y tế xã Tri Trung,20.7770174,105.8290392
benh_vien,node/11463192511,Phòng khám quốc tế Diosa,21.0129963,105.8500647
benh_vien,node/11463192513,Phòng khám Nha khoa & Thẩm mỹ Quốc tế DND,21.0129415,105.8500083
benh_vien,node/11510383977,ASEAN Institute Clinic,21.0148863,105.8498046
benh_vien,node/11591853849,Trạm y tế phường Tây Mỗ (Cơ sở 2),21.0018973,105.7512096
benh_vien,node/11595494029,Trạm Y tế phường Nguyễn Du,21.0161793,105.8493574
benh_vien,node/11601353636,Bệnh viện Mắt Kỹ thuật cao Hà Nội,21.0168006,105.849466
benh_vien,node/11609354508,,21.040515,105.7851278
benh_vien,node/11615961407,Phòng khám YC Việt Nam,21.0158219,105.8500021
benh_vien,node/11615961411,Phòng khám Da liễu HD,21.0154728,105.8499981
benh_vien,node/11625397936,Bệnh viện Mắt Việt Nhật,21.0145775,105.8502987
benh_vien,node/11683961268,Điểm Y tế Hàng Mã,21.039512,105.8472708
benh_vien,node/11685045522,Dr. Allen Chiropractic,21.0096816,105.8512894
benh_vien,node/11765328709,Trạm y tế xã,20.8029231,105.9334068
benh_vien,node/11882973176,Bệnh viện Hữu nghị Quốc tế Hà Nội,21.0040429,105.7496348
benh_vien,node/11949875397,Bệnh viện đa khoa Nông nghiệp 2,21.0135889,105.8209988
benh_vien,node/12000027489,Bệnh viện Đa khoa Hoè Nhai - Cơ sở 2,21.0471714,105.8458691
benh_vien,node/12135053693,Trạm y tế Phường Vạn Phúc,20.9789324,105.7751087
benh_vien,node/12321850801,VNVC Phố Nhổn,21.0555046,105.7304875
benh_vien,node/12432303401,Phòng khám Tai Mũi Họng 789,21.0247631,105.7715702
benh_vien,node/12473186738,Phòng khám Đa Khoa Quốc Tế Việt Sing - Bắc Ninh,21.1733222,106.0546691
benh_vien,node/12621772111,Bệnh viện mắt Sài Gòn Hà Nội 1,21.0115478,105.8104566
benh_vien,node/12765645727,Phòng khám Đa khoa Kim Thuận,21.1723894,106.059745
benh_vien,node/12898560075,Trung Tâm Y Tế Dự Phòng Bắc Ninh,21.1830187,106.0726404
benh_vien,node/12960833039,Trung tâm kiểm soát bệnh tật tỉnh Bắc Ninh - Cơ sở điều trị Methadone,21.1911479,106.0797085
benh_vien,node/12999257910,Trạm y tế phường Tây Mỗ (Cơ sở 1),20.9954672,105.7560256
benh_vien,node/13031058589,Trạm y tế xã Nghĩa Trụ,20.9543419,105.9910318
benh_vien,node/13124579065,Phòng khám đa khoa Bệnh viện Đại học Y Hà Nội - Cơ sở Cầu Giấy,21.0350951,105.7910343
benh_vien,node/13136496646,Bệnh viện Đa khoa Hà Thành,21.026761,105.8265759
benh_vien,node/13136630409,Trạm Y Tế Nghĩa Lộ,20.9899639,106.0494367
benh_vien,node/13165071216,Trạm Y tế xã Nghĩa Trụ,20.9402502,105.9572795
benh_vien,node/13180415596,Phòng Khám,20.9913387,106.057113
benh_vien,node/13200884530,Phòng Khám Chuyên Sâu Thiệp Thúy,20.9918092,106.0608868
benh_vien,node/13208170056,Bệnh Viện Đa Khoa Quốc tế Phúc Lâm,20.9429462,105.9478414
benh_vien,node/13388236690,Phòng khám đa khoa Tâm Anh Cầu Giấy,21.0344602,105.7947104
benh_vien,node/13390624589,Phòng tiêm chủng Vắc-xin POTEC 89.3 Khoái Châu,20.8381767,105.9790303
benh_vien,node/13463331473,Trạm y tế xã Quang Minh - Điểm y tế Giai Lạc,21.2063908,105.7676576
benh_vien,node/13483050282,Phòng Khám Phụ Sản Minh Thu,21.1666341,106.0627125
benh_vien,node/13484010004,Khám chữa bệnh - Cắt thuốc Nam Bắc - Châm cứu - Xoa bóp - Bấm huyệt,21.1880835,106.0731287
benh_vien,node/13532334109,Phòng khám đa khoa Trung Nam,21.189263,106.0622685
benh_vien,node/13579797755,Viện Dưỡng Lão Tuyết Thái,21.1222383,105.756898
benh_vien,node/13607661047,Nha Khoa Thiện Tâm An,20.9642885,105.8260417
benh_vien,node/13632874507,,21.1986467,105.816774
benh_vien,node/13691720640,Văn Phòng Trung tâm xét nghiệm ADN Genotech chi nhánh Bắc Ninh,21.173851,106.076003
benh_vien,node/13703724841,Bệnh viện Đa khoa Phạm Ngọc Thạch,21.0820842,105.7792611
benh_vien,node/13705950181,Hạnh An - Chân mày phong thủy,21.1652304,106.0648012
benh_vien,node/13717891503,Youth Beauty Clinic,21.1762272,106.0597919
benh_vien,node/13725392292,Trung tâm tiêm chủng VNVC Từ Sơn,21.1133274,105.9507427
benh_vien,node/13735267672,Bệnh viện Đa khoa Hồng Phúc,21.1679579,106.0460768
benh_vien,node/13793231137,Bệnh Viện Vinmec,20.9389658,105.9902383
benh_vien,node/13797859252,Trung Tâm Y Tế Đường Bộ 2,20.9670329,105.9564038
benh_vien,node/13800665823,Trạm y tế phường Ngọc Hà,21.0411601,105.8131014
benh_vien,node/13818137495,Trạm y tế xã Kiêu Kỵ,20.9803277,105.958693
benh_vien,node/13900935728,Trung tâm tiêm chủng VNVC Bắc Ninh,21.1666269,106.0448357
benh_vien,node/13910038141,Thu Cúc Beauty - Thu Cúc Bắc Ninh,21.1846482,106.0709788
benh_vien,node/13954033276,Viện thẩm mỹ Royal,21.1837192,106.0697433
benh_vien,node/13967351552,Phòng chẩn trị Y học cổ truyền,21.1767621,106.0577362
benh_vien,node/13989217265,HK Medi+,21.1779612,106.0642272
benh_vien,node/14041166737,Bình An Spa,21.0186272,105.7951999
benh_vien,way/136258986,Bệnh viện Bệnh Nhiệt đới Trung ương,21.0021332,105.8388831
benh_vien,way/136259226,Bệnh viện Nội tiết Trung ương,21.0123966,105.8150138
benh_vien,way/136271003,Bệnh viện Thể thao Việt Nam,21.0231218,105.7614767
benh_vien,way/159949212,Bệnh viện Quân y 354,21.0400936,105.8120457
benh_vien,way/163711327,Bệnh viện Đa khoa Đống Đa,21.0155559,105.8267948
benh_vien,way/163764047,Bệnh viện Phổi Trung ương,21.0423434,105.8134109
benh_vien,way/196084598,Phòng Khám Y Tế Nha Khoa Quốc Tế SOS,21.0637284,105.8274354
benh_vien,way/199148844,Bệnh viện Phụ sản Hà Nội,21.0268213,105.8074644
benh_vien,way/199148846,Bệnh viện Nhi Trung ương,21.0249118,105.8083673
benh_vien,way/217792888,Bệnh viện Đa khoa Xanh Pôn,21.0312292,105.8351549
benh_vien,way/218625367,Bệnh viện Bạch Mai,21.0018102,105.8394004
benh_vien,way/218631146,Bệnh viện Trung ương Quân đội 108,21.0163854,105.8606157
benh_vien,way/242483921,Trung tâm Y tế Văn Giang,20.9510699,105.9441322
benh_vien,way/244393940,Trạm Y tế xã Đa Tốn,20.9857663,105.9312724
benh_vien,way/244408869,Bệnh viện Sông Hồng,20.9832401,105.9231751
benh_vien,way/267919727,Trạm y tế Xã Tiền Phong,21.1539788,105.7603327
benh_vien,way/267936676,Bệnh viện Phổi 74,21.2213449,105.7095199
benh_vien,way/368133383,Bệnh viện Đa khoa Vĩnh Phúc,21.3186435,105.5999464
benh_vien,way/384534300,Bệnh viện Đa khoa Gia Lâm,21.0093543,105.9439877
benh_vien,way/438373210,Bệnh viện Đại học Y Hà Nội,21.0021305,105.8303797
benh_vien,way/503986577,Trung tâm y tế Hàng không,21.0399411,105.8793911
benh_vien,way/563361133,Bệnh viện Đa khoa tỉnh Phú Thọ,21.3248677,105.3934443
benh_vien,way/570572630,Bệnh viện Đa khoa Phương Đông,21.0699424,105.7750912
benh_vien,way/570573930,Bệnh viện Giao thông Vận tải,21.0261377,105.8025875
benh_vien,way/570594021,Bệnh viện sông Hồng,20.9825824,105.9217564
benh_vien,way/577155075,Bệnh viện Đa khoa Từ Sơn,21.1239128,105.9722042
benh_vien,way/581439612,Bệnh viện Đa khoa Tâm Anh,21.040591,105.8768692
benh_vien,way/588527149,Trung tâm Y tế khu vực Vĩnh Tường,21.2198741,105.5188216
benh_vien,way/591338735,Bệnh viện Đại học Y Dược,20.993668,105.7974841
benh_vien,way/624623947,District Hospital,20.945738,105.6170104
benh_vien,way/647253537,Trạm Y tế phường Phù Khê,21.1414976,105.9352137
benh_vien,way/648729032,Trạm Y Tế phường Tân Hồng,21.110774,105.9720579
benh_vien,way/651520366,Trạm Y tế phường Tương Giang,21.1359938,105.9882389
benh_vien,way/659910054,Trạm Y tế xã Dương Hà,21.0716397,105.9300028
benh_vien,way/660703518,Trạm Y tế xã Yên Viên,21.0960362,105.9160104
benh_vien,way/661138409,Trạm Y tế xã Yên Thường,21.0977817,105.9161975
benh_vien,way/661451768,Trạm Y tế xã Đại Đồng,21.089937,105.9882972
benh_vien,way/699065687,Trạm Y tế Cổ Nhuế,21.0617719,105.7801208
benh_vien,way/699218354,,21.0731996,105.7739304
benh_vien,way/699905197,Bệnh viện Đa khoa Quốc tế Thu Cúc,21.0451209,105.8144621
benh_vien,way/700671926,Trạm Y tế phường Trúc Bạch,21.0459629,105.8419017
benh_vien,way/700671946,Bệnh viện Đa khoa Hồng Ngọc,21.0424816,105.8442985
benh_vien,way/700840699,Trung tâm Y tế quận Hoàn Kiếm,21.0350379,105.852385
benh_vien,way/702456216,Bệnh viện Da liễu Hà Nội,21.0281103,105.8385861
benh_vien,way/702456223,Bệnh viện Đa khoa Hồng Hà,21.0268166,105.8390572
benh_vien,way/702787884,Trạm Y tế phường Tây Hồ,21.0796638,105.8162842
benh_vien,way/703386640,Bệnh viện Phụ sản Trung ương,21.0266842,105.8469248
benh_vien,way/703386650,Bệnh viện K,21.0268963,105.8461355
benh_vien,way/703386657,Bệnh viện Hữu nghị Việt Đức,21.0285801,105.8470046
benh_vien,way/703386658,Bệnh viện Răng Hàm Mặt Trung ương Hà Nội,21.0277635,105.8464469
benh_vien,way/704147393,Bệnh viện Mắt Hà Nội (Trụ sở chính),21.0240848,105.8503409
benh_vien,way/704250760,Trạm Y tế phường Bồ Đề,21.0382317,105.8714686
benh_vien,way/755118878,Bệnh viện Công an thành phố Hà Nội,20.9628226,105.7688713
benh_vien,way/755376839,Phòng khám Đa khoa Quốc tế Vinmec Times City,20.9938193,105.8671961
benh_vien,way/762785870,Phòng Khám đa khoa Khu vực An Mỹ,20.7532151,105.6980276
benh_vien,way/764094834,Trạm Y tế xã Phúc Lâm,20.8097715,105.7047074
benh_vien,way/764357287,Trạm Y tế xã Trần Phú,20.8333231,105.6715954
benh_vien,way/766662050,Trạm Y tế xã Xuy Xá,20.7166383,105.7326652
benh_vien,way/767859428,Trạm Y tế xã Phùng Xá,20.7209985,105.7616144
benh_vien,way/817570463,Phòng khám Đa khoa Kim Liên,21.0062206,105.8342592
benh_vien,way/838076289,Bệnh viện Hữu Nghị,21.0154534,105.8617595
benh_vien,way/842605269,Bệnh viện Mắt Trung ương,21.0176301,105.8495995
benh_vien,way/842611507,Trạm y tế xã Ngọc Hòa,20.9209358,105.6933477
benh_vien,way/848915398,Bệnh viện An Việt,20.997136,105.8422594
benh_vien,way/849686727,Bệnh viện Y học cổ truyền Bộ Công an,20.9960981,105.7891728
benh_vien,way/856220237,Viện Y học cổ truyền Quân đội,20.9727944,105.8233726
benh_vien,way/857438584,Bệnh viện Đông Đô,21.0093319,105.8379891
benh_vien,way/860294723,Trạm Y tế phường Văn Chương,21.0224164,105.8364719
benh_vien,way/863234980,Bệnh viện Mắt Quốc tế DND,21.0129915,105.8496681
benh_vien,way/863495463,Điểm trạm y tế Cổ Bi,21.0312699,105.9412979
benh_vien,way/863796136,Bệnh viện Thanh Nhàn,21.0038701,105.8590785
benh_vien,way/863796137,Bệnh viện Ung bướu Hà Nội,21.0040116,105.8593391
benh_vien,way/863796138,Bệnh viện Phổi Hà Nội,21.0033713,105.8583866
benh_vien,way/863797895,Bệnh viện Đa khoa Đức Giang,21.0613371,105.8982071
benh_vien,way/871151846,Bệnh viện Tim Hà Nội,21.0240047,105.8439728
benh_vien,way/874998865,Trạm Y tế phường Từ Liêm,21.0387889,105.7657416
benh_vien,way/875944751,Bệnh viện Đa khoa Kinh Bắc,21.1632588,106.0747951
benh_vien,way/879842500,Trung tâm Y tế quận Hà Đông,20.9676018,105.7791314
benh_vien,way/881184688,Bệnh viện Quân y 103,20.9676247,105.7900215
benh_vien,way/881515775,Bệnh viện Bỏng Quốc gia Lê Hữu Trác,20.9667279,105.7924112
benh_vien,way/885744682,Viện Y học phóng xạ và U bướu Quân đội,20.9809046,105.8200629
benh_vien,way/891004233,Bệnh viện Nội tiết Trung ương,20.9522962,105.8510255
benh_vien,way/896079120,Bệnh viện E,21.0504338,105.7883827
benh_vien,way/899388713,Trạm Y tế phường Bạch Mai,21.0008524,105.8606866
benh_vien,way/900842178,Bệnh viện Thẩm mỹ Kangnam Hàn Quốc,21.000572,105.830624
benh_vien,way/903697302,Viện Y học Phòng không - Không quân,21.0002165,105.8257561
benh_vien,way/905275452,Viện Huyết học - Truyền máu Trung ương,21.0246967,105.7883187
benh_vien,way/906732056,Phòng khám Đa khoa Quốc tế Thu Cúc,21.0083373,105.7957439
benh_vien,way/906732062,Bệnh viện Thận Hà Nội,21.0189013,105.8064109
benh_vien,way/913350031,Trạm y tế phường Phúc Lợi,21.0319022,105.9112145
benh_vien,way/914749544,Bệnh viện Đa khoa Hà Đông,20.9713454,105.7744735
benh_vien,way/914889884,Bệnh viện Bắc Thăng Long,21.1633283,105.8576581
benh_vien,way/914889895,Bệnh viện Đa khoa Thanh Trì,20.9487155,105.8463085
benh_vien,way/914894808,Bệnh viện Đa khoa Hoè Nhai,21.040858,105.8460314
benh_vien,way/915814813,Bệnh viện Đa khoa Đông Anh,21.1392083,105.8532536
benh_vien,way/915893906,Bệnh viện Đa khoa Vân Đình,20.7255562,105.7739582
benh_vien,way/916688844,Trạm Y tế May 10,21.0299286,105.9200188
benh_vien,way/935131564,Trung tâm Y tế thành phố Phổ Yên,21.4178117,105.8620852
benh_vien,way/938437548,Bệnh viện K - Cơ sở Tân Triều,20.9636109,105.7995597
benh_vien,way/942415493,Bệnh viện Da liễu Hà Nội (cơ sở 3),20.9287531,105.560243
benh_vien,way/942415496,Bệnh viện Tâm thần Hà Nội,21.034976,105.9095715
benh_vien,way/942415500,Bệnh viện Da liễu Hà Nội (cơ sở 2),20.970065,105.7729964
benh_vien,way/942415511,Bệnh viện Đa khoa Y học cổ truyền Hà Nội,21.0346916,105.7794551
benh_vien,way/942477938,Bệnh viện Y học cổ truyền Hà Đông,20.9708813,105.7715441
benh_vien,way/942477940,Bệnh viện Tâm thần Mỹ Đức,20.8037772,105.70389
benh_vien,way/942477943,Bệnh viện 09,20.9605402,105.8019723
benh_vien,way/943519159,Bệnh viện Đa khoa Phúc Thọ,21.1039787,105.5563257
benh_vien,way/943519166,Bệnh viện Đa khoa Thạch Thất,21.0506449,105.5702967
benh_vien,way/944109877,Bệnh viện Đa khoa Sóc Sơn,21.2498053,105.8471409
benh_vien,way/944300336,Bệnh viện Đa khoa Quốc Oai,20.9904928,105.6435563
benh_vien,way/944513308,Điểm trạm Y tế Quỳnh Mai,20.998818,105.8607504
benh_vien,way/947208600,Trạm Y tế phường Khương Mai,20.9981037,105.8253051
benh_vien,way/951204737,Bệnh viện Quân y 105,21.1154934,105.4973292
benh_vien,way/951420388,Bệnh viện Đa khoa Sơn Tây,21.1522949,105.5061667
benh_vien,way/951487924,Bệnh viện Bệnh nhiệt đới Trung ương (cơ sở 2),21.1314341,105.7743775
benh_vien,way/956996522,Điểm Y tế Phương Mai,21.0025465,105.8355419
benh_vien,way/956996523,Trạm Y tế phường Thịnh Quang,21.0048913,105.8186349
benh_vien,way/957814767,Trạm Y tế phường Xuân La,21.0654965,105.8057539
benh_vien,way/961810527,Trạm Y tế phường Xuân Phương,21.0315556,105.7482537
benh_vien,way/962220265,Trạm Y tế xã Quảng Lãng,20.8083015,106.0651995
benh_vien,way/962451137,Trạm Y tế xã Sài Sơn,21.0168479,105.6481789
benh_vien,way/965302176,Bệnh viện K (Cơ sở 2 - Tam Hiệp),20.9546402,105.8323646
benh_vien,way/969298463,Bệnh viện Sản - Nhi Bắc Ninh số 2,21.1692762,106.067522
benh_vien,way/973471796,Trạm Y tế Hoàng Mai,20.9682145,105.846504
benh_vien,way/973477509,Điểm Trạm Y tế Thịnh Liệt,20.9711826,105.8457763
benh_vien,way/973480708,Bệnh viện Đa khoa Mê Linh,21.1800717,105.6819888
benh_vien,way/974596720,Trạm Y tế phường Hai Bà Trưng,21.0165979,105.8570629
benh_vien,way/974596745,Trạm Y tế phường Ba Đình,21.0426309,105.8397093
benh_vien,way/974596748,Trung tâm Y tế quận Thanh Xuân,20.9909108,105.8123873
benh_vien,way/974940903,Bệnh xá Công an tỉnh Hưng Yên,20.6644645,106.0541733
benh_vien,way/974940956,Bệnh viện Đa khoa tỉnh Hưng Yên,20.6662171,106.0600327
benh_vien,way/975146975,Bệnh viện Đa khoa Phố Nối,20.9406703,106.0566551
benh_vien,way/975147000,Bệnh viện Sản - Nhi tỉnh Hưng Yên,20.7248661,106.0560013
benh_vien,way/975147015,Bệnh viện Phổi Hưng Yên,20.6680499,106.0511029
benh_vien,way/975147016,Bệnh viện Bệnh Nhiệt đới tỉnh Hưng Yên,20.6690384,106.0512991
benh_vien,way/975147031,Bệnh viện Mắt Hưng Yên,20.6617027,106.0604761
benh_vien,way/975147033,Bệnh viện Sức khỏe tâm thần kinh tỉnh Hưng Yên,20.7373988,106.0343119
benh_vien,way/975147050,Bệnh viện Y dược cổ truyền Hưng Yên,20.6656155,106.0628231
benh_vien,way/975185428,Trung tâm Y tế Phố Hiến,20.6480911,106.0548481
benh_vien,way/975967883,Trạm Y tế phường Thuỵ Phương,21.0901836,105.776899
benh_vien,way/976633067,Trạm Y tế phường Mỗ Lao,20.9851095,105.7837193
benh_vien,way/977795569,Bệnh viện Nam học và Hiếm muộn Hà Nội,20.9827838,105.8660478
benh_vien,way/978332476,Trung tâm Y tế Kim Động,20.7332711,106.055344
benh_vien,way/978332483,Trung tâm Y tế Khoái Châu,20.8421848,105.9790677
benh_vien,way/978607680,Trạm Y tế xã Hùng Cường,20.6894937,106.0347537
benh_vien,way/978607742,Trạm Y tế xã Quảng Châu,20.638464,106.0578468
benh_vien,way/978607787,,20.6757188,106.049414
benh_vien,way/978607789,Trạm Y tế phường Hiến Nam,20.6620453,106.0598517
benh_vien,way/978892531,Trung tâm Y tế Văn Lâm,20.9844168,106.0259558
benh_vien,way/978892559,Trung tâm Y tế Yên Mỹ,20.8917039,106.0447753
benh_vien,way/979490304,Bệnh viện Đa khoa Bắc Ninh số 2,21.1667975,106.0664004
benh_vien,way/985466169,Trung Tâm Kiểm Soát Bệnh Tật (CDC) Thành phố Bắc Ninh,21.1670374,106.0683377
benh_vien,way/985466175,"Trung tâm phòng, chống HIV/ AIDS Thành phố Bắc Ninh",21.1703092,106.0675899
benh_vien,way/985795885,Trạm Y tế xã Đức Hợp,20.730371,105.9942501
benh_vien,way/986605054,Bệnh viện Y học cổ truyền và Phục hồi chức năng - Bệnh viện Phổi Thành phố Bắc Ninh số 2,21.1904305,106.0810302
benh_vien,way/986605067,Bệnh viện Mắt Thành phố Bắc Ninh,21.132944,106.0764671
benh_vien,way/987087518,Bệnh viện Đa khoa Hà Nam,20.5407578,105.9164051
benh_vien,way/987087519,Bệnh viện Phổi Hà Nam,20.5364736,105.9286833
benh_vien,way/988243339,Bệnh viện Đa khoa Hòa Bình,20.8258188,105.354162
benh_vien,way/988795224,Bệnh viện Quân y 109,21.3002973,105.5789398
benh_vien,way/989766839,Trạm Y tế xã Liên Mạc,21.1878964,105.6615076
benh_vien,way/992666090,Bệnh viện Đa khoa Ba Vì,21.2162285,105.410044
benh_vien,way/992670662,Bệnh viện Đa khoa Phú Xuyên,20.7303975,105.9145075
benh_vien,way/992727734,Bệnh viện Đa khoa Đan Phượng,21.087289,105.6713034
benh_vien,way/992727737,Bệnh viện Đa khoa Chương Mỹ,20.9208472,105.6984673
benh_vien,way/992727740,Bệnh viện Đa khoa Hoài Đức,21.0563858,105.7021556
benh_vien,way/992965912,Bệnh viện Đa khoa Thanh Oai,20.8621134,105.7572768
benh_vien,way/992965925,Bệnh viện Đa khoa Mỹ Đức,20.6782283,105.7545412
benh_vien,way/993011946,Bệnh viện Bạch Mai - Cơ sở Ninh Bình,20.5357262,105.9564055
benh_vien,way/993011947,Bệnh viện Hữu nghị Việt Đức - Cơ sở Ninh Bình,20.5411571,105.9436096
benh_vien,way/993373122,Bệnh viện Đa khoa Tiên Du,21.1333784,106.026964
benh_vien,way/993373128,Bệnh viện Đa khoa Yên Phong,21.1992624,105.9543442
benh_vien,way/993373134,Trung tâm Y tế Bắc Ninh số 2,21.1811266,106.0573836
benh_vien,way/1004201151,Dãy Nhà D - Chung cư 789,21.02461,105.7715637
benh_vien,way/1008260955,Trạm Y tế xã Hiệp Cường,20.7119438,106.0623673
benh_vien,way/1008406412,,20.9662082,105.9227492
benh_vien,way/1008406413,,20.9661102,105.9226821
benh_vien,way/1011384362,Bệnh viện Đa khoa Quốc tế Vinmec Smart City,21.0078176,105.7473049
benh_vien,way/1017278300,Phòng khám Đa khoa Yên Hoà,21.0219605,105.786158
benh_vien,way/1017278305,Phòng khám Đa khoa Ngãi Cầu,20.9883234,105.7149984
benh_vien,way/1017278306,Phòng khám Đa khoa Bà Triệu,21.0162256,105.8494381
benh_vien,way/1017278310,Trạm y tế xã Hoà Thạch,20.9461186,105.5780896
benh_vien,way/1017278312,Phòng khám Đa khoa Hoà Thạch,20.9486392,105.5884071
benh_vien,way/1017278315,Phòng khám Đa khoa khu vực - Trạm y tế xã Liên Hồng,21.1189746,105.7059766
benh_vien,way/1018755756,Bệnh viện Sản Nhi tỉnh Phú Thọ,21.3360123,105.3853515
benh_vien,way/1018755757,Bệnh viện Y dược cổ truyền và Phục hồi chức năng tỉnh Phú Thọ,21.3202832,105.3984383
benh_vien,way/1019411866,Bệnh viện Mắt Hà Nam,20.5445987,105.9362412
benh_vien,way/1019411867,Bệnh viện Y học cổ truyền Hà Nam,20.5443699,105.9373341
benh_vien,way/1019411892,Bệnh viện Tâm thần Hà Nam,20.5160002,105.9538931
benh_vien,way/1019898144,Trung tâm Y tế Bình Lục,20.4899848,106.010916
benh_vien,way/1021010402,Trạm Y tế xã Hồng Nam,20.6326229,106.0793096
benh_vien,way/1023288028,Trạm y tế thị trấn Sóc Sơn,21.2581044,105.8514905
benh_vien,way/1030860268,Trạm y tế phường Mỹ Đình 1,21.0195043,105.7711507
benh_vien,way/1030860275,Trạm y tế phường Cầu Diễn,21.0374241,105.7595279
benh_vien,way/1032886317,Bệnh viện Đa khoa Phúc Yên,21.2330167,105.7081759
benh_vien,way/1034955363,Trạm Y tế xã Nam Tiến,20.7728834,105.9205307
benh_vien,way/1046719158,Điểm Y tế Đại Kim,20.9770967,105.8228588
benh_vien,way/1050444664,Trạm Y tế phường Kinh Bắc,21.1882319,106.0615969
benh_vien,way/1051883527,Bệnh viện Đa khoa Hồng Phát,21.0183636,105.841644
benh_vien,way/1051883528,Bệnh Viện Đức Phúc,21.014218,105.8408994
benh_vien,way/1063191491,Bệnh viện Bưu điện (cơ sở 2),21.0112634,105.8521234
benh_vien,way/1066900817,Bệnh viện Đa khoa Nông nghiệp,20.9211478,105.8533418
benh_vien,way/1079654515,Trung tâm Y tế Lý Nhân,20.56894,106.0295752
benh_vien,way/1079654516,Trung tâm Y tế Duy Tiên,20.6444852,105.9910706
benh_vien,way/1079654517,Trung tâm Y tế Kim Bảng,20.5800599,105.8668856
benh_vien,way/1090377191,Trạm y tế phường Phú Diễn,21.0549543,105.7642576
benh_vien,way/1092047609,Bệnh viện Sản Nhi Vĩnh Phúc,21.2829889,105.5427175
benh_vien,way/1092047610,Bệnh viện Y dược cổ truyền Vĩnh Phúc,21.3201259,105.5904044
benh_vien,way/1092047614,Bệnh viện Tâm thần Vĩnh Phúc,21.3397264,105.5922555
benh_vien,way/1092047615,Trung tâm Y tế khu vực Vĩnh Yên,21.310462,105.5892729
benh_vien,way/1092053873,Trung tâm Y tế khu vực Yên Lạc,21.2308964,105.572584
benh_vien,way/1092053874,Trung tâm Y tế khu vực Tam Dương,21.3728559,105.5385132
benh_vien,way/1092053875,Trung tâm Y tế khu vực Tam Đảo,21.4027865,105.6114417
benh_vien,way/1092053876,Trung tâm Y tế khu vực Bình Xuyên,21.2733307,105.6515986
benh_vien,way/1092053877,Trung tâm Y tế khu vực Lập Thạch,21.4183271,105.4521244
benh_vien,way/1092053878,Trung tâm Y tế khu vực Sông Lô,21.4240888,105.4195839
benh_vien,way/1116240502,A19,21.0456482,105.7889057
benh_vien,way/1117343641,Trạm y tế xã Hoà Chính,20.8110537,105.7254759
benh_vien,way/1117844326,Phòng khám số 1 Phan Văn Trường,21.0398248,105.786234
benh_vien,way/1124817472,Trạm y tế thị trấn Trâu Quỳ,21.0079518,105.9390373
benh_vien,way/1149665138,Phòng Khám Đa Khoa Linh Đàm,20.9702931,105.8289645
benh_vien,way/1151213246,Bệnh viện Đại học Y Dược (cơ sở 2),20.9595543,105.8269217
benh_vien,way/1153416081,Trạm y tế xã Tứ Hiệp,20.9473337,105.8518191
benh_vien,way/1158639496,Bệnh viện Việt Pháp,21.0036321,105.8404443
benh_vien,way/1159096870,Bệnh viện Quân y 91,21.4121815,105.8601562
benh_vien,way/1162059701,Bệnh viện Đa khoa Thường Tín,20.8685963,105.8589233
benh_vien,way/1164641686,Bệnh viện Đa khoa Hồng Ngọc - Phúc Trường Minh,21.009478,105.7692152
benh_vien,way/1165535247,Trung tâm Y tế quận Tây Hồ,21.0480654,105.8103421
benh_vien,way/1168231024,Phòng khám Đa khoa Tomec,21.0181919,105.8535965
benh_vien,way/1181961561,Bệnh viện Chỉnh hình và Phục hồi chức năng Hà Nội,21.1102767,105.4439101
benh_vien,way/1182641283,Trung tâm Điều dưỡng Phục hồi chức năng tâm thần Việt Trì,21.3543626,105.3587329
benh_vien,way/1183713535,Y tế học đường,20.9595054,105.7474548
benh_vien,way/1192868591,Bệnh viện Lão khoa Trung ương,21.0036327,105.8395966
benh_vien,way/1192868592,Bệnh viện Da liễu Trung ương,21.003801,105.8387631
benh_vien,way/1192868593,Bệnh viện Tai-Mũi-Họng Trung ương,20.9996733,105.8405781
benh_vien,way/1194674333,Trạm y tế xã Thanh Trì,20.9473486,105.8455312
benh_vien,way/1198061247,Trạm y tế phường Phú Đô,21.0100401,105.7707645
benh_vien,way/1199772476,Trạm Y tế xã Phú Cường,21.2888825,105.4018143
benh_vien,way/1201121661,Điểm Y tế Cự Khối,21.0108765,105.9048925
benh_vien,way/1205244304,Bệnh viện Đa khoa Quốc tế Vinmec Times City,20.9959685,105.8666473
benh_vien,way/1208987601,Bệnh viện Đại học Y Hà Nội - Cơ sở Hoàng Mai,20.9786327,105.8690445
benh_vien,way/1209295530,Phòng khám Đa khoa Thu Cúc,20.9736652,105.8384178
benh_vien,way/1211601216,,21.40207,105.3154628
benh_vien,way/1212970235,Trạm Y tế phường Nghĩa Đô,21.0430459,105.7865388
benh_vien,way/1213225197,Trạm Y tế phường Nghĩa Tân,21.0443834,105.7956062
benh_vien,way/1215063381,Viện Y học dự phòng Quân đội,21.0121436,105.8217867
benh_vien,way/1217807977,Trạm y tế phường Thanh Trì,20.9945523,105.8856872
benh_vien,way/1219499690,Bệnh viện Đa khoa Hiệp Hoà,21.354303,105.9875811
benh_vien,way/1219506444,Trung tâm Y tế Bách khoa,21.0058763,105.8475247
benh_vien,way/1219690228,Phòng khám Đa khoa Hưng Thịnh,21.014931,105.8339127
benh_vien,way/1220410891,Bệnh viện Y học cổ truyền Hòa Bình,20.8239952,105.3546013
benh_vien,way/1220410892,Trung tâm Y tế khu vực Hoà Bình,20.8463898,105.332013
benh_vien,way/1220485446,Trung tâm Y tế khu vực Lương Sơn,20.8750676,105.52808
benh_vien,way/1220485453,Trung tâm Y tế khu vực Tân Lạc,20.6062346,105.2825271
benh_vien,way/1220485457,Trung tâm Y tế khu vực Lạc Thuỷ,20.4883851,105.7780673
benh_vien,way/1220485470,Trung tâm Y tế khu vực Kim Bôi,20.6806171,105.5208157
benh_vien,way/1220485471,Trung tâm Y tế khu vực Cao Phong,20.7090063,105.3268447
benh_vien,way/1220485481,Trung tâm Y tế khu vực Đà Bắc,20.8758132,105.2594512
benh_vien,way/1220522127,Bệnh viện Mắt tỉnh Phú Thọ,21.3293182,105.3796957
benh_vien,way/1220522130,Trung tâm Y tế huyện Tam Nông,21.2821399,105.2539481
benh_vien,way/1220522136,Trung tâm Y tế khu vực Lâm Thao,21.3183898,105.2882793
benh_vien,way/1220522138,Trung tâm Y tế khu vực Thanh Thuỷ,21.17821,105.284724
benh_vien,way/1220522139,Trung tâm Y tế khu vực Phù Ninh,21.4315328,105.2894421
benh_vien,way/1222155683,Bệnh viện Phục hồi chức năng Vĩnh Phúc,21.2879107,105.5916586
benh_vien,way/1222155684,Bệnh viện Giao thông Vĩnh Phúc,21.235653,105.6839017
benh_vien,way/1222155685,Trung tâm Y tế khu vực Phúc Yên,21.2543492,105.7118263
benh_vien,way/1222284704,Trạm y tế xã Đặng Xá,21.0289797,105.9593882
benh_vien,way/1226916473,Trạm y tế Cầu 14,21.0352666,105.913414
benh_vien,way/1230360617,Trạm y tế phường Xuân Tảo,21.0629649,105.8010849
benh_vien,way/1231849617,Bệnh viện Lão khoa Hà Nội,21.0645626,105.7469432
benh_vien,way/1232434937,Trạm y tế phường Mỹ Đình 2,21.0254414,105.7733134
benh_vien,way/1234857565,Trung tâm Y tế - Môi trường lao động Công Thương,21.0391356,105.8159994
benh_vien,way/1234955609,Won Clinic,21.0128129,105.8502425
benh_vien,way/1235566726,Điểm Y tế phường Nguyễn Du,21.012818,105.8508985
benh_vien,way/1243950304,Điểm Trạm Y Tế Hoàng Văn Thụ,20.9906391,105.8534446
benh_vien,way/1245995569,Nhà hộ sinh Đống Đa,21.0169494,105.8332492
benh_vien,way/1249932106,Trạm y tế phường Liễu Giai,21.0410904,105.8153138
benh_vien,way/1250198534,Điểm y tế Phúc Đồng,21.0427363,105.8970621
benh_vien,way/1251028877,Trạm Y tế phường Dịch Vọng,21.0332587,105.793479
benh_vien,way/1251537877,Điểm y tế Giang Biên,21.0630178,105.9180118
benh_vien,way/1253595073,Trạm Y tế phường Vĩnh Tuy,20.9995408,105.8737136
benh_vien,way/1259622895,Trạm Y tế phường Văn Quán,20.9741343,105.7867748
benh_vien,way/1263969676,Trạm Y tế xã Hồng Kỳ,21.316925,105.8536546
benh_vien,way/1264135484,Bệnh viện Phụ sản Trung ương cơ sở 2,20.9988257,105.6188931
benh_vien,way/1264135485,Bệnh viện Nhi Trung ương cơ sở 2,20.9989266,105.620953
benh_vien,way/1271990254,Phòng khám Đa khoa Đại Thịnh,21.1839855,105.724104
benh_vien,way/1272142010,Trạm Y tế xã Sen Phương (cơ sở 1),21.140229,105.5252994
benh_vien,way/1272142017,Trạm Y tế xã Sen Phương (cơ sở 2),21.146892,105.5427556
benh_vien,way/1274310922,Điểm Y tế Đồng Nhân,21.0128386,105.8558881
benh_vien,way/1278002279,Trạm Y tế xã An Khánh,21.0018505,105.7172444
benh_vien,way/1289786125,Phòng khám đa khoa khu vực Xuân Hoà,21.2811956,105.7296235
benh_vien,way/1296804724,Bệnh viện Nhi Hà Nội,20.9621783,105.7440708
benh_vien,way/1302800839,Phòng khám 28B Điện Biên Phủ,21.0308961,105.8413082
benh_vien,way/1304059480,,21.0322388,105.8256174
benh_vien,way/1304070604,,21.0319946,105.8327122
benh_vien,way/1308852110,Trạm Y Tế Xã Thụy Lâm,21.1736011,105.9003052
benh_vien,way/1311009356,Trạm Y tế xã Nghĩa Dân,20.7920274,106.0555518
benh_vien,way/1311570136,Trạm Y tế xã Gia Lâm,21.0083322,105.9440109
benh_vien,way/1313139535,Bệnh viện Mắt Hà Nội (Cơ sở Hà Đông),20.9716065,105.7730029
benh_vien,way/1318805350,Bệnh viện Đại học Phenikaa,21.0387401,105.7520043
benh_vien,way/1318933629,Bệnh viện Bưu điện,20.990462,105.831309
benh_vien,way/1321543806,Bệnh viện Than - Khoáng sản,20.9887265,105.8393028
benh_vien,way/1329802284,Trạm Y tế phường Phù Chẩn,21.094283,105.9694159
benh_vien,way/1331423712,Bệnh xá Công an Thành phố Bắc Ninh,21.1761097,106.0573428
benh_vien,way/1337156463,Bệnh viện Đa khoa Hồng Phúc,21.1679488,106.0460733
benh_vien,way/1337346596,Trạm Y tế phường Trang Hạ,21.1200605,105.9529687
benh_vien,way/1337759918,Trạm Y tế phường Châu Khê,21.1140789,105.9287852
benh_vien,way/1338625603,Phòng khám chuyên khoa Nhi,21.172045,106.0737075
benh_vien,way/1339401910,Bệnh viện KUSUMI,20.9635258,105.9326261
benh_vien,way/1346594501,Trạm Y tế phường Ninh Xá,21.1781881,106.0604329
benh_vien,way/1347025845,Trạm Y tế xã Liên Bão,21.1261942,106.0289382
benh_vien,way/1348010206,Trạm Y tế phường Vệ An,21.1847629,106.0625317
benh_vien,way/1348010207,Trạm Y tế phường Khúc Xuyên,21.1829724,106.0435262
benh_vien,way/1348010211,Trạm Y tế phường Tiền Ninh Vệ,21.1804677,106.0656932
benh_vien,way/1348010212,Trạm Y tế phường Suối Hoa,21.1819987,106.0711993
benh_vien,way/1349705548,Trạm Y tế xã Nội Duệ,21.1354062,106.008017
benh_vien,way/1357525079,Trạm Y tế phường Hòa Long,21.2167351,106.0539794
benh_vien,way/1359848816,Trạm Y tế xã Bạch Hạ,20.6927228,105.9534829
benh_vien,way/1363813966,Trạm Y tế xã Nam Phong,20.7555076,105.9211822
benh_vien,way/1364436380,Phòng khám Đa khoa Mai Hương,20.9984795,105.8513578
benh_vien,way/1370266208,area 09,21.0023669,105.9435612
benh_vien,way/1371643773,Trạm Y tế phường Đại Phúc,21.1734792,106.0782557
benh_vien,way/1371643774,Trạm Y tế phường Võ Cường,21.1681194,106.0484836
benh_vien,way/1374932209,Trạm Y tế phường Vạn An,21.1942989,106.0471796
benh_vien,way/1375031895,Trạm Y tế phường Khắc Niệm,21.1417023,106.0570501
benh_vien,way/1378932322,Bệnh viện Nam học và Hiếm muộn Hà Nội,20.9833576,105.8662465
benh_vien,way/1395273007,Bệnh viện Phụ sản Hà Nội (cơ sở 2),21.0110832,105.8602894
benh_vien,way/1395275680,Bệnh viện Phụ sản Hà Nội (cơ sở 3),20.9721687,105.7765643
benh_vien,way/1396497098,Bệnh viện Mắt Hồng Sơn,20.9881434,105.8414188
benh_vien,way/1410359400,Điểm Trạm Y Tế Mai Động,20.9910568,105.8653207
benh_vien,way/1410359407,Trạm Y tế phường Tây Tựu,21.049628,105.7420332
benh_vien,way/1413271461,Trạm y tế Mễ Trì,21.0117954,105.7757929
benh_vien,way/1414193006,Điểm Y tế Việt Hưng,21.0579632,105.8983118
benh_vien,way/1414193008,Điểm Y tế Đức Giang,21.059959,105.8964778
benh_vien,way/1414193009,Trạm Y tế phường Việt Hưng,21.0686796,105.9103408
benh_vien,way/1414193017,Điểm Y tế Yên Mỹ,20.945727,105.8717142
benh_vien,way/1415618753,Trung tâm Y tế khu vực Việt Trì,21.3348803,105.3748921
benh_vien,way/1415618772,Bệnh viện Xây dựng Việt Trì,21.3070025,105.4147726
benh_vien,way/1418941444,Trạm Y tế phường Tam Sơn,21.1468655,105.9707744
benh_vien,way/1420972082,Trạm Y tế phường Trí Quả,21.0462459,106.0302158
benh_vien,way/1421338871,Trạm Y tế xã Việt Đoàn,21.1094224,106.0372549
benh_vien,way/1421773641,Bệnh viện Đa khoa Tràng An,21.0256896,105.8353451
benh_vien,way/1422082083,Điểm y tế Phúc Lợi,21.0456487,105.928746
benh_vien,way/1423823582,Trạm Y tế phường Đồng Nguyên,21.1274214,105.9728589
benh_vien,way/1424527847,Trạm Y tế phường Yên Nghĩa,20.9544907,105.7376105
benh_vien,way/1429026430,Trạm Y tế phường Xuân Lâm,21.0245635,106.0198526
benh_vien,way/1429281853,Trạm Y Tế Xã Đại Đồng,20.9927248,106.0644051
benh_vien,way/1436337186,Trạm Y tế phường Long Biên,21.0232081,105.9150336
benh_vien,way/1437064254,,20.942641,105.9481028
benh_vien,way/1443021480,Trạm Y tế xã Đại Đồng Thành,21.0753721,106.0573939
benh_vien,way/1444629300,,21.0213834,105.9700349
benh_vien,way/1444728529,Phòng Khám Việt Nhật,20.9866594,106.0476605
benh_vien,way/1445436594,Trạm Y tế phường Tương Mai,20.9908603,105.8454341
benh_vien,way/1445774010,Trạm Y tế xã Yên Trung,21.2197638,105.9843686
benh_vien,way/1446011430,Trạm Y tế xã Thụy Hòa,21.2088181,106.0181709
benh_vien,way/1448373470,Trạm Y tế xã Cảnh Hưng,21.0834221,106.0288244
benh_vien,way/1451587784,Điểm trạm Y tế Bách Khoa,21.0032077,105.8489651
benh_vien,way/1451587785,Bệnh viện Tâm thần ban ngày Mai Hương,20.9987722,105.8512988
benh_vien,way/1453265869,Trạm y tế xã Hoài Đức - Điểm y tế Di Trạch,21.0479052,105.72273
benh_vien,way/1454075454,Trung tâm Y tế Phủ Lý,20.5512863,105.9254033
benh_vien,way/1454227440,Điểm trạm Y tế Tân Mai,20.9851596,105.8471414
benh_vien,way/1455377456,,20.9541718,105.9907075
benh_vien,way/1455377457,,20.9541854,105.9909339
benh_vien,way/1455377459,,20.9542406,105.9909286
benh_vien,way/1456180187,Bệnh Viện Vinmec,20.9388319,105.9911622
benh_vien,way/1456814208,Bệnh viện Mắt Quốc tế Việt - Nga Hà Nội,21.0389593,105.7936087
benh_vien,way/1458657760,Bệnh viện Đa khoa quốc tế Mặt Trời,21.0641963,105.7905128
benh_vien,way/1460746034,Điểm trạm Y tế Đồng Tâm,20.9936134,105.8419478
benh_vien,way/1461839855,,20.8720858,105.8585237
benh_vien,way/1462854553,Trạm Y tế xã Hoàn Sơn,21.1090993,105.9951628
benh_vien,way/1462920000,Trạm y tế xã Xuân Canh,21.0933898,105.8521612
benh_vien,way/1463382493,Điểm trạm Y tế Giáp Bát,20.9864553,105.8439655
benh_vien,way/1465630300,Phòng khám Đa Khoa Quốc Tế Việt Sing - Bắc Ninh,21.1732812,106.0546936
benh_vien,way/1466370423,Trạm y tế xã Ngọc Hồi,20.9071256,105.8305274
benh_vien,way/1466552766,Trạm Y Tế Xã Tàm Xá,21.1115072,105.8441361
benh_vien,way/1467294941,Bệnh viện Da liễu Bắc Ninh,21.2085335,106.0509606
benh_vien,way/1467720587,,20.9401779,105.9570972
benh_vien,way/1468500882,Bệnh viện Châm cứu Trung ương,21.0082178,105.8193783
benh_vien,way/1474196417,Trạm Y tế xã Minh Đạo,21.0862227,106.059415
benh_vien,way/1474895359,Bệnh viện Tâm Anh,21.0946342,105.8570299
benh_vien,way/1475181251,Trạm Y tế xã Đông Phong,21.1913643,106.0141909
benh_vien,way/1475272668,Trạm Y tế xã Tam Đa,21.2231628,106.0322293
benh_vien,way/1475290264,Điểm Y tế Định Công,20.9824854,105.8285806
benh_vien,way/1475443016,Bệnh viện chuyên khoa Nam học và Hiếm muộn Việt - Bỉ,20.9867755,105.839933
benh_vien,way/1476203006,Trạm Y tế xã Phú Lâm,21.1668247,106.0014067
benh_vien,way/1477395613,Trạm Y tế xã Hòa Tiến,21.2079992,105.9186393
benh_vien,way/1477395627,Trạm Y tế xã Trung Nghĩa,21.1866136,105.9612882
benh_vien,way/1477399107,Trạm Y tế xã Yên Phụ,21.2014351,105.9257631
benh_vien,way/1477812258,Trạm Y tế xã Đông Thọ,21.1690224,105.9506126
benh_vien,way/1478851261,Điểm Y tế Yên Sở,20.9658222,105.8689332
benh_vien,way/1478869794,Phòng khám Đa khoa Lĩnh Nam,20.9839264,105.8617803
benh_vien,way/1478877789,Trạm Y tế phường Hương Mạc,21.1519678,105.9297731
benh_vien,way/1479632528,Trạm Y tế phường Đông Ngàn,21.1174859,105.9643629
benh_vien,way/1479765266,Trung tâm Y tế phường Đình Bảng,21.1123364,105.9536442
benh_vien,way/1480749966,Trạm Y Tế Tân Tiến,20.9223912,105.9640283
benh_vien,way/1481173148,Điểm Trạm Y tế Phương Liệt,20.9956844,105.8401268
benh_vien,way/1482914838,Trạm Y tế xã Văn Môn,21.1676351,105.9300181
benh_vien,way/1486542414,Phòng khám đa khoa Quân y 76B,21.0012268,105.9665969
benh_vien,way/1493877595,Điểm y tế Ngọc Thụy,21.0570608,105.8678093
benh_vien,way/1499973535,Bệnh viện Đa khoa Hồng Phúc,21.1685044,106.0455258
benh_vien,way/1501952824,Trạm Y tế thị trấn Lim,21.1429497,106.0224116
benh_vien,way/1503681273,Bệnh viện Dệt May,20.9963692,105.8649135
benh_vien,way/1503819042,Phòng khám Đa khoa Hoàn Mỹ,21.1674979,106.0647465
benh_vien,way/1503819053,Phòng khám Đa khoa Bắc Hà,21.1668036,106.0644532
benh_vien,way/1505743248,,20.8468003,105.8490369
benh_vien,way/1509408602,,20.9669351,105.9563806
benh_vien,way/1510534495,Phòng khám Đa khoa Kỹ thuật cao Bệnh viện Hà Thành,21.025906,105.8283267
benh_vien,way/1512039676,,20.8678188,105.8545877
benh_vien,way/1512086664,,20.9803466,105.9587562
benh_vien,way/1512086665,,20.980498,105.958547
benh_vien,way/1521151736,Bệnh viện Phục hồi chức năng Hà Nội,20.9992611,105.8046132
benh_vien,way/1524880576,Phòng khám đa khoa Vĩnh Hưng (Bệnh viện Đại học Y Hà Nội) - Trạm Y tế phường Vĩnh Hưng,20.9820206,105.8823727
benh_vien,way/1527583721,Trạm y tế xã Thuận An,21.0262777,105.9875928
benh_vien,way/1534227653,Phòng khám Đa khoa Đại học Kinh Bắc,21.1940421,106.0725904
benh_vien,way/1539776096,Trạm Y tế Ngũ Thái - phường Song Liễu,21.0158749,106.0329043
benh_vien,way/1539776122,Trạm Y tế phường Song Liễu,21.0026173,106.015624
benh_vien,way/1539940400,Trạm Y tế xã Hiên Vân,21.1182589,106.0390947
benh_vien,way/1540197553,Trạm Y tế xã Long Châu,21.1919824,105.9867612
benh_vien,way/1540390064,Trạm Y tế xã Tam Giang,21.2238651,105.9435314
benh_vien,way/1540727672,Trạm Y tế xã Đình Tổ,21.0587284,106.0296989
benh_vien,way/1548031955,Trạm Y tế phường Hà Mãn,21.0276365,106.0316969
benh_vien,way/1552174118,Bệnh viện Lão khoa Hà Nội (cơ sở 2),21.0792518,105.7862076
dai_hoc,node/481837535,ĐH Chu Văn An CS2,20.9357261,106.0481806
dai_hoc,node/2093083282,Đại học RMIT - Cơ sở Hà Nội,21.0291095,105.8115454
dai_hoc,node/5132779523,Đại Học Sư Phạm Thể Dục Thể Thao,20.9394689,105.7083802
dai_hoc,node/6545240595,Khu B - Trường Sĩ quan Chính trị - Bộ Quốc phòng,21.1835259,106.0590959
dai_hoc,node/6557784984,Đại Học Nguyễn Trãi,21.0361826,105.8159056
dai_hoc,node/7216744997,Trung cấp Quân khí I,21.3580156,105.6361842
dai_hoc,node/7319349390,Trường trung cấp nghề Nam Thái Nguyên,21.4294632,105.8733512
dai_hoc,node/8823695658,Trường Đại học Khoa học và Công nghệ Hà Nội,21.048152,105.8011776
dai_hoc,node/8823695659,Học Viện Khoa Học Và Công Nghệ,21.0481017,105.8012606
dai_hoc,node/9109702917,Trường Đại học công nghiệp dệt may Hà Nội,21.0293821,106.0093056
dai_hoc,node/9593623734,Cao đẳng FPT Polytechnic,21.0380074,105.7468965
dai_hoc,node/10048614528,Trường Đại học Công nghệ Đông Á,21.0400027,105.741891
dai_hoc,node/10893013859,Trường Đại học Giáo dục - ĐHQGHN,20.991372,105.7974652
dai_hoc,node/10976263692,Trường Đại học Tài chính - Ngân hàng Hà Nội,21.0319516,105.7869939
dai_hoc,node/11609443059,Đại học Kinh tế,21.0379689,105.7828716
dai_hoc,node/11609443060,Đại học Luật,21.0378978,105.7824482
dai_hoc,node/11609443061,Đại học Công nghệ,21.0382738,105.7824572
dai_hoc,node/11609590538,Trường Đại học Y Dược,21.040311,105.7816961
dai_hoc,node/11943714035,Trường Đại học Việt Nhật (VJU),21.0328695,105.7624123
dai_hoc,node/12015164552,Trường Trung cấp Thủ đô,21.0314507,105.762243
dai_hoc,node/12069445484,Trường Trung cấp Cầu đường và Dạy nghề - Binh đoàn 12,20.9236804,105.7285857
dai_hoc,node/12203469051,Trường Cao đẳng Đại Việt,21.0311974,105.7628725
dai_hoc,node/12573506643,Tòa E3 - Đại học Công Nghệ,21.0382596,105.7826979
dai_hoc,node/12768042019,Trường Cao đẳng Ngoại ngữ và Công nghệ Hà Nội (Cơ sở 2),21.0446809,105.7417518
dai_hoc,node/12768043526,Trường Cao đẳng Ngoại ngữ và Công nghệ Hà Nội (Cơ sở 1),21.0443049,105.7528429
dai_hoc,node/12827765013,Trường Cao đẳng Y dược và Kinh tế Công nghệ,21.0530608,105.7845722
dai_hoc,node/12965560710,Trường Đại Học VinUni,20.9870474,105.9434573
dai_hoc,node/13041538591,Trường Cao Đẳng Công Nghệ Bắc Hà,21.1486599,105.9572918
dai_hoc,node/13058303799,Trường Đại học CMC (Cơ sở 2),20.9834045,105.7726713
dai_hoc,node/13173726138,Trường Cao đẳng Cơ điện và Xây dựng Bắc Ninh,21.1714063,106.0724333
dai_hoc,node/13208170077,Trường Đại Học Mở Hà Nội,20.9428812,105.94673
dai_hoc,node/13302249601,Học viện Thiết kế và Thời trang London,21.0671359,105.8209737
dai_hoc,node/13401656240,Trường Cao đẳng Dược Hà Nội,21.0230526,105.7385865
dai_hoc,node/13401656241,Trường Cao đẳng Kỹ thuật Y dược Hà Nội,21.0254025,105.7383481
dai_hoc,node/14058346304,Trường Cao đẳng Cơ điện và Xây dựng Cơ sở 2,21.1367632,106.0716206
dai_hoc,way/37770763,Học viện Kĩ thuật Quân sự,21.0483175,105.7856728
dai_hoc,way/199150831,Trường Đại học Ngoại thương,21.0225863,105.8051833
dai_hoc,way/199956925,Học viện Quốc phòng,21.043252,105.8015074
dai_hoc,way/217338578,Trường Đại học Xây dựng Hà Nội,21.003234,105.8430813
dai_hoc,way/219977469,Học viện Ngân hàng,21.0094586,105.8290726
dai_hoc,way/234564729,FPT Arena,21.0355548,105.8159128
dai_hoc,way/264109915,Trường Đại học Thăng Long,20.9762317,105.8157877
dai_hoc,way/264993982,Trung tâm Đào tạo Lao động xuất khẩu,21.15455,105.7702692
dai_hoc,way/267936675,Trường Cao đẳng Vĩnh Phúc,21.2421893,105.7010548
dai_hoc,way/287819547,Trường Đại học Thể dục thể thao Bắc Ninh,21.1247164,105.952464
dai_hoc,way/308164874,Trường Đại học Công nghệ Giao thông vận tải,20.9840114,105.7982219
dai_hoc,way/325023914,Trường Đại học Khoa học Tự nhiên,20.9959393,105.8080085
dai_hoc,way/398276334,Trường Đại học Tài nguyên và Môi trường Hà Nội,21.0462032,105.7621798
dai_hoc,way/480680319,Học viện Công nghệ Bưu chính Viễn thông,20.9809612,105.787077
dai_hoc,way/550031669,Học viện Khoa học Quân sự,21.0688241,105.7182172
dai_hoc,way/570572166,Học viện Ngoại giao,21.0226507,105.806331
dai_hoc,way/570572176,Trường Đại học Thương mại,21.036572,105.775009
dai_hoc,way/570573187,Học viện Thanh thiếu niên Việt Nam,21.0223145,105.8086525
dai_hoc,way/570586967,Học viện Tư pháp Việt Nam,21.0459415,105.7735714
dai_hoc,way/570587154,Học viện Múa Việt Nam,21.0381654,105.775978
dai_hoc,way/570590702,Khoa Ngôn ngữ và Văn hóa Pháp,21.0390306,105.7818205
dai_hoc,way/570591589,"Trường Cán bộ quản lý Văn hóa, Thể thao và Du lịch",21.0381622,105.7742942
dai_hoc,way/577203289,Trường Đại học Kinh doanh và Công nghệ Hà Nội,21.1021364,105.9583953
dai_hoc,way/579345020,Trường Cao đẳng Sư phạm Bắc Ninh,21.174226,106.0732676
dai_hoc,way/621979166,Trường Đại học Kiến trúc Hà Nội,20.9804085,105.7896307
dai_hoc,way/621979168,Học viện An ninh Nhân dân,20.9807452,105.7919806
dai_hoc,way/642181078,Trường Đại học Thành Đô,21.0650189,105.7229835
dai_hoc,way/649534650,"Trường Cao đẳng Kinh tế, Kỹ thuật và Thủy sản (khu 2)",21.0944389,105.9387407
dai_hoc,way/659860832,Trường Cao đẳng Điện lực Miền Bắc - cơ sở Yên Viên,21.0782674,105.9247772
dai_hoc,way/661138317,Trường Cao đẳng Xây dựng Công trình Đô thị,21.0914254,105.9037131
dai_hoc,way/698722897,Trường Đào tạo Cán bộ Lê Hồng Phong,21.0065366,105.8173652
dai_hoc,way/699218280,Học viện Cảnh sát Nhân dân,21.0670452,105.765308
dai_hoc,way/699218281,Trường Đại học Y tế Công cộng,21.0822026,105.7799987
dai_hoc,way/699218294,Trường Cán bộ Thanh tra,21.0766403,105.7770377
dai_hoc,way/699218317,Học viện Tài chính,21.0757833,105.7728046
dai_hoc,way/699218328,Học viện Cảnh sát nhân dân (Cơ sở 2),21.073604,105.7749798
dai_hoc,way/699218338,Trường Đại học Tài nguyên và Môi trường Hà Nội (cơ sở phụ),21.0739332,105.7767951
dai_hoc,way/699218352,Trường Đại học Mỏ - Địa chất,21.0724498,105.7738543
dai_hoc,way/701882931,Đại Chủng viện thánh Giuse Hà Nội,21.0276825,105.8485012
dai_hoc,way/704147251,Trường Cao đẳng Nghệ thuật Hà Nội,21.02294,105.8559839
dai_hoc,way/704159203,Trường Đại học Dược Hà Nội,21.0211555,105.858749
dai_hoc,way/704159204,Trường Đại học Khoa học Tự nhiên,21.0209114,105.8587395
dai_hoc,way/704292547,Trường Cao đẳng  Đường sắt,21.0556494,105.8763908
dai_hoc,way/777888670,Trường Đại học VinUni,20.9889167,105.9460198
dai_hoc,way/792420834,Trường Đại học Sư phạm Thể dục Thể thao Hà Nội,20.9367721,105.7094315
dai_hoc,way/800878327,Trường Đại học FPT,21.013538,105.5252156
dai_hoc,way/821395356,Trường Đại học Thủy lợi,21.0066924,105.8257726
dai_hoc,way/826346237,Trường Đại học Giao thông Vận tải,21.0277192,105.8026964
dai_hoc,way/828691769,Đại học Công nghiệp Hà Nội,21.054247,105.7352638
dai_hoc,way/829264861,Trường Đại học Điện lực,21.0469274,105.7852095
dai_hoc,way/829266414,Trường Đại học Hà Nội,20.9892798,105.7957075
dai_hoc,way/838172055,Học viện Quân y,20.9665518,105.7884356
dai_hoc,way/852583917,Trường Quân sự Bộ tư lệnh Thủ đô Hà Nội,21.1411198,105.4589387
dai_hoc,way/857425799,Trường Đại học Mỹ thuật Việt Nam,21.0221453,105.8424907
dai_hoc,way/860063998,Trường Cao đẳng Nghề Bách Khoa Hà Nội,21.0046694,105.8473285
dai_hoc,way/860064003,Trường Đại học Mở Hà Nội,21.001137,105.8478913
dai_hoc,way/860294715,Trường Cao đẳng Y tế Hà Nội,21.0261842,105.8318299
dai_hoc,way/862095210,Trường Đại học Mỹ thuật Công nghiệp,21.0234315,105.8238275
dai_hoc,way/862095212,Học viện Âm nhạc Quốc gia Việt Nam,21.0229519,105.8259549
dai_hoc,way/863471882,"Trường Đào tạo, bồi dưỡng Cán bộ Công thương Trung ương",20.9888413,105.876819
dai_hoc,way/870427259,Trường Đại học Trần Quốc Tuấn,21.0565178,105.5140646
dai_hoc,way/871887395,Trường Đại học Luật Hà Nội,21.0212581,105.81003
dai_hoc,way/875161095,Trường Đào tạo Vietcombank,20.966071,105.9332839
dai_hoc,way/875488223,Trường Đại học Hòa Bình,21.0317959,105.7658617
dai_hoc,way/875680710,Học viện Hành chính và Quản trị công,21.0229104,105.8108874
dai_hoc,way/876528925,Học viện Chính trị khu vực I,20.9962021,105.7971367
dai_hoc,way/876528926,Học viện Chính trị Quốc gia Hồ Chí Minh,21.044741,105.7883501
dai_hoc,way/880260994,Trường Cao đẳng Sư phạm Trung ương,21.0453651,105.7921518
dai_hoc,way/883081926,Trường Đại học Anh Quốc Việt Nam,20.9653498,105.9317625
dai_hoc,way/883183192,Trường Đại học Y Hà Nội,21.0140335,105.8588749
dai_hoc,way/886608518,Trường Lê Duẩn,21.0294026,105.8049239
dai_hoc,way/886615030,Trường Cao đẳng Cộng đồng Hà Nội,21.0165576,105.7948258
dai_hoc,way/888629818,Trường Cao đẳng nghề Công nghiệp Hà Nội,21.0130009,105.8151075
dai_hoc,way/892554716,Học viện Khoa học Xã hội,20.9894832,105.8011523
dai_hoc,way/895143473,Học viện Nông nghiệp Việt Nam,21.0098213,105.9324141
dai_hoc,way/902641890,Trường Cao đẳng Lý Thái Tổ,21.0968037,105.9634499
dai_hoc,way/906631345,Trường Đại học Văn hóa Nghệ thuật Quân đội,21.0172185,105.8073682
dai_hoc,way/906732060,Học viện Phụ nữ Việt Nam,21.0194894,105.8071746
dai_hoc,way/906733535,Học viện Báo chí và Tuyên truyền,21.0375871,105.7889046
dai_hoc,way/908664430,Trường Cao đẳng nghề Long Biên,21.0285309,105.92074
dai_hoc,way/914749542,Trường Cao đẳng Y tế Hà Đông,20.970537,105.7726457
dai_hoc,way/923220611,Đại học Quốc gia Hà Nội tại Hòa Lạc,21.0056905,105.5035141
dai_hoc,way/925941337,Trường Đại học Lâm nghiệp,20.9104037,105.5746642
dai_hoc,way/939272956,Trường Đại học Chính trị,20.9863177,105.5131028
dai_hoc,way/940668400,Trường Đại học Thủ đô Hà Nội (cơ sở 3),21.0448084,105.8098634
dai_hoc,way/942415474,Học viện Chính trị,20.9738368,105.7697884
dai_hoc,way/944109887,Trường Cao đẳng An ninh Nhân dân I,21.2438705,105.852745
dai_hoc,way/947089970,Trung tâm Bồi dưỡng Chính trị thị xã Sơn Tây,21.1416625,105.5076627
dai_hoc,way/951204738,Học viện Biên phòng,21.113573,105.4930236
dai_hoc,way/951204739,Trường Cao đẳng Hậu cần 1,21.1192672,105.5020782
dai_hoc,way/951420403,Trường Sĩ quan Pháo binh,21.1103008,105.4806679
dai_hoc,way/951420407,Học viện Phòng không Không quân,21.0991044,105.4829812
dai_hoc,way/952866870,Trường Đại học Y khoa Tokyo Việt Nam,20.9643105,105.9336309
dai_hoc,way/954542101,Trường Cao đẳng Thương mại và Du lịch Hà Nội,21.0397384,105.7794277
dai_hoc,way/958618334,Trường Cao đẳng Bách Nghệ Hà Nội,21.0273031,105.7746634
dai_hoc,way/958652600,Trường Trung cấp Kỹ thuật Tin học Hà Nội (cơ sở 2),21.0093127,105.830621
dai_hoc,way/962493738,Trường Đại học Lao động - Xã hội,21.0122673,105.8024559
dai_hoc,way/962831150,Trường Cao đẳng Y tế Hà Nội (cơ sở 2),21.0435581,105.8506886
dai_hoc,way/962831169,Trường Cao đẳng Điện tử - Điện lạnh Hà Nội,21.0369488,105.7971183
dai_hoc,way/963557968,Học viện Hành chính và Quản trị công,21.0675252,105.8048867
dai_hoc,way/963557982,Trường Đại học Kinh tế Kỹ thuật Công nghiệp,20.995731,105.8656012
dai_hoc,way/964423857,Trường Cao đẳng Công nghiệp Bắc Ninh,21.1794721,106.0773735
dai_hoc,way/971276880,Trường Đại học Sư phạm Kỹ thuật Hưng Yên,20.8454319,106.0079509
dai_hoc,way/973215954,Trường Đại học Đại Nam,20.9471049,105.7592514
dai_hoc,way/973433275,Đại học Phenikaa,20.9610991,105.7474566
dai_hoc,way/974927202,Trường Chính trị Nguyễn Văn Linh,20.6634642,106.0571543
dai_hoc,way/974927231,Trường Cao đẳng Kinh tế - Kỹ thuật Tô Hiệu Hưng Yên,20.6662952,106.0531706
dai_hoc,way/975147044,Trường Cao đẳng Y tế Hưng Yên,20.6661879,106.0618942
dai_hoc,way/975270311,Trường Đại học Thủ đô Hà Nội (cơ sở 2),21.24885,105.8277571
dai_hoc,way/975343334,Học viện Phật giáo Việt Nam tại Hà Nội,21.2859139,105.8322448
dai_hoc,way/976255132,Trường Đào tạo và Phát triển Nguồn nhân lực VietinBank,21.0244087,105.7369583
dai_hoc,way/978607793,Trường Cao đẳng Cộng đồng Hưng Yên,20.670407,106.0626211
dai_hoc,way/982139385,Trường Cao đẳng Giao thông Vận tải Trung ương I,21.1628411,105.4202058
dai_hoc,way/988243338,Trường Cao đẳng Phát thanh - Truyền hình I,20.5404651,105.9190955
dai_hoc,way/992400327,Trường Đại học Công nghiệp Việt - Hung,21.1114506,105.444083
dai_hoc,way/995113701,Trường Cao đẳng Công nghiệp và Công nghệ Thực phẩm,21.3275393,105.3915456
dai_hoc,way/995113750,Trường Cao đẳng Công nghiệp và Thương mại (cơ sở 3),21.2567816,105.7162883
dai_hoc,way/995148639,Trường Cao đẳng Công nghiệp Hưng Yên,20.9387593,106.0302157
dai_hoc,way/995208909,Trường Cao đẳng Kinh tế Công nghiệp Hà Nội,20.9537567,105.8088538
dai_hoc,way/995446305,Trường Đại học Công nghiệp Việt Trì,21.3880513,105.2979166
dai_hoc,way/995446323,Trường Đại học Công nghiệp Việt Trì (cơ sở 2),21.3126964,105.3995636
dai_hoc,way/1016747264,Học viện Chính sách và Phát triển,20.993641,105.7118519
dai_hoc,way/1023330893,Trường Cao đẳng Du lịch Hà Nội,21.0469244,105.7837511
dai_hoc,way/1023330894,Trường Cao đẳng Văn hóa Nghệ thuật Tây Bắc,20.8426444,105.3486653
dai_hoc,way/1023514808,Trường Cán bộ quản lý Nông nghiệp và Phát triển nông thôn,20.9328138,105.8449589
dai_hoc,way/1034772127,Trường Cao đẳng Cơ điện Hà Nội (Cơ sở Phú Xuyên - Cơ sở 7),20.7831833,105.9130622
dai_hoc,way/1043718295,Trường Cao đẳng Sư phạm Hoà Bình,20.7866627,105.3498977
dai_hoc,way/1043718296,Trường Cao đẳng Kinh tế - Kỹ thuật Hoà Bình,20.7869402,105.3484105
dai_hoc,way/1047437396,Đại học Quốc gia Hà Nội,21.0388912,105.7824312
dai_hoc,way/1056368107,Trường Cao đẳng Cơ điện và Xây dựng Bắc Ninh,21.1713752,106.0723858
dai_hoc,way/1057877958,Trường Đại học Công nghiệp và Thương mại Hà Nội,21.0281577,106.0104059
dai_hoc,way/1057877968,Trường Đại học Công nghiệp và Thương mại Hà Nội,21.0375776,106.0116608
dai_hoc,way/1058072005,Trường Đại học Đại Nam (cơ sở 2),20.9993957,105.8088702
dai_hoc,way/1058072007,Trường Cao đẳng Công thương Hà Nội,20.9988563,105.8091096
dai_hoc,way/1058111003,Trường Đại học Kiểm sát,20.9687173,105.7471484
dai_hoc,way/1063218194,"Trường Trung cấp Văn hoá, Thể thao và Du lịch Thành phố Bắc Ninh",21.1828957,106.0624294
dai_hoc,way/1064289890,Trường Trung cấp nghề Hermann Gmeiner Việt Trì,21.3317308,105.3964888
dai_hoc,way/1066700492,Trường Cao đẳng nghề Việt Nam - Hàn Quốc,21.175197,105.8575758
dai_hoc,way/1066700493,Trường Trung cấp Kinh tế - Kỹ thuật Bắc Thăng Long,21.1313674,105.7769245
dai_hoc,way/1066900810,Trường Cao đẳng Cơ điện Hà Nội (Cơ sở Sóc Sơn - Cơ sở 4),21.2198522,105.8606603
dai_hoc,way/1066900814,Trường Cao đẳng Cơ điện Tây Bắc,20.4883706,105.7962701
dai_hoc,way/1066900816,Trường Cao đẳng Cơ điện Hà Nội (Cơ sở 5),21.239049,105.7028397
dai_hoc,way/1066900819,Trường Cao đẳng Công nghiệp và Thương mại,21.2399565,105.7027122
dai_hoc,way/1066900821,Trường Cao đẳng Cơ điện Hà Nội (Trụ sở chính),21.0446062,105.7762567
dai_hoc,way/1066900822,Trường Cao đẳng Cơ điện Hà Nội (cơ sở Xuân Mai),20.8898613,105.5701342
dai_hoc,way/1066900823,Trường Cao đẳng Cơ điện và Thuỷ lợi Bắc Bộ,20.8368584,106.0121056
dai_hoc,way/1066900826,Trường Cao đẳng Cơ điện và Thủy lợi Bắc Bộ,20.531054,105.9278134
dai_hoc,way/1067042494,Trường Cao đẳng Cơ khí Nông nghiệp,21.3004102,105.6509681
dai_hoc,way/1067047461,Trường Cao đẳng Giao thông vận tải Trung ương I (cơ sở Bắc Từ Liêm),21.088378,105.7850093
dai_hoc,way/1067048735,Phân hiệu Học viện Tài chính tại tỉnh Hưng Yên,20.9550151,105.9967195
dai_hoc,way/1067048736,Phân hiệu Học viện Tài chính tại tỉnh Hưng Yên (cơ sở 2),20.980091,105.9811187
dai_hoc,way/1067453685,Trường Cao đẳng Xây dựng số 1,20.990061,105.7863112
dai_hoc,way/1067453692,Trường Cao đẳng nghề Việt-Xô số 1,21.2914789,105.7215494
dai_hoc,way/1077007433,Trường Cao đẳng Công nghệ và Thương mại Hà Nội,21.0876164,105.7187648
dai_hoc,way/1077007441,Trường Cao đẳng nghề Kỹ thuật Công nghệ,21.1644577,105.8440272
dai_hoc,way/1077007453,Trường Cao đẳng Kỹ thuật và Mỹ nghệ Việt Nam,20.9952982,105.9666086
dai_hoc,way/1077029464,Trường Cao đẳng Công nghệ cao Hà Nội (Cơ sở 1),21.0205401,105.7500239
dai_hoc,way/1077029466,Học viện Toà án,21.0252018,105.997675
dai_hoc,way/1077033612,Học viện Y Dược học cổ truyền Việt Nam,20.9846905,105.7923929
dai_hoc,way/1077033616,Trường Đại học Phương Đông,21.0159033,105.7937776
dai_hoc,way/1077637429,Trường Đại học Công nghệ và Quản lý Hữu Nghị,20.9828052,105.8652085
dai_hoc,way/1077637432,Trường Đại học Kinh tế - Kỹ thuật Công nghiệp (cơ sở 218 Lĩnh Nam),20.9799841,105.8755903
dai_hoc,way/1077637439,Đại học Công nghiệp Hà Nội (cơ sở 2),21.0758913,105.7298171
dai_hoc,way/1077637442,Đại học Công nghiệp Hà Nội (cơ sở 3),20.541862,105.8948104
dai_hoc,way/1077637443,Trường Đại học Công nghiệp Việt-Hung (cơ sở Thạch Thất),21.0203034,105.6073444
dai_hoc,way/1077637447,Trường Đại học Điện lực (cơ sở 2),21.252582,105.867176
dai_hoc,way/1078177954,Trường Đại học Thủ đô Hà Nội,21.0361362,105.8012079
dai_hoc,way/1079368029,Trường Đại học Kiến trúc Hà Nội (cơ sở Vĩnh Phúc),21.2800667,105.7278788
dai_hoc,way/1079368032,Trường Cao đẳng Cơ điện Hà Nội (Cơ sở Xuân Hoà - Cơ sở 3),21.2870927,105.7196072
dai_hoc,way/1079654519,Trường Cao đẳng Y tế Hà Nam,20.5355975,105.9073744
dai_hoc,way/1079654522,Phân hiệu Hà Nam - Trường Đại học Sư phạm Hà Nội,20.5428742,105.9032922
dai_hoc,way/1079654523,Trường Chính trị Hà Nam,20.5422708,105.9046012
dai_hoc,way/1079654529,Trung tâm Giáo dục thường xuyên - Hướng nghiệp Phủ Lý,20.5319094,105.9262336
dai_hoc,way/1079732707,"Trường Cao đẳng Kinh tế, Kỹ thuật và Thuỷ sản",21.1030267,105.9384372
dai_hoc,way/1086689913,Trường Cao đẳng nghề số 2 - Bộ Quốc phòng (cơ sở 3),21.2864473,105.5497659
dai_hoc,way/1091482435,Trường Cao đẳng Vĩnh Phúc,21.3195367,105.6018385
dai_hoc,way/1091482437,Trường Cao đẳng Kỹ thuật - Công nghệ Vĩnh Phúc (cơ sở 2),21.3223031,105.6048368
dai_hoc,way/1103516902,Học viện Cán bộ quản lý xây dựng và đô thị,20.979458,105.7892092
dai_hoc,way/1112438739,Trường Cao đẳng Công nghệ cao Hà Nội (cơ sở 2),20.9949064,105.795883
dai_hoc,way/1118212094,Trung tâm Giáo dục nghề nghiệp - Giáo dục thường xuyên Cầu Giấy,21.0352279,105.7830831
dai_hoc,way/1118332823,Học viện Công nghệ Bưu Chính Viễn Thông,21.0469277,105.791988
dai_hoc,way/1118511791,Học viện Biên phòng,21.0320756,105.7772624
dai_hoc,way/1123474616,Học viện Tư pháp cơ sở cũ,21.0402587,105.7866808
dai_hoc,way/1125397331,Trường Cao đẳng Kỹ thuật - Công nghệ Bách Khoa,20.8913246,105.8584438
dai_hoc,way/1147594076,Học viện Tài chính (cơ sở Hòa Lạc),21.0215617,105.527591
dai_hoc,way/1152607802,Trường Đại học Phương Đông,20.9940825,105.8538224
dai_hoc,way/1152638430,Trường Đại học Công nghệ Giao thông Vận tải (cơ sở Vĩnh Phúc),21.2915588,105.585333
dai_hoc,way/1162059699,Trường Cao đẳng Truyền hình,20.8684409,105.8572635
dai_hoc,way/1165329234,Trường Đại học Phòng cháy chữa cháy,21.0003064,105.7943455
dai_hoc,way/1171650797,Trường Cao đẳng nghề Hà Nam,20.5615379,105.9192896
dai_hoc,way/1171650815,Trường Cao đẳng Kỹ thuật Công nghệ Hoà Bình,20.7941896,105.3547214
dai_hoc,way/1172381259,Học viện Kỹ thuật Mật mã,20.9808071,105.7963145
dai_hoc,way/1175934342,Học viện Hậu cần,21.0653074,105.8758943
dai_hoc,way/1176141308,Trường Cao đẳng Công nghiệp Quốc phòng,21.0634197,105.8786087
dai_hoc,way/1178052602,Học viện Ngân hàng - Phân viện Bắc Ninh,21.1852307,106.0694229
dai_hoc,way/1181961551,Trường Đại học Kinh doanh và Công nghệ Hà Nội,20.9996634,105.8779734
dai_hoc,way/1181961560,Trường Đại học Lao động - Xã hội (cơ sở Sơn Tây),21.1124135,105.4401237
dai_hoc,way/1181964362,Trường Đại học Tài chính - Ngân hàng Hà Nội,21.0759601,105.7855892
dai_hoc,way/1184218221,Trường Cao đẳng Phát thanh - Truyền hình I (cơ sở 2),20.5514279,105.9331234
dai_hoc,way/1184610574,Trường Trung cấp Kỹ thuật Công binh,21.2279834,105.3562538
dai_hoc,way/1188566891,Học viện Chính sách và Phát triển - Phân hiệu Bắc Ninh,21.1846156,106.0564047
dai_hoc,way/1190565117,Học viện Hành chính và Quản trị công,21.0727518,105.8004336
dai_hoc,way/1190749714,Trường Cán bộ quản lý Nông nghiệp và Phát triển nông thôn (cơ sở 2),21.0941866,105.8522181
dai_hoc,way/1190850437,Trường Cao đẳng Cộng đồng Hà Tây,20.862739,105.5787187
dai_hoc,way/1191350101,Thao trường Học viện Biên phòng Cơ sở 1,21.0851354,105.4093939
dai_hoc,way/1192137769,Trường Quân sự tỉnh Hòa Bình,20.8459303,105.3461598
dai_hoc,way/1192929296,Trường Cao đẳng Y tế và Thiết bị Việt Đức,21.0021026,105.8370342
dai_hoc,way/1193709558,Trường Cao đẳng Công nghiệp Hóa chất,21.3567819,105.296617
dai_hoc,way/1193885054,Trường Đại học Xây dựng Hà Nội (cơ sở 2),20.5995653,105.9347835
dai_hoc,way/1194241499,Trường Cao đẳng Công nghiệp và Công nghệ Thực phẩm (cơ sở 2),21.4096433,105.3186895
dai_hoc,way/1198891357,Học viện Tài chính,21.0792233,105.7796145
dai_hoc,way/1212917308,Trung tâm Giáo dục nghề nghiệp - Giáo dục thường xuyên Nguyễn Văn Tố,21.0323039,105.849097
dai_hoc,way/1213848472,Trung tâm Giáo dục Quốc phòng & An ninh - Trường Đại học Sư phạm Hà Nội 2,21.2884929,105.7191465
dai_hoc,way/1216451393,Trường Trung cấp Nghiệp vụ và Dạy nghề Công đoàn Hà Nội,21.0073245,105.8226083
dai_hoc,way/1220410890,Trường Trung cấp Y tế Hoà Bình,20.8248979,105.3526019
dai_hoc,way/1224927914,Trường Cao đẳng Kinh tế - Kỹ thuật Trung ương,20.9968847,105.9681869
dai_hoc,way/1227072576,Trường Cao đẳng Công nghệ cao Hà Nội (cơ sở 3),21.0161608,105.7747101
dai_hoc,way/1227075973,Trường Cao đẳng Thông tin và Truyền thông,21.046068,105.751838
dai_hoc,way/1227272605,Trường Cao đẳng Công nghiệp Hưng Yên (cơ sở 2),21.1313983,105.9556051
dai_hoc,way/1227272606,Trường Đại học Luật Hà Nội,21.1325734,105.9736015
dai_hoc,way/1227286636,Trường Cao đẳng Hà Nội,20.9479848,105.8213037
dai_hoc,way/1227286637,Trường Cao đẳng Cơ điện Hà Nội (Cơ sở 2),20.9425836,105.8406858
dai_hoc,way/1230069760,Trường Bồi dưỡng cán bộ giáo dục Hà Nội,21.0184184,105.7899729
dai_hoc,way/1234857559,Khoa Kinh tế - Đại học Mở Hà Nội,20.988566,105.8766856
dai_hoc,way/1234857563,Đại học Mở Hà Nội - Khoa Luật,20.9891379,105.8766015
dai_hoc,way/1240696462,Trường Cao đẳng Kỹ thuật - Công nghệ Vĩnh Phúc,21.3021308,105.5615356
dai_hoc,way/1248223562,Trường Quản trị Và Kinh Doanh,21.0379805,105.78138
dai_hoc,way/1292765533,Học viện Ngân hàng - Cơ sở đào tạo Sơn Tây,21.1149834,105.4852884
dai_hoc,way/1294635783,Trường Cao đẳng Công nghiệp và Thương mại (cơ sở 2),21.2735638,105.7421724
dai_hoc,way/1294898491,Trường Cao đẳng Cảnh sát nhân dân I,20.8887904,105.5776266
dai_hoc,way/1294976834,Trường Đại học Mỏ - Địa chất (khu B),21.0690138,105.7611469
dai_hoc,way/1296567078,Trường Cao đẳng nghề Sông Đà,20.8418996,105.3452242
dai_hoc,way/1296661239,Trường Trung cấp Kinh tế Kỹ thuật Thương mại Hà Nội,21.003173,105.7508189
dai_hoc,way/1322067049,Học viện Khoa học Quân sự,20.9878372,105.8332304
dai_hoc,way/1330092962,Trường Đại học Công đoàn (cơ sở 2),20.9221248,106.0179031
dai_hoc,way/1334384226,Trường Đại học Kinh Bắc,21.1940158,106.0735139
dai_hoc,way/1363755568,Trường Cao đẳng Kỹ thuật - Nghiệp vụ Hà Nội,21.0118863,105.8073062
dai_hoc,way/1392935481,Học viện Kỹ thuật Quân sự - Cơ sở Xuân Phương,21.0400594,105.7493758
dai_hoc,way/1412670973,Trường Chính trị Nguyễn Văn Cừ,21.1814089,106.0560791
dai_hoc,way/1412758909,Trường Cao đẳng Y tế Bắc Ninh,21.1457883,106.071973
dai_hoc,way/1419194448,,21.1486925,105.9570905
dai_hoc,way/1423917012,Trường Trung cấp Y tế Trung ương,21.1877008,106.0498904
dai_hoc,way/1426043390,Trường Cao Đẳng Công Thương Quốc Tế - Cơ sở Bắc Ninh,21.1299597,106.0134191
dai_hoc,way/1427553251,Trường Đại học Công nghệ Đông Á,21.1478367,106.0409428
dai_hoc,way/1434059038,Trung tâm Công nghệ cao - Trường Cao đẳng Công nghiệp Bắc Ninh,21.1783776,106.0795571
dai_hoc,way/1437064257,,20.9426426,105.9468619
dai_hoc,way/1444975577,Trường Trung cấp nghề Nấu ăn - Nghiệp vụ Du lịch và Thời trang Hà Nội (cơ sở 4),21.1290213,105.5098882
dai_hoc,way/1454805392,Trường Cao đẳng Nghề Phú Thọ,21.3550032,105.3512523
dai_hoc,way/1455776209,Khu B - Trường Sĩ quan Chính trị - Bộ Quốc phòng,21.1837503,106.0593785
dai_hoc,way/1455979191,Trung tâm Kỹ năng thực hành cơ giới đường bộ - Trường CĐN GTVT TW1,20.9889389,105.8423781
dai_hoc,way/1458441025,Trường Đại học Hùng Vương,21.3388297,105.3831019
dai_hoc,way/1462854575,Trường Cao đẳng nghề số 1 - Cơ sở Tiên Du,21.137354,106.023037
dai_hoc,way/1463043028,Trường Cao đẳng Y Dược Tuệ Tĩnh Hà Nội,21.0438356,105.7616984
dai_hoc,way/1475313025,Khoa Công nghệ Thông tin - Đại học Mở Hà Nội,20.9852778,105.8387058
dai_hoc,way/1482908198,Trường Trung cấp Y dược Lê Hữu Trắc,20.9778528,105.8230764
dai_hoc,way/1495143532,Trường Trung Cấp Kinh Tế - Kỹ Thuật Bắc Ninh,21.1885173,106.0739578
dai_hoc,way/1497686726,Học viện Công nghệ Bưu chính Viễn thông - Cơ sở đào tạo Ngọc Trục,20.9850293,105.7677732
dai_hoc,way/1529285654,Trường Đại học Intracom,20.6540927,106.0670505
dai_hoc,way/1537049528,Trường Cao đẳng nghề số 1 - Cơ sở Hiệp Hòa,21.3465699,105.9868403
dai_hoc,way/1544076709,Học viện Dân tộc,21.2114629,105.7510075
dai_hoc,way/1545900027,Trường Cao đẳng Cơ điện và Xây dựng Cơ sở 2,21.1367061,106.0718543
dai_hoc,way/1550064120,Trưng Trung cấp Tuệ Tĩnh - Trung tâm Nghiên cứu và Thực hành sản xuất Dược,21.1189476,105.9808323
